{"type":"FeatureCollection", "features": [
{"type":"Feature","geometry":{"type":"Polygon","coordinates":[[[85.1159569,54.43783],[84.8441692,54.3418796],[84.798624,54.3446864],[84.5760162,54.2358862],[84.5483466,54.1625597],[84.4597605,54.1458656],[84.1876019,54.1722011],[83.9015241,54.0948609],[83.5541405,54.1092291],[83.4759464,54.0632094],[83.488263,53.9783164],[83.3491966,53.9342806],[83.3061014,54.0648664],[83.1978437,54.0658048],[83.0886125,53.9906407],[82.714469,53.7775176],[82.760436,53.7497528],[82.6210752,53.6692613],[82.6655532,53.6423025],[82.5021258,53.5473106],[82.4869823,53.4939691],[82.3373428,53.5278978],[82.1874204,53.6379929],[81.9420699,53.7134878],[81.7876976,53.7230102],[81.7210567,53.8433349],[81.8363903,53.8711],[81.8325389,53.9642994],[81.5657007,54.004292],[81.4676176,54.0756577],[81.1266517,54.1173423],[81.0877821,54.1961424],[80.9789207,54.304086],[80.9517245,54.375455],[80.8121569,54.3433616],[80.7971163,54.2575696],[80.5348934,54.1695466],[80.4597615,54.1155699],[80.218595,54.0315194],[80.1916334,54.0794639],[80.050758,54.0447297],[80.0931794,53.9905106],[79.8496577,53.8910806],[79.7589923,53.835498],[79.6236994,53.7945381],[79.6395902,53.7436991],[79.4218173,53.6781622],[79.25787,53.6773163],[79.0406401,53.6526804],[78.9420881,53.6766374],[78.7922055,53.6583542],[78.6520925,53.5823173],[78.6446885,53.5131975],[78.4217035,53.5123353],[78.3632249,53.4755521],[78.2586642,53.5088334],[78.2324067,53.6168551],[78.1087448,53.5761242],[77.9103656,53.5724644],[77.9224283,53.4484096],[77.8891426,53.3673743],[77.9065061,53.29141],[78.3060019,52.8844529],[78.7637887,52.3775917],[79.1119121,52.0030855],[79.4091384,51.6155729],[79.5326896,51.4664616],[79.7316539,51.1910062],[80.0758658,50.7382076],[80.083038,50.8281677],[80.1849175,50.827367],[80.1929508,50.9003662],[80.3759666,50.927119],[80.4822429,50.9686871],[80.4822163,51.109428],[80.4470866,51.2082857],[80.6346995,51.2068038],[80.6776732,51.3167498],[80.9406108,51.2592571],[80.9198003,51.219025],[81.1769757,51.1617059],[81.1029345,51.0605741],[81.0597635,50.9479034],[81.4125874,50.9757418],[81.435616,50.8631523],[81.4859883,50.8241775],[81.4493382,50.755926],[81.5825039,50.7423881],[81.7967795,50.7719818],[81.8854154,50.804307],[82.078382,50.7508377],[82.2224367,50.7369171],[82.350775,50.7756261],[82.5674696,50.7468424],[82.7391939,50.8504319],[82.7328173,50.9272716],[82.9110477,50.9076824],[83.2020454,50.9933378],[83.4071645,51.0131887],[83.4474816,50.9771369],[83.648704,50.9547766],[83.7116038,50.8933514],[83.833666,50.8800221],[83.9643364,50.8009987],[83.9510436,50.7463971],[84.0804183,50.639877],[84.3935618,50.7060588],[84.473729,50.6870783],[84.5804336,50.8299968],[84.4707505,50.8596556],[84.4906964,50.9480592],[84.2221677,50.9873773],[83.9785261,51.0694985],[83.9481025,51.144497],[84.0420415,51.1537399],[84.1206559,51.0712374],[84.199215,51.2382801],[84.2564708,51.2826126],[84.386597,51.2657995],[84.4570116,51.3160848],[84.63972,51.3532642],[84.7161565,51.4267991],[84.8513563,51.4427131],[84.9959456,51.5143556],[85.1110375,51.5240955],[85.244031,51.4991616],[85.3259333,51.5613003],[85.4442581,51.5633895],[85.5029489,51.7012428],[85.7028371,51.7324695],[85.7713193,51.8155472],[85.7499095,51.8672419],[85.8535609,51.8910534],[85.8175299,51.9711542],[85.8899027,52.0269223],[85.9188426,52.1056625],[86.0849345,52.0773649],[86.1685121,52.0397952],[86.4030439,52.0362193],[86.4564206,52.1283901],[86.6488309,52.1056691],[86.7263583,52.1389907],[86.781098,52.294582],[86.6935792,52.2947994],[86.6424048,52.4025751],[86.6686938,52.5152717],[86.7949166,52.5148083],[86.7815037,52.6041512],[86.9367259,52.6545237],[87.0527532,52.660268],[87.1269496,52.6153393],[87.1686505,52.6960895],[87.0532426,52.7048927],[86.9124241,52.8469714],[87.0079139,52.8991838],[87.0545776,53.0412227],[86.857245,53.0938231],[86.64421,53.1804644],[86.6301319,53.2486275],[86.7532102,53.2637076],[86.8742682,53.3602632],[86.863386,53.4391718],[86.5388654,53.527643],[86.356063,53.6607233],[86.3003849,53.8299518],[86.1841392,53.8116257],[86.1242538,53.9808962],[85.8712534,54.0375565],[85.7490447,54.1642941],[85.5384776,54.2245634],[85.4177842,54.1855444],[85.1599718,54.4531098],[85.1159569,54.43783]]]},"properties":{"shapeName":"Altai Krai","shapeISO":"RU-ALT","shapeID":"28173009B80457268982215","shapeGroup":"RUS","shapeType":"ADM1"}},
{"type":"Feature","geometry":{"type":"Polygon","coordinates":[[[42.442326,54.8253986],[42.3880672,54.780686],[42.4784005,54.6905652],[42.5871879,54.7026037],[42.6512667,54.5875947],[42.568225,54.5056443],[42.5674364,54.4427095],[42.4774518,54.29883],[42.3959308,54.2545593],[42.5855053,54.1782304],[42.4174583,54.1033914],[42.2619573,54.0876559],[42.4446692,53.9960753],[42.3509694,53.8537291],[42.4985958,53.7347762],[42.556252,53.8005011],[42.8375979,53.8142323],[42.9320943,53.7957009],[43.1087313,53.8942429],[43.1827778,53.968601],[43.3115997,54.0241427],[43.4589218,53.9789497],[43.5363672,54.0145552],[43.6145245,53.9668323],[43.7464042,53.9594621],[43.9247815,53.8736564],[43.9274522,53.770688],[44.1487369,53.7043631],[44.414121,53.6978572],[44.4597679,53.6634654],[44.5866615,53.6662021],[44.7314126,53.7060374],[44.6038241,53.798975],[44.6032614,53.8716125],[44.8314587,53.9632515],[45.0958209,53.952297],[45.1830564,53.9682469],[45.3425846,53.8693105],[45.4154348,53.8978805],[45.6616752,53.9181537],[45.8136335,53.9757159],[45.8973705,54.0635238],[46.0642328,54.1708563],[46.3427551,54.191543],[46.3858495,54.2335833],[46.6845181,54.3043363],[46.7230155,54.4001161],[46.5358833,54.3991427],[46.5249537,54.6552023],[46.4217256,54.6883012],[46.4430232,54.7616591],[46.3820177,54.830457],[46.4105911,54.8740716],[46.2490716,54.9793119],[46.0620372,55.0477131],[45.960197,54.9968714],[45.7499984,55.0023384],[45.72766,55.1846325],[45.5931262,55.1657702],[45.5697808,55.1015169],[45.4228804,55.0381762],[45.4268458,54.8855284],[45.2307012,54.8772851],[45.2206581,54.7798213],[45.111952,54.8000552],[45.0182531,54.7052831],[45.0874102,54.6523522],[45.009501,54.5568285],[45.1016547,54.5433979],[45.0875865,54.4734053],[44.9081918,54.463399],[44.7697725,54.5208909],[44.6857726,54.4849695],[44.5584434,54.5321425],[44.4050373,54.5346452],[44.3711331,54.5836412],[44.0684405,54.6485673],[44.0959805,54.7341131],[43.9211176,54.739668],[43.8611437,54.80495],[43.4799023,54.8886627],[43.4823501,54.8178568],[43.2183742,54.8036416],[43.0871292,54.7781309],[42.9704117,54.7977372],[42.8973701,54.7598018],[42.735859,54.7883383],[42.4443206,54.798354],[42.4335751,54.7935612],[42.442326,54.8253986]]]},"properties":{"shapeName":"Republic of Mordovia","shapeISO":"RU-MO","shapeID":"28173009B16834140201491","shapeGroup":"RUS","shapeType":"ADM1"}},
{"type":"Feature","geometry":{"type":"Polygon","coordinates":[[[37.2687091,54.8418015],[37.2300217,54.8057914],[37.2453161,54.7121035],[37.141602,54.567225],[36.9824157,54.60535],[36.9057935,54.5612439],[36.8762924,54.4472359],[36.9720748,54.4293659],[36.9311418,54.3429833],[36.9668461,54.2916582],[36.8124489,54.2718299],[36.5450613,54.2797199],[36.3948799,54.224235],[36.2419248,54.2155325],[36.2171286,54.0891483],[35.9835551,53.9081472],[35.9574068,53.7195611],[36.0740036,53.6818608],[35.9911887,53.6262728],[36.0812349,53.5695881],[36.2878999,53.5175551],[36.4945912,53.3882885],[36.6356262,53.420219],[36.784136,53.2958146],[36.9149186,53.2794562],[37.095798,53.2861524],[37.1581253,53.2580451],[37.4398634,53.2943097],[37.5758987,53.2487147],[37.5730187,53.176849],[37.6401347,53.0957661],[37.7309729,53.1279542],[37.8243407,53.0863768],[37.8664693,53.0122167],[37.9250366,53.055766],[38.1222778,53.0544372],[38.230784,52.9945093],[38.3706544,52.9899554],[38.4921935,53.0364989],[38.5624281,52.9956358],[38.6710489,53.1295685],[38.5775602,53.1884617],[38.5479052,53.3275958],[38.7637548,53.3575287],[38.7229179,53.5291442],[38.9375218,53.5741746],[38.9214174,53.7662632],[38.8504655,53.7581532],[38.8880655,53.9193043],[38.7790851,53.9701192],[38.7959574,54.0210089],[38.6848325,54.0981832],[38.7729566,54.1272607],[38.7223875,54.237904],[38.6659818,54.256714],[38.528514,54.2891088],[38.5271007,54.3952643],[38.39772,54.475176],[38.3889417,54.5328416],[38.5165881,54.5914905],[38.4429431,54.6490817],[38.2564763,54.6637424],[38.1184603,54.716841],[37.9384692,54.8496734],[37.7788829,54.8322792],[37.7584263,54.7429998],[37.67824,54.7190368],[37.4563961,54.8388657],[37.2687091,54.8418015]]]},"properties":{"shapeName":"Tula Oblast","shapeISO":"RU-TUL","shapeID":"28173009B42082792489997","shapeGroup":"RUS","shapeType":"ADM1"}},
{"type":"Feature","geometry":{"type":"Polygon","coordinates":[[[62.0610577,56.1308206],[62.2304192,56.0279994],[62.3176605,55.9476027],[62.304293,55.8379752],[62.5258926,55.7699092],[62.5234047,55.5903024],[62.6200899,55.4905694],[62.454923,55.4672461],[62.319534,55.4137375],[62.1882502,55.4454407],[62.1608147,55.2311319],[62.237112,55.1085682],[62.1472378,55.0382697],[61.9955585,54.9807318],[62.1187883,54.8141483],[62.0371488,54.7642647],[62.0778542,54.6756086],[62.3191437,54.6708528],[62.4411526,54.7157251],[62.5502517,54.652031],[62.6717239,54.6240117],[62.9784328,54.7054497],[63.1998212,54.6990849],[63.2801729,54.5294352],[63.1957995,54.4653189],[63.1716258,54.3081133],[63.3440003,54.251514],[63.3514795,54.1940745],[63.3969733,54.1882019],[63.8032668,54.2712386],[63.908517,54.202061],[63.9840773,54.2715692],[64.4817276,54.3665596],[64.738648,54.35392],[64.974791,54.424178],[65.121107,54.330386],[65.239194,54.37575],[65.212465,54.531772],[65.306026,54.568396],[65.494825,54.596653],[65.633091,54.640779],[65.74729,54.607419],[65.8452855,54.6972432],[65.981779,54.7170406],[65.998643,54.625148],[66.381721,54.703724],[66.792,54.7649],[67.2823454,54.8259141],[67.3330486,54.8733062],[67.5635271,54.8443909],[67.7735311,54.8859562],[67.8194637,54.9712311],[67.9108618,54.9836919],[68.0325639,54.9504615],[68.2351339,54.9690517],[68.2722019,55.0848136],[68.1921017,55.150216],[68.2807429,55.2044027],[68.649153,55.2085477],[68.6355116,55.2653211],[68.714266,55.3475192],[68.6821485,55.3878968],[68.3218532,55.5073372],[68.3170032,55.5694005],[68.1887547,55.5891237],[68.138859,55.7288343],[67.9209436,55.6549636],[67.7942904,55.7287489],[67.633784,55.7141461],[67.4039196,55.7278551],[67.2783282,55.9388994],[67.3030462,55.9629002],[66.7638704,55.9756321],[66.6358636,56.0060675],[66.4517775,55.9595816],[66.3085503,56.0495431],[66.1607653,56.066954],[66.0209714,55.993602],[65.8418696,56.0689878],[65.7780018,56.157672],[65.6727864,56.2232183],[65.6831232,56.2696644],[65.4542258,56.2854284],[65.2492019,56.2765151],[65.1220021,56.3075734],[65.0934327,56.4411389],[64.9894829,56.5183665],[65.0220516,56.6435205],[64.9270552,56.7724002],[64.764311,56.8124728],[64.5455992,56.7887585],[64.4938621,56.7455841],[64.3278988,56.7565425],[64.350427,56.6825602],[64.1788357,56.4606847],[63.8294186,56.4811034],[63.5991141,56.5878071],[63.4739445,56.6116313],[63.3150704,56.5677826],[63.1244049,56.5641244],[62.9858719,56.5979383],[62.8711811,56.5469333],[62.742916,56.5583611],[62.7247623,56.5077729],[62.6029324,56.4906582],[62.5692117,56.5658134],[62.428448,56.526957],[62.2544646,56.3990824],[62.2645241,56.3377652],[62.146812,56.2751196],[62.07111,56.2970182],[62.0610577,56.1308206]]]},"properties":{"shapeName":"Kurgan Oblast","shapeISO":"RU-KGN","shapeID":"28173009B71296032393878","shapeGroup":"RUS","shapeType":"ADM1"}},
{"type":"Feature","geometry":{"type":"Polygon","coordinates":[[[44.8479393,43.5655338],[44.7952148,43.5967423],[44.6310674,43.6140893],[44.5033457,43.5879191],[44.478436,43.4676932],[44.5777037,43.4136031],[44.5707208,43.2360974],[44.6687208,43.2344163],[44.9574751,43.0489674],[44.9538594,42.946579],[44.8817182,42.9151093],[44.8536514,42.8355762],[44.6336969,42.8772538],[44.6799687,42.7559099],[44.7528491,42.7140979],[44.803788,42.61473],[44.887471,42.747044],[44.945952,42.750839],[45.038047,42.6928],[45.086794,42.712221],[45.1888606,42.8521354],[45.2398328,42.8915474],[45.1787481,43.0195771],[45.1919573,43.1638326],[45.1331017,43.1939942],[45.1091939,43.3150479],[45.1317476,43.4184038],[45.0679418,43.4518714],[45.0588011,43.5112775],[44.8985122,43.5222727],[44.8479393,43.5655338]]]},"properties":{"shapeName":"Ingushetia","shapeISO":"RU-IN","shapeID":"28173009B75413689166101","shapeGroup":"RUS","shapeType":"ADM1"}},
{"type":"Feature","geometry":{"type":"Polygon","coordinates":[[[62.0004438,65.7177356],[61.626756,65.5619035],[61.4173492,65.3864953],[61.2851079,65.31284],[61.3648509,65.2496],[61.2720596,65.1684105],[61.1373736,65.1744949],[61.076999,65.0823611],[60.9462617,65.0130681],[60.8068282,65.0241896],[60.7294402,64.9255054],[60.6095631,64.9205009],[60.4344539,65.0067405],[60.4174764,65.0662877],[60.2035591,65.0769432],[60.0341857,65.0285488],[59.9919658,64.9387726],[59.8110997,64.9110959],[59.7073846,64.8374026],[59.6258349,64.7244306],[59.6550244,64.65706],[59.4882442,64.4913746],[59.6511753,64.4331481],[59.5851828,64.2244316],[59.8369472,64.0871442],[59.756326,63.9854731],[59.561302,63.9085593],[59.5331652,63.7140673],[59.4786452,63.5722255],[59.3779662,63.4220547],[59.3129999,63.3900177],[59.3662616,63.2661745],[59.2884051,63.184708],[59.2048539,63.0284116],[59.3252041,62.9420256],[59.4481927,62.918013],[59.4106053,62.7052489],[59.4426186,62.5659547],[59.6251517,62.5445701],[59.6117788,62.3715891],[59.3994013,62.1571116],[59.4890224,61.9466153],[59.7180224,61.9304868],[59.9725008,61.8827977],[59.9509736,61.7454428],[59.9980125,61.7183764],[60.5146097,61.7356999],[60.8385985,61.6984663],[60.9974192,61.6948009],[61.2294753,61.6544982],[61.88651,61.4365793],[61.8905215,61.4068089],[62.4835549,61.2609731],[62.645589,61.1706512],[62.826001,61.0005295],[62.7601557,60.8533213],[62.8673828,60.653825],[63.2257305,60.2942063],[63.1808401,60.2244738],[63.6059363,60.1017036],[63.7950329,59.8167422],[63.8249465,59.7447323],[63.8743126,59.4613009],[64.0204659,59.3818567],[64.4896702,59.3767548],[65.0743291,59.3102978],[65.1203558,59.2184327],[65.2363033,59.2055752],[65.3398476,59.0088793],[65.3726848,58.8989522],[65.6554112,58.658297],[65.9504599,58.6145443],[66.2908795,58.5944968],[66.7852384,58.6565453],[66.7724719,58.923282],[66.9686637,58.9721634],[67.0537092,58.9268384],[67.2998952,59.0241076],[67.6119457,59.1041454],[67.6503164,59.1603827],[67.7840562,59.2014379],[68.0994851,59.2031836],[68.2614316,59.2381091],[68.3949421,59.2981749],[68.5014339,59.4363797],[68.5734767,59.5885867],[68.7325727,59.5695796],[69.0513556,59.6895903],[69.3090014,59.769649],[69.143464,59.8822922],[69.1684935,59.9663002],[69.2697621,59.9895586],[69.6226734,59.9680044],[69.6511038,59.9098218],[70.0011084,59.9241961],[70.1342492,59.9499315],[70.3963009,59.8395797],[70.7765623,59.8697522],[70.9994869,59.8281589],[71.1793279,59.9070663],[71.2584667,59.7884833],[71.4993512,59.7418087],[71.5447949,59.6851645],[71.7920313,59.6359354],[71.8899455,59.5550583],[72.0251346,59.5517353],[72.1854146,59.4662798],[72.2318561,59.4122355],[72.4420472,59.3002208],[72.4182026,59.2103259],[72.5494028,59.1389689],[72.9112119,59.154002],[72.9756191,59.126382],[72.9282976,59.053141],[73.0999565,58.9516887],[73.0248098,58.8749277],[73.5001456,58.8248259],[73.7187925,58.8562155],[73.8590821,58.8067808],[73.9910665,58.8108455],[74.1753457,58.7261072],[74.7989904,58.7267088],[74.8945598,58.6851503],[74.9976915,58.698958],[75.1312975,58.6638893],[75.6353762,58.9123458],[75.727608,59.0153725],[75.6381281,59.2117111],[75.8403393,59.2809586],[75.8981938,59.4003314],[75.9878346,59.3825516],[76.1771658,59.5300006],[76.5024635,59.543769],[76.6648877,59.571174],[76.6683623,59.6850411],[76.7405468,59.7112083],[76.7724326,60.0656743],[76.7139937,60.1150364],[76.8338686,60.1865478],[76.8655396,60.2706774],[76.7624093,60.3323551],[76.8291578,60.4669477],[77.0478878,60.5089362],[77.0451157,60.5896126],[76.9587815,60.6265584],[77.1135217,60.7449975],[77.1104824,60.8585195],[77.4492382,60.8100229],[77.7043231,60.8199899],[77.9699629,60.7406963],[78.0883453,60.7967844],[78.1943682,60.8023512],[78.4872679,60.7638842],[78.6979467,60.8252181],[78.7990146,60.7528794],[78.9615389,60.8100437],[79.2213089,60.824407],[79.3161094,60.7738771],[79.2884792,60.7207343],[79.3988698,60.6358405],[79.6789181,60.6811596],[80.2009967,60.6753218],[80.4049723,60.7501975],[80.6390585,60.7707383],[80.7048373,60.8027794],[81.0524474,60.755725],[81.1041904,60.6420482],[81.458741,60.6071387],[81.5842632,60.6379827],[81.8795342,60.639791],[82.1673052,60.5163396],[82.4096007,60.6081553],[82.3764514,60.7068791],[83.1566832,61.0267951],[83.4769092,61.0356717],[83.9496941,60.8362171],[84.2631099,60.8625176],[84.6416508,60.9979452],[84.7350823,61.014263],[85.696583,61.2838155],[85.6407308,61.3670902],[85.7981925,61.4540985],[85.965282,61.4591953],[85.9611374,61.5451196],[85.8425127,61.5939212],[85.7128388,61.5726147],[85.4928532,61.6172155],[85.4065558,61.6871474],[85.2777984,61.6737218],[85.0968523,61.7519865],[84.9189798,61.7899207],[84.8408924,61.773046],[84.6779151,61.8081303],[84.5193918,61.9278392],[84.4919864,62.0984713],[84.4408595,62.1956567],[84.2983481,62.2693454],[84.23908,62.3814682],[84.1020607,62.3773056],[84.0002638,62.4138684],[83.9603886,62.4901594],[83.8140284,62.5698759],[83.6226879,62.5031689],[83.5532672,62.5273739],[83.3242477,62.4580295],[83.0234823,62.5263341],[83.0493169,62.5893469],[82.7589962,62.6599549],[82.7618637,62.7494462],[82.4601682,62.7751594],[82.2893604,62.7662983],[82.1593247,62.8130082],[81.8412871,62.6958569],[81.6654607,62.7305533],[81.638742,62.779396],[81.3913061,62.8169408],[81.2912495,62.8585473],[81.3198589,62.9099137],[81.1503001,62.9687447],[81.0434897,63.0645241],[81.0369171,63.1470755],[80.9219485,63.1566356],[80.6809187,63.115941],[80.5883812,63.0781386],[80.5887873,63.0102079],[80.093017,62.8179333],[79.9083207,62.7850327],[79.8434403,62.6085568],[78.7394619,62.6022127],[78.4059627,62.5603552],[78.0929057,62.4640984],[77.8704228,62.5759485],[77.3781024,62.7078973],[77.1368192,62.8114223],[77.025564,62.9719835],[76.8516312,62.9887093],[76.6669423,63.0348098],[76.3400498,62.9513441],[76.2667142,63.0131984],[75.8933793,63.1064817],[75.7784078,63.1171481],[75.6049618,63.0880844],[75.3125513,63.0970703],[75.0802636,63.0684543],[74.9415486,63.0253223],[74.5243218,63.0363641],[74.2531941,63.1730274],[74.0039239,63.1681296],[73.4981828,63.187955],[73.3637957,63.2322421],[73.2632687,63.334776],[73.1061534,63.3781957],[73.0542972,63.4267915],[72.6630799,63.2815207],[72.4063836,63.2993872],[72.128306,63.296786],[71.6454841,63.1927517],[71.5361581,63.4692785],[71.5632307,63.570765],[71.4558562,63.6833083],[70.9226917,63.7027922],[70.8256533,63.8219111],[70.706206,63.8868081],[70.6888709,63.9409799],[70.5589034,64.0152818],[70.7664959,64.112367],[70.7709339,64.1911133],[70.662501,64.2390106],[70.4492418,64.2492473],[70.2923037,64.3425143],[70.0864847,64.3187801],[69.8885283,64.3216942],[69.7249479,64.3959079],[69.3936659,64.3886861],[69.2797179,64.4755792],[68.858472,64.4385393],[69.0355183,64.3233329],[68.7438128,64.2335802],[68.5520168,64.2871591],[68.4488389,64.2876835],[67.8326026,64.0463641],[67.6824254,64.0765785],[67.4681224,64.0775748],[67.1869158,64.1178972],[67.1726731,64.1562818],[66.8368325,64.2121109],[66.8469353,64.3401654],[66.989844,64.4523667],[66.970937,64.5086795],[66.7114157,64.5540749],[66.4555608,64.5269508],[66.1990996,64.5906861],[65.9330927,64.5552382],[65.3762514,64.5557546],[65.1772705,64.4680932],[64.9831066,64.4700574],[64.7242494,64.4304308],[64.6038169,64.4426773],[64.4823317,64.3710829],[64.0433107,64.3593531],[63.9134226,64.2877072],[63.6112597,64.2705141],[63.410065,64.333669],[63.5169727,64.3631559],[63.4775176,64.4561453],[63.2473284,64.5204178],[63.0523536,64.5156676],[62.9134358,64.4676948],[62.7148074,64.4966284],[62.5576427,64.558547],[62.589629,64.640373],[62.8115343,64.7364485],[62.8070123,64.8407152],[62.6952216,64.872818],[62.8237413,65.0546067],[62.8172932,65.1946898],[62.8721144,65.2905891],[62.4592133,65.3378467],[62.366543,65.4321105],[62.4254054,65.5037016],[62.3129699,65.5351568],[62.2652814,65.6323445],[62.1628449,65.6413824],[62.0004438,65.7177356]]]},"properties":{"shapeName":"Khanty-Mansiysk Autonomous Okrug – Ugra","shapeISO":"RU-KHM","shapeID":"28173009B731487536241","shapeGroup":"RUS","shapeType":"ADM1"}},
{"type":"Feature","geometry":{"type":"Polygon","coordinates":[[[47.0721637,60.8444806],[47.0131406,60.6245411],[46.9526118,60.535232],[46.8738358,60.513505],[46.8717273,60.4142044],[46.7584567,60.3647805],[46.8163414,60.2974479],[46.7630253,60.2336791],[46.6359846,60.2627003],[46.4215442,60.2644385],[46.3296264,60.2147662],[46.3779758,60.1320925],[46.5885219,60.0803516],[46.7608796,60.0619867],[46.8908201,60.0757953],[47.0347724,60.1263806],[46.9223493,59.7654974],[47.1528776,59.7522331],[47.1178224,59.5989686],[47.048947,59.3693207],[47.2477088,59.352628],[47.2093936,59.2012136],[47.5186997,59.0608287],[47.5916062,58.9738539],[47.4929027,58.8952926],[47.2735632,58.9078526],[47.2296613,58.7721444],[47.0770785,58.7565936],[47.0021054,58.6907688],[47.0178769,58.6186044],[46.6611325,58.5703365],[46.5605067,58.4804853],[46.5793352,58.3990941],[46.3967537,58.372423],[46.4162116,58.2149947],[46.3352356,58.1655831],[46.3449297,58.0622181],[46.435024,58.0045848],[46.5864664,58.0278339],[47.2969279,58.0156996],[47.7367091,57.9273696],[47.6171449,57.8592282],[47.6055831,57.7411039],[47.5351916,57.6892729],[47.4813646,57.515179],[47.2646521,57.5611558],[47.0219388,57.4878067],[46.8400453,57.5061715],[46.7610262,57.3665693],[46.6832452,57.3409449],[46.808712,57.2681817],[46.8381555,57.1771289],[46.7974046,57.0429155],[46.7215443,56.9633925],[46.8193381,56.9211487],[47.101874,56.9232065],[47.134223,56.8072737],[47.244699,56.8114652],[47.6023514,56.9247713],[47.6634399,56.9837879],[47.7689031,57.0016367],[48.133507,56.9925206],[48.1611997,57.0528873],[48.3289361,57.16609],[48.4278753,57.1131516],[48.5810644,57.172133],[48.825516,57.1657701],[48.9493743,57.0826018],[49.0364204,57.2970011],[49.2146618,57.3123266],[49.1385238,57.1801873],[49.2761408,57.0345417],[49.3915891,57.019305],[49.6021143,57.0779707],[49.673873,57.0473305],[49.8271824,56.888079],[50.0410107,56.8522493],[50.1044368,56.7922586],[50.0609616,56.6592133],[50.0814235,56.6111768],[50.1728192,56.6502964],[50.4305064,56.6085733],[50.4382509,56.5505614],[50.6310203,56.3383372],[50.8144735,56.3469408],[50.9173259,56.2783553],[51.032482,56.1336671],[51.2079842,56.1231175],[51.308529,56.0687496],[51.4440082,56.1273758],[51.391023,56.2324785],[51.4037909,56.286327],[51.1973504,56.4339244],[51.1375595,56.5292419],[51.1804232,56.6846373],[51.3932016,56.6668951],[51.3913728,56.7665667],[51.4834147,56.7990731],[51.5198551,56.8833219],[51.3452933,56.9423661],[51.3121296,57.0193933],[51.2198297,57.0860254],[51.208393,57.2000636],[51.1241646,57.2432772],[51.1652542,57.4407617],[51.4004219,57.4682121],[51.5301135,57.4582632],[51.8323071,57.5714146],[51.8831044,57.6975404],[51.9542489,57.7668644],[51.8246336,57.9138839],[51.8976838,58.0123137],[51.7994777,58.121359],[51.6870707,58.1767064],[51.7227803,58.2502841],[51.8177997,58.2849187],[51.855233,58.3741055],[51.9647054,58.4530881],[52.1699908,58.4885538],[52.3278577,58.4358071],[52.8430745,58.3928789],[52.892691,58.5336182],[53.1795088,58.5006874],[53.2136919,58.4013614],[53.3736509,58.3842816],[53.6209226,58.4742556],[53.7855993,58.4555384],[53.7026412,58.6021274],[53.7859183,58.7242629],[53.9054135,58.754864],[53.8264224,58.8289512],[53.7536491,58.9646972],[53.7711127,59.0128358],[53.9029162,59.0868358],[53.6822414,59.1511514],[53.3840217,59.1526721],[53.2227442,59.3584558],[53.357126,59.4615519],[53.4497007,59.7028484],[53.5977784,59.6874276],[53.6302998,59.7423175],[53.6866975,60.0098338],[53.6256361,60.1142326],[53.4215518,60.224519],[53.3726299,60.1556083],[52.9205235,60.1537778],[52.4422883,60.1867647],[52.3172823,60.227188],[52.0654574,60.3084875],[51.9738694,60.2793339],[51.7663576,60.0858651],[51.5513213,59.9415334],[51.467194,59.9155726],[51.3902718,59.9940912],[51.1790655,60.0488917],[51.0476653,60.031904],[50.8310231,59.8633241],[50.7348641,59.8708167],[50.2902893,59.8059186],[50.2703582,59.7479371],[49.9910277,59.7790923],[49.9857615,59.7230254],[49.8594143,59.6552653],[49.7984284,59.48507],[49.8721915,59.4785135],[49.868893,59.360469],[49.8174002,59.2105352],[49.5218692,59.2169688],[49.5718206,59.3931447],[49.3444539,59.4093315],[49.3517195,59.4651245],[49.151193,59.5070776],[49.0396637,59.4823984],[49.1015474,59.6616989],[48.5232237,59.7068443],[48.4922259,60.1951562],[48.7737505,60.3177151],[48.6763273,60.390446],[48.5305124,60.4004294],[48.560666,60.5515126],[48.4196775,60.8372063],[47.9665299,60.8791709],[47.9559919,60.9885452],[47.8971979,61.0168208],[47.1931804,61.0673929],[47.1939511,60.9969784],[47.1096611,60.9433593],[47.0721637,60.8444806]]]},"properties":{"shapeName":"Kirov Oblast","shapeISO":"RU-KIR","shapeID":"28173009B31225333555943","shapeGroup":"RUS","shapeType":"ADM1"}},
{"type":"Feature","geometry":{"type":"Polygon","coordinates":[[[62.0004438,65.7177356],[62.4689067,65.8231018],[62.7996751,65.8576976],[62.7761648,65.904132],[62.9040519,65.9651074],[62.8691891,66.0642911],[63.1380846,66.2568546],[63.234032,66.3010705],[63.3312561,66.4131662],[63.626707,66.510935],[63.8021011,66.5318551],[63.9754501,66.632586],[64.2615448,66.6454246],[64.3939223,66.7217314],[64.5447229,66.7288463],[64.5533293,66.7966481],[64.877128,66.8348488],[65.1391588,66.9077266],[65.0818818,67.039277],[65.2446836,67.0936804],[65.1809096,67.1425448],[65.4262374,67.2093874],[65.698554,67.3807957],[66.0101788,67.4091079],[66.0933106,67.4950576],[66.0481753,67.5805059],[65.8226873,67.5386009],[65.8457152,67.667578],[66.2206954,67.6848843],[66.2267466,67.7538852],[66.0217308,67.8098877],[66.1335094,67.9146824],[65.9206606,67.9608301],[65.7633678,67.920126],[65.5432001,67.932502],[65.4321827,67.9096598],[65.319394,68.0161185],[65.3490834,68.0999866],[65.2746764,68.2345663],[65.3644889,68.2821585],[65.4740169,68.4179545],[65.3187449,68.3952948],[65.1151104,68.4150534],[65.019923,68.3824775],[64.8041731,68.409016],[64.528203,68.3257948],[64.5796713,68.2036716],[64.4472622,68.1994235],[64.3740211,68.1344266],[64.2169206,68.1137871],[63.8775492,68.0287889],[63.9482002,67.9465803],[63.925271,67.8510454],[63.7061668,67.8051454],[63.7210185,67.7367122],[63.5543626,67.7330996],[63.4293787,67.7695346],[63.1096044,67.6455354],[62.9465509,67.6058391],[62.8377729,67.5169038],[62.9173023,67.4480675],[62.8656016,67.3700197],[61.7310612,67.0942243],[61.7160501,67.0305662],[61.3799254,66.9749687],[61.320977,67.0006195],[59.9781106,67.0004961],[58.8362898,67.0004279],[57.068064,67.000404],[55.8878521,67.000388],[54.9289298,67.0003751],[53.8754797,67.0014801],[52.1522299,67.101172],[52.0554072,67.0283568],[51.697632,66.920793],[51.6190835,66.9485348],[51.4839203,66.83455],[51.5449474,66.7749746],[50.3466287,66.4730566],[49.0004687,66.1135711],[49.0521606,65.2254529],[49.635408,65.2879976],[50.2329316,64.83088],[50.4989122,64.7926835],[50.3606832,64.5103881],[49.9125033,64.5578755],[49.5524068,64.5758315],[49.4831632,64.4250585],[48.9610645,64.4775532],[48.8837901,64.3266937],[48.5244702,64.3556166],[48.4647256,64.2043256],[48.1887505,64.2306363],[48.1614404,64.3452487],[47.3445345,64.3543896],[46.630221,64.3169015],[46.321081,64.2479873],[45.8520064,64.2780307],[45.3993499,64.1749185],[45.5945184,64.0569636],[45.9433945,63.9566273],[46.151162,63.9438503],[46.499691,63.8645839],[46.8098813,63.7566477],[47.0173162,63.5777279],[46.9392623,63.4535515],[46.9427243,63.3494102],[47.0510187,63.2539057],[47.1601702,63.2454448],[47.3900498,63.1563322],[47.5673571,63.144878],[47.5308138,63.0499478],[47.4090616,62.9648021],[47.0608946,62.826287],[47.2453591,62.6387316],[47.2319092,62.3371875],[47.4028891,62.3344268],[47.3890833,62.1814095],[47.6426172,62.175714],[47.6593593,62.328386],[48.3229007,62.3071531],[48.2980192,62.4769223],[48.2539941,62.50747],[48.3522311,62.7337363],[48.6814129,62.7021361],[48.7413317,62.8516999],[49.5674059,62.7767364],[49.4250243,62.4470529],[49.4696423,62.3651541],[49.3745726,62.1339064],[49.2279484,62.1020394],[49.0403102,61.6486895],[49.502104,61.605036],[49.3208192,61.1527734],[49.126753,61.1722303],[48.9307364,61.1386422],[48.4749672,61.0221395],[48.4196775,60.8372063],[48.560666,60.5515126],[48.5305124,60.4004294],[48.6763273,60.390446],[48.7737505,60.3177151],[48.4922259,60.1951562],[48.5232237,59.7068443],[49.1015474,59.6616989],[49.0396637,59.4823984],[49.151193,59.5070776],[49.3517195,59.4651245],[49.3444539,59.4093315],[49.5718206,59.3931447],[49.5218692,59.2169688],[49.8174002,59.2105352],[49.868893,59.360469],[49.8721915,59.4785135],[49.7984284,59.48507],[49.8594143,59.6552653],[49.9857615,59.7230254],[49.9910277,59.7790923],[50.2703582,59.7479371],[50.2902893,59.8059186],[50.7348641,59.8708167],[50.8310231,59.8633241],[51.0476653,60.031904],[51.1790655,60.0488917],[51.3902718,59.9940912],[51.467194,59.9155726],[51.5513213,59.9415334],[51.7663576,60.0858651],[51.9738694,60.2793339],[52.0654574,60.3084875],[52.3172823,60.227188],[52.3718941,60.3563687],[52.3550278,60.4380924],[52.1240694,60.4645758],[52.1528144,60.5412424],[51.7715175,60.5804504],[51.8923123,60.8815431],[52.3609435,60.8291754],[52.4314333,60.9764159],[52.8064639,60.9377462],[52.8707305,61.0901311],[53.4135884,61.0334846],[53.3551532,60.8826609],[53.8138242,60.8316041],[53.8758313,60.982651],[54.9768506,60.859908],[55.0500504,61.009161],[55.1999605,60.9915626],[55.2758778,61.1487132],[55.7314992,61.0956032],[55.8130867,61.2467779],[56.2745007,61.1918583],[56.3782697,61.4431218],[56.5663405,61.4189994],[56.6531242,61.5243001],[57.0805507,61.4752974],[57.0926875,61.50185],[57.8670554,61.4990271],[58.8438818,61.4950446],[59.0483092,61.5363941],[59.1483212,61.6297074],[59.3489689,61.6630673],[59.4188001,61.7543342],[59.3276151,61.8406072],[59.4890224,61.9466153],[59.3994013,62.1571116],[59.6117788,62.3715891],[59.6251517,62.5445701],[59.4426186,62.5659547],[59.4106053,62.7052489],[59.4481927,62.918013],[59.3252041,62.9420256],[59.2048539,63.0284116],[59.2884051,63.184708],[59.3662616,63.2661745],[59.3129999,63.3900177],[59.3779662,63.4220547],[59.4786452,63.5722255],[59.5331652,63.7140673],[59.561302,63.9085593],[59.756326,63.9854731],[59.8369472,64.0871442],[59.5851828,64.2244316],[59.6511753,64.4331481],[59.4882442,64.4913746],[59.6550244,64.65706],[59.6258349,64.7244306],[59.7073846,64.8374026],[59.8110997,64.9110959],[59.9919658,64.9387726],[60.0341857,65.0285488],[60.2035591,65.0769432],[60.4174764,65.0662877],[60.4344539,65.0067405],[60.6095631,64.9205009],[60.7294402,64.9255054],[60.8068282,65.0241896],[60.9462617,65.0130681],[61.076999,65.0823611],[61.1373736,65.1744949],[61.2720596,65.1684105],[61.3648509,65.2496],[61.2851079,65.31284],[61.4173492,65.3864953],[61.626756,65.5619035],[62.0004438,65.7177356]]]},"properties":{"shapeName":"Komi Republic","shapeISO":"RU-KO","shapeID":"28173009B21210279674314","shapeGroup":"RUS","shapeType":"ADM1"}},
{"type":"Feature","geometry":{"type":"Polygon","coordinates":[[[47.1178224,59.5989686],[46.7971597,59.6236037],[46.78983,59.5930865],[46.4089108,59.6186453],[46.368871,59.3424842],[46.1657655,59.353715],[46.020292,59.3239468],[45.9790284,59.1716485],[45.3404683,59.2160421],[45.3338961,59.1838839],[45.0562626,59.1982976],[45.0396438,59.1218125],[44.1902208,59.1701201],[44.0906779,59.2340881],[43.6926174,59.2591497],[43.6108971,59.1898009],[43.4206936,59.2913023],[43.2842262,59.2430211],[43.1752058,59.2630049],[42.7920814,59.1739958],[42.6923988,59.2235034],[42.636381,59.3281847],[42.3483884,59.3046294],[42.2027667,59.3275476],[42.216254,59.4084831],[42.0348625,59.4295489],[41.986462,59.3929004],[41.9513543,59.2611453],[42.0986631,59.2498199],[42.0903393,59.1559197],[42.0013366,59.1047317],[41.7144203,59.0849444],[41.5252116,59.0412723],[41.3490271,58.9519442],[41.268229,58.9920019],[41.1757432,58.9335539],[41.2588102,58.8381784],[41.1558851,58.8030865],[41.2300566,58.7410445],[41.0522037,58.6067719],[40.9300717,58.5763356],[41.0192011,58.5417391],[41.0483412,58.441757],[41.1934982,58.3410022],[41.0374424,58.2837143],[40.9664248,58.2023985],[40.8825662,58.1767129],[40.8971,58.1111048],[40.8090874,58.0066258],[40.6746709,57.9826431],[40.5976725,57.8971095],[40.6511894,57.7990449],[40.6470845,57.7275182],[40.718094,57.6621025],[40.6319845,57.5688201],[40.5248015,57.5929701],[40.4056299,57.4934517],[40.4445333,57.4381093],[40.430464,57.2858292],[40.6354064,57.2915923],[40.8617365,57.3422669],[41.0183095,57.3181797],[41.1394338,57.4093061],[41.3126409,57.4148082],[41.5673867,57.4525305],[41.6300219,57.5380732],[41.5762462,57.6308195],[41.6041474,57.7391252],[41.8957246,57.6934025],[42.0232118,57.588587],[42.2160094,57.5617101],[42.3768081,57.5766496],[42.4659585,57.6220925],[42.877489,57.6621224],[42.8275397,57.4176096],[42.8955397,57.3711096],[43.3033108,57.4287366],[43.3041776,57.4761735],[43.4960595,57.6036418],[43.6318997,57.5471574],[43.6745047,57.4896356],[43.8533936,57.417485],[44.0170696,57.4325685],[44.3652854,57.5283371],[44.5028686,57.612103],[44.597113,57.7008778],[44.7390112,57.6973849],[44.8807832,57.8819237],[44.800976,57.9598614],[44.8690062,58.0767124],[45.2235713,58.0886662],[45.2935244,58.0320567],[45.5089097,58.0285115],[45.5254646,57.9592023],[45.624078,57.9227764],[45.7435755,57.9675975],[45.7497443,58.0290544],[45.9233266,58.0565726],[46.3449297,58.0622181],[46.3352356,58.1655831],[46.4162116,58.2149947],[46.3967537,58.372423],[46.5793352,58.3990941],[46.5605067,58.4804853],[46.6611325,58.5703365],[47.0178769,58.6186044],[47.0021054,58.6907688],[47.0770785,58.7565936],[47.2296613,58.7721444],[47.2735632,58.9078526],[47.4929027,58.8952926],[47.5916062,58.9738539],[47.5186997,59.0608287],[47.2093936,59.2012136],[47.2477088,59.352628],[47.048947,59.3693207],[47.1178224,59.5989686]]]},"properties":{"shapeName":"Kostroma Oblast","shapeISO":"RU-KOS","shapeID":"28173009B70678486994214","shapeGroup":"RUS","shapeType":"ADM1"}},
{"type":"Feature","geometry":{"type":"MultiPolygon","coordinates":[[[[84.2631099,60.8625176],[84.3513051,60.7969321],[84.7914872,60.3523664],[84.7382809,60.2517976],[84.6160178,60.1685481],[84.6334514,60.0297956],[84.5810688,59.962095],[84.7075498,59.8920705],[85.4993559,59.883217],[85.9984735,59.9471489],[86.6364995,59.9486539],[87.0780475,59.8790741],[87.174086,59.6825285],[87.5142254,59.6644103],[87.9022263,59.2562379],[88.6264675,59.2951263],[88.5758264,59.212216],[88.8286602,59.0226045],[88.3826571,58.8931187],[87.9240133,58.5113453],[88.0169879,58.2142578],[88.1066588,58.1127721],[88.6872531,58.0361991],[88.8589536,57.9551858],[89.2964097,57.9489545],[89.3580435,57.9036824],[89.3552479,57.6156574],[89.2115003,57.594065],[89.1303369,57.6153406],[89.0636395,57.4575522],[88.8650504,57.4436202],[88.7341554,57.2080352],[88.6225054,57.2093495],[88.5169817,57.0904433],[88.6973492,57.0478943],[88.5975569,56.8021984],[88.6740133,56.6800677],[88.6631493,56.6197674],[88.5008785,56.6218904],[88.5934159,56.4306641],[88.695147,56.3664302],[88.8609217,56.3729083],[89.0398982,56.3004836],[89.0366523,56.201266],[89.1266894,56.1845317],[89.2680411,56.070859],[89.2416383,55.9927817],[89.3030703,55.8965329],[89.4006505,55.8563156],[89.3426611,55.7708924],[88.9025692,55.6452754],[88.6530792,55.4992686],[88.6012577,55.4273774],[88.7423379,55.4318794],[88.8708533,55.3935677],[88.9003608,55.3403562],[89.011422,55.3236475],[89.0098953,55.2337044],[89.1672785,55.124836],[89.3719782,55.04258],[89.5802509,55.0878532],[89.6643789,55.0006582],[89.7244463,55.0684991],[89.8815451,55.082297],[89.9830485,55.1213211],[90.24387,55.078872],[90.4992151,55.0608494],[90.5298197,54.9898148],[90.5062975,54.906992],[90.7791572,54.9121117],[90.7805307,54.8712656],[90.9456768,54.8481322],[90.918748,54.6536342],[91.2602371,54.5065858],[91.2509153,54.4147553],[91.4165074,54.2796023],[91.5295103,54.1241409],[91.5640561,54.0191472],[91.4273756,53.8617089],[91.4876865,53.7370146],[91.5679445,53.7086474],[91.5673961,53.5968579],[91.625096,53.5338745],[91.9034666,53.4260536],[91.9236974,53.3496006],[91.8401477,53.2929217],[91.7384617,53.1777456],[91.575916,53.1391951],[91.4953089,53.1586097],[91.4193348,53.0890875],[91.5051957,52.9937489],[91.3874121,52.8338905],[91.2634417,52.7105663],[91.2578679,52.6367378],[91.1185915,52.633616],[90.8949767,52.6009949],[90.7199798,52.4697344],[90.6883849,52.3696679],[90.589912,52.3110077],[90.4867326,52.1958711],[90.6330286,52.0937252],[90.7144126,52.0902885],[90.8493428,51.9003845],[91.0723638,51.9518904],[91.1792108,51.9024042],[91.3553024,51.8914575],[91.5479421,51.9088973],[91.6350971,51.8794503],[91.8043994,51.8865792],[91.9140643,51.8245595],[92.082001,51.7732877],[92.2552097,51.8226563],[92.4809608,51.7907318],[92.6447003,51.81216],[92.6938328,51.8509032],[92.8906116,51.84355],[92.9576773,51.9157823],[93.1190359,51.9664843],[93.3377513,52.1280586],[93.4721626,52.1710227],[93.658847,52.1994858],[93.6870924,52.3163655],[93.7654454,52.3811365],[93.7540817,52.427726],[93.9433627,52.5661963],[93.9992052,52.6493109],[94.0931426,52.6762583],[94.0935751,52.73854],[94.1671661,52.8337754],[94.296925,52.898276],[94.4932315,52.8916667],[94.5832824,52.9965421],[94.6023286,53.1656388],[94.7165034,53.2407991],[94.6183446,53.33111],[94.7202904,53.3762929],[94.954593,53.404864],[95.0358688,53.3661207],[95.2128128,53.4681743],[95.2841321,53.4100593],[95.439324,53.3996162],[95.6480859,53.4547556],[95.724491,53.5150354],[95.9671272,53.4912811],[96.232057,53.5171466],[96.2411328,53.6194641],[96.4402781,53.5357611],[96.6277203,53.5569188],[96.6883296,53.6463366],[96.4851351,53.6915521],[96.3401359,53.8373196],[96.1870944,53.907754],[96.0606966,54.0252071],[96.0991592,54.0609638],[95.9106744,54.1211217],[95.8037564,54.2284637],[95.6846798,54.2375034],[95.6471751,54.2938669],[95.7509855,54.4218949],[95.921719,54.3992569],[95.9743189,54.4954099],[96.0650753,54.5745426],[96.2101076,54.5365],[96.3380906,54.5555302],[96.5388233,54.5297749],[96.5808659,54.6266444],[96.5661263,54.6906118],[96.7100143,54.869358],[96.6916892,54.9464265],[96.5934171,55.0301752],[96.6728816,55.0664445],[96.6677863,55.1539874],[96.7199377,55.2680594],[96.9408165,55.311759],[96.8475011,55.4316947],[96.8102924,55.5692013],[96.7510242,55.662538],[96.7861083,55.7895804],[96.8441366,55.8393006],[96.9900245,55.8517579],[96.9907262,56.003892],[97.063652,56.0041812],[97.1319418,56.1125295],[97.3011814,56.0743752],[97.3595187,56.0320699],[97.4729208,56.1953772],[97.5741793,56.1873138],[97.5570195,56.3763013],[97.8799878,56.3753595],[97.8799329,56.5341015],[97.7784202,56.5936468],[97.7580669,56.7023843],[97.7863756,56.7976039],[97.5289413,56.7904057],[97.4786204,56.8831108],[97.5305814,56.9698479],[97.3433494,57.0315118],[97.9532003,57.8285739],[98.4914397,57.7964304],[98.6448341,57.7724712],[98.759224,57.7946046],[98.9130852,57.7113842],[99.0866037,57.7780789],[99.2045091,57.76101],[99.4584616,57.8087689],[99.4989032,57.8837764],[99.6254675,57.9905785],[99.6817229,58.0826981],[99.8120328,58.0575049],[99.9608652,58.0830306],[100.0909687,58.0686407],[100.080626,57.9452156],[100.1477027,57.8705865],[100.3750058,57.7288406],[100.3227772,57.6843732],[100.5156226,57.4939582],[100.6819855,57.456311],[100.7398973,57.4057823],[100.9706428,57.487101],[100.9482644,57.572494],[100.8180441,57.6340412],[100.9073609,57.7751363],[100.8558306,57.8508055],[100.9739487,57.8641907],[101.1040613,57.9624217],[101.2001032,58.1290445],[101.3714731,58.2343186],[101.499864,58.231691],[101.6400468,58.325694],[101.6831492,58.3971132],[101.8055243,58.4552981],[102.1022297,58.4889642],[102.2764293,58.5607243],[102.3428459,58.6511616],[102.5691612,58.7393982],[102.5526093,58.8981173],[102.4498665,58.9397527],[102.4025532,59.0834789],[102.4978965,59.1860555],[102.8315977,59.2050059],[102.9393726,59.29874],[103.0185907,59.3184097],[103.217734,59.2378675],[103.3927448,59.029943],[103.5594202,58.9991148],[103.593081,58.9445286],[103.7817216,58.9089538],[103.8923353,58.9226025],[103.9832322,58.8709503],[103.9504005,58.7883461],[104.1995949,58.7757666],[104.2518819,58.7167911],[104.4565892,58.6100507],[104.607405,58.6221887],[104.804707,58.6747983],[104.8756133,58.7497379],[104.7546181,58.8071882],[104.911447,58.9526942],[105.0969776,59.01582],[105.1155212,59.049724],[105.3017248,59.0755614],[105.3595538,59.1216295],[105.3040369,59.2453873],[105.2148964,59.2688505],[105.2356913,59.4430358],[105.1949478,59.4769013],[104.9937892,59.4607716],[104.8571154,59.5495546],[104.7621431,59.6848128],[104.8907491,59.765584],[105.025709,59.779466],[105.0232803,59.8435547],[105.1457343,59.8830333],[105.3720142,59.8389322],[105.432799,59.8575749],[105.4108212,59.9520848],[105.4935904,59.9914773],[105.4224751,60.1529303],[105.4546041,60.253555],[105.3061815,60.2922885],[105.2161031,60.2764893],[104.977571,60.2890984],[104.6769154,60.4248859],[104.6523889,60.5061767],[104.502921,60.6273729],[104.6093387,60.7243225],[104.468419,60.8506327],[104.6092001,60.8854411],[104.6262587,61.0791413],[104.6905562,61.0863111],[104.8525533,61.1917539],[105.0223536,61.1973547],[104.9184053,61.3251838],[104.9100165,61.3954021],[105.2832944,61.4251242],[105.3591092,61.5394331],[105.5930544,61.6003742],[105.7124033,61.6620962],[105.811364,61.6298943],[105.9799111,61.690511],[105.8974136,61.8418487],[106.1111778,61.9573914],[106.3075536,62.0341734],[106.3936388,62.0418829],[106.4555938,62.2343675],[106.3669063,62.277254],[106.4319206,62.396715],[106.5431131,62.3962994],[106.7283549,62.4948461],[106.6724825,62.5564572],[106.773111,62.6386571],[106.4724954,62.6976118],[106.5125177,62.7911156],[106.4371162,62.8626381],[106.1929955,62.9209667],[106.1306437,63.0375119],[106.1849216,63.0859928],[106.3538518,63.1074584],[106.4314515,63.2138133],[106.355847,63.3019555],[106.657853,63.325542],[106.7266301,63.4097101],[106.5946426,63.4543526],[106.4713913,63.5423616],[106.658126,63.627194],[106.6024421,63.7227263],[106.6970837,63.8245436],[106.7887514,63.8688029],[106.6190299,63.9750643],[106.6951781,64.0363013],[107.0700092,63.9292973],[107.3070453,63.9775631],[107.5656377,63.8973694],[107.6312152,63.9813695],[107.7387164,64.0157924],[107.8993456,63.9978212],[108.2054263,64.0037238],[108.3890697,64.0488117],[108.2468224,64.2502184],[108.085664,64.2464676],[108.0589305,64.1879042],[107.8922081,64.1963551],[107.641299,64.3107003],[107.3699288,64.2610638],[107.2565096,64.3454248],[107.1333773,64.3510102],[106.8857587,64.4403229],[106.7411217,64.4222771],[106.6525366,64.5295156],[106.5541459,64.4602338],[106.2563467,64.4470511],[105.9855703,64.5341006],[105.7926563,64.5271692],[105.7095287,64.6022234],[105.7821521,64.6680128],[105.9244767,64.9003506],[106.0709249,64.9803939],[105.9504653,65.0399006],[106.1612748,65.0931408],[106.4193947,65.2289928],[106.4394621,65.3195064],[106.5448957,65.3794405],[106.776138,65.387228],[106.9678887,65.5082838],[106.7037516,65.539858],[106.7203653,65.5876372],[106.4280501,65.664566],[106.4280596,65.7630813],[106.4914835,65.7983875],[106.4649479,65.931961],[106.5169242,66.001149],[106.3376144,66.1484062],[106.1104072,66.1929357],[106.0955446,66.3362025],[106.1486582,66.4091747],[106.3309613,66.4749706],[106.2374614,66.5633378],[106.2446874,66.6895254],[105.9856338,66.8015026],[106.0806637,66.8954169],[105.6989888,66.9252049],[105.5115574,67.0171222],[105.8725655,67.0294381],[106.0667427,67.1173302],[106.0692288,67.1666862],[106.3421433,67.200771],[106.5053238,67.2755833],[106.6784279,67.251076],[106.8220388,67.3340928],[106.8744891,67.6675407],[106.870384,67.8357942],[106.9206816,68.2541645],[106.9055509,68.8590421],[106.1428602,69.4094049],[106.3441962,69.4781527],[106.4874116,69.5811634],[106.630677,69.5279684],[106.8574263,69.5232709],[107.6064811,69.6604991],[107.8442673,69.6863738],[108.2487331,69.8544031],[108.8001991,69.8305155],[108.9446245,69.7705993],[109.2011068,69.754623],[109.3831067,69.8259809],[109.4000948,69.9581301],[109.5255718,69.9915996],[109.3032956,70.1444506],[109.3043332,70.2098719],[109.5755751,70.2524475],[109.6437656,70.3727735],[110.0626046,70.3978598],[110.1336077,70.4651107],[110.1233639,70.6356788],[110.5057055,70.7113184],[110.5172121,70.7641284],[110.846758,70.7819086],[111.0342156,70.8408294],[111.3259384,70.8562352],[111.4787982,70.9288248],[111.9463223,70.9788639],[112.0305049,71.0530602],[112.1841289,71.0132753],[112.3559823,71.0711757],[112.5995765,71.1091931],[112.5208968,71.1761694],[112.7197223,71.2547761],[112.469258,71.276587],[112.2205754,71.3779367],[112.0005142,71.4023082],[112.0006953,72.1244001],[111.8954864,72.1286457],[111.5823109,72.2262995],[111.6670149,72.2575321],[111.4387956,72.3172622],[111.0101998,72.3902202],[111.0374733,72.4402027],[111.2910577,72.4866073],[111.178717,72.5577578],[111.0271879,72.5631678],[110.7613597,72.6477116],[110.6566845,72.791381],[110.6457024,72.8937321],[110.8730556,72.9444534],[110.6665631,72.9910897],[110.8601685,73.0543792],[110.7455163,73.1029426],[110.8501602,73.1606703],[110.4681671,73.1504562],[110.3558259,73.199234],[110.6244236,73.2548331],[110.5306443,73.3170058],[110.1372643,73.3838281],[110.5313536,73.4343335],[111.0011018,73.5563368],[111.2827285,73.6092453],[110.96623065188602,73.6983322347295],[110.6071935,73.6309496],[110.4651112,73.6359574],[110.1322603,73.4992198],[109.7931875,73.4354979],[109.5554608,73.4449099],[109.1997319,73.4994633],[109.3015195,73.3910011],[108.6532576,73.314678],[108.2741212,73.2928509],[108.1969952,73.2320177],[108.0037561,73.2214826],[107.754542,73.1523224],[107.0087694,73.1606738],[106.6882078,73.1377309],[106.3467901,73.1859845],[106.2181905,73.1274995],[106.2364549,72.9635944],[106.0080546,72.9175776],[105.7484185,72.8016741],[105.5022821,72.7403474],[105.2004605,72.7245207],[104.7579368,72.6002525],[104.4239559,72.6088249],[104.5245332,72.6706316],[104.7357301,72.6948099],[104.7709893,72.74839],[105.0860644,72.8052086],[105.3500993,72.7915116],[105.6458841,72.8793155],[105.9232076,73.0071532],[105.9065384,73.107132],[106.0632547,73.1406216],[106.126445,73.2731567],[106.2834936,73.3206683],[106.7572508,73.3109477],[106.9327351,73.4515034],[107.2090697,73.5385001],[106.9024236,73.5775307],[106.9486753,73.6298884],[107.2024819,73.6091226],[107.9302376,73.6383917],[108.1730279,73.6593751],[108.5157086,73.7829375],[108.7721506,73.9344911],[109.1729118,74.0600025],[109.5427336,74.0840115],[109.9101594,74.2048916],[109.9166773,74.3176261],[110.1126912,74.3855591],[110.3926692,74.4224739],[110.5094043,74.4867843],[111.0377476,74.5548824],[111.404833,74.6781508],[111.8436837,74.6882833],[112.2441992,74.8823394],[112.7546047,74.9381439],[113.5105312,75.2097231],[113.6732683,75.2998173],[113.7541185,75.423738],[113.7257067,75.4936996],[113.3912166,75.5172524],[113.2783067,75.6607187],[112.996705,75.6100977],[112.8866019,75.7132155],[113.5783572,75.6541702],[113.7263361,75.6110567],[113.8886018,75.7633061],[113.8691694,75.9192718],[113.5794549,75.9100297],[113.4739912,76.1551646],[113.288558,76.2532906],[112.9838352,76.2399026],[113.0559937,76.0798606],[112.7127898,76.2038622],[112.8019944,76.3134578],[112.3073596,76.4417342],[112.0025223,76.5494451],[111.5445392,76.6216076],[111.6427232,76.6611904],[111.1425385,76.7115073],[110.3857739,76.7360282],[110.0948508,76.6873945],[109.4268249,76.7347176],[108.656472,76.696182],[108.3310452,76.741949],[107.9521821,76.7227711],[108.042794,76.6401083],[107.8905491,76.5279025],[107.6160878,76.4922919],[107.3858578,76.5272933],[106.8707368,76.4888315],[106.4417924,76.5161756],[106.787026,76.6117781],[107.0733696,76.7959512],[107.2357402,76.7971479],[107.4376184,76.8975331],[107.2276899,77.0031644],[106.8677761,77.0474217],[106.502462,77.0033646],[106.1931258,77.0565237],[105.9759641,76.9960634],[105.6290279,76.9706359],[105.8177364,77.0885008],[105.4352763,77.0674896],[105.2029636,77.090431],[104.4409387,77.0732787],[104.4133349,77.1257578],[104.804313,77.1647626],[104.9598733,77.1513543],[105.5388155,77.231926],[105.8800329,77.3638819],[106.2033275,77.3800791],[105.9187323,77.4624198],[105.880147,77.5430992],[105.3470306,77.5385182],[104.8032975,77.6200127],[104.704437,77.6849473],[104.424294,77.6528638],[104.0922093,77.7168516],[103.5925411,77.6077939],[103.2845436,77.6291385],[102.9057684,77.5196597],[102.656448,77.4930128],[102.3825837,77.3625583],[102.0852029,77.3393851],[101.3943142,77.1090033],[101.3327081,76.9931178],[101.0719065,76.9442854],[100.9307127,76.8587167],[101.1777134,76.6708388],[101.11156,76.54892],[100.87339,76.50051],[100.4218,76.45251],[100.1342,76.4652499],[99.4061189,76.4467301],[98.9733155,76.5017778],[98.87223,76.4545799],[99.10302,76.33279],[99.40712,76.2714599],[99.89659,76.08674],[99.26348,76.12017],[99.1850499,76.2048401],[98.9548999,76.1975399],[98.7209481,76.2398908],[98.5266599,76.1882801],[98.1684983,76.1516076],[98.2030299,76.0884301],[97.8221001,75.97735],[97.5390699,75.99458],[96.9864001,75.96202],[96.84325,75.8806401],[96.5053599,75.88385],[96.6887801,75.95712],[95.9930599,75.93587],[95.8172,75.86792],[95.6182799,75.87629],[96.0563199,76.00566],[95.8836499,76.1398399],[95.44643,76.15313],[95.27957,76.1048901],[94.32845,76.1251599],[93.90276,76.11253],[93.92112,76.0676401],[93.53357,76.0265101],[93.34045,76.08637],[93.18342,76.01323],[92.8848,75.9739301],[92.9210199,75.90065],[93.12533,75.89284],[93.2981399,75.9423699],[93.46831,75.87441],[93.27884,75.8142999],[92.39964,75.73619],[92.18799,75.74042],[91.78362,75.70397],[91.63,75.6327499],[91.1426599,75.65283],[90.6963501,75.63258],[89.9689726,75.5542353],[89.982221,75.4964159],[89.736221,75.4854317],[89.6207504,75.4275449],[89.304402,75.4589525],[88.9640636,75.4262818],[88.5971617,75.3182899],[88.30124,75.1993601],[88.3324299,75.1514],[87.90889,75.10605],[87.1929,75.1476899],[86.9125999,75.1105499],[87.2954999,75.0479],[87.71443,75.03166],[87.7398,74.9781499],[87.3582801,74.9264499],[87.09496,74.8571501],[87.0113199,74.73715],[86.7548399,74.70606],[86.32819,74.73172],[85.83845,74.71793],[85.88271,74.62165],[86.36846,74.61396],[86.74224,74.49447],[86.1656199,74.4432799],[85.9688199,74.39731],[85.9092399,74.33048],[86.0767701,74.28745],[86.37322,74.28269],[86.7818616,74.2089054],[86.72485,74.1272901],[87.1583901,73.93493],[87.1237767,73.8530235],[86.7939952,73.8922848],[86.5799231,73.8668442],[86.1060079,73.8594458],[85.8926914,73.8156503],[85.5546322,73.7904895],[85.5197216,73.7181521],[85.1742715,73.6984166],[84.8812569,73.7542223],[84.4526017,73.7114831],[83.5266021,73.644376],[83.11452,73.63686],[82.27427,73.63975],[81.4084601,73.6007799],[81.3364101,73.5705],[80.6035599,73.5619699],[80.6932501,73.49288],[80.68097,73.40473],[80.46376,73.36034],[80.3761801,73.2923899],[80.6340101,73.25954],[80.7048,73.1896499],[80.4861599,73.1788699],[80.88391,72.94277],[80.8421149,72.7964608],[80.69268,72.7277099],[80.71877,72.6270801],[80.8672,72.6200801],[80.76735,72.50783],[80.89823,72.4238799],[81.23388,72.35529],[81.81307,72.32719],[82.2507,72.2544838],[82.3692501,72.18867],[82.26014,72.1009801],[82.5251717,72.0249203],[82.6675,71.91339],[83.1370526,71.8781112],[83.3349101,71.84437],[83.4442299,71.73908],[83.2787999,71.7062101],[82.70596,71.76199],[82.3160901,71.70691],[81.6805753,71.6940788],[81.3698999,71.75027],[81.2835001,71.83424],[80.68033,72.0483099],[80.8229901,72.0748],[79.9590586,72.2022482],[79.5580599,72.3361301],[79.24316,72.3631],[78.5437999,72.3780401],[78.45882019684869,72.31519177963901],[78.6119114,72.2857398],[78.6156618,72.1713401],[78.7595634,72.1634145],[79.0697786,72.0765924],[79.4060386,72.0406767],[79.6508354,72.0553623],[80.0398941,71.9842056],[80.3561768,71.882002],[80.1269638,71.7964085],[80.1419411,71.6715123],[79.8243712,71.585781],[79.3770739,71.6090016],[79.3136368,71.4543358],[79.1337187,71.3932626],[79.2202338,71.3074168],[79.433874,71.2961421],[79.9969629,71.1164619],[80.5839824,71.0431888],[80.6387327,70.8330514],[80.7131057,70.8103761],[80.6498308,70.6873945],[80.8170736,70.621703],[80.7235351,70.5067969],[80.6176803,70.4539171],[80.4142052,70.4605496],[80.023538,70.331577],[79.8785726,70.2618656],[79.7550673,70.2757096],[79.5073951,70.1118085],[79.3242096,70.0902888],[79.1651255,70.021813],[79.1096724,69.9327466],[78.9625184,69.8787827],[78.9950001,69.8066119],[79.1175302,69.7886672],[79.1329216,69.6854172],[79.4168219,69.6612035],[79.510766,69.6291408],[79.6472585,69.4741845],[79.917844,69.352295],[80.2366674,69.3659878],[80.432638,69.3311269],[80.7621962,69.3063796],[81.0102231,69.2095428],[81.3417017,69.2828185],[81.434517,69.2484414],[81.6764598,69.3166102],[81.6409916,69.413596],[81.8219983,69.4270719],[81.961172,69.3525488],[81.8052566,69.253679],[81.8517323,69.1935428],[82.1384638,69.1623461],[82.3959197,69.1738553],[82.4609539,69.0773166],[82.3155826,69.0538486],[82.4937015,68.9716155],[82.5945187,68.8070229],[82.8006769,68.7591947],[82.8727314,68.6743217],[82.6487849,68.6088259],[82.6209697,68.5477601],[82.7140255,68.405172],[82.5522085,68.1670674],[82.3477832,68.1239655],[82.3961292,67.9674091],[82.335616,67.9333456],[81.9738629,67.9595322],[81.7727565,67.9471016],[81.7286586,67.9001929],[81.8553503,67.7976452],[82.0941388,67.7210407],[82.0300743,67.6436068],[82.2602048,67.5446365],[82.3973817,67.5217621],[82.2609539,67.430337],[82.2832796,67.3070527],[82.1332076,67.2189004],[82.7305639,67.0033012],[83.1449438,66.8302785],[83.2677502,66.69833],[83.2752516,66.6424505],[83.0905197,66.5946741],[83.076214,66.4628931],[83.2381214,66.382911],[83.5391543,66.1874457],[83.3563028,66.119352],[83.2694472,66.0492286],[83.3110261,65.9862849],[83.5486598,65.9023716],[83.4735049,65.8145292],[83.5633949,65.7619789],[83.9665085,65.7922506],[84.1514552,65.6947785],[84.2792205,65.6842108],[84.2827373,65.617595],[84.5094179,65.4774381],[84.4934062,65.3902526],[84.567119,65.3170418],[84.5424181,65.244356],[84.3834799,65.2018508],[84.2883521,65.1040607],[84.3218476,64.920113],[84.4388008,64.9062862],[84.846489,64.9447159],[85.032215,64.9100793],[84.95958,64.8358536],[85.1311308,64.7963394],[85.3145237,64.789896],[85.5278842,64.8522196],[85.8337133,64.7843345],[85.8193722,64.6799252],[85.907316,64.574106],[85.8042869,64.496899],[85.921623,64.4316463],[86.007285,64.2720845],[85.9335748,64.1320144],[85.9670458,64.0485007],[85.7520504,64.001927],[85.4820254,63.9142515],[85.3290719,63.7964066],[85.3048559,63.6514448],[85.0783864,63.5339442],[85.2816612,63.5198915],[85.417437,63.4372333],[85.4194169,63.3653016],[85.6884276,63.3724954],[85.5678726,63.2836843],[85.4989953,63.1530129],[85.6198492,63.0344732],[85.5029622,62.9816261],[85.5150935,62.8985655],[85.3670938,62.8790889],[85.2142488,62.7985078],[85.0991627,62.6412261],[84.899726,62.5574818],[84.9225526,62.4760768],[84.6981416,62.390519],[84.4408595,62.1956567],[84.4919864,62.0984713],[84.5193918,61.9278392],[84.6779151,61.8081303],[84.8408924,61.773046],[84.9189798,61.7899207],[85.0968523,61.7519865],[85.2777984,61.6737218],[85.4065558,61.6871474],[85.4928532,61.6172155],[85.7128388,61.5726147],[85.8425127,61.5939212],[85.9611374,61.5451196],[85.965282,61.4591953],[85.7981925,61.4540985],[85.6407308,61.3670902],[85.696583,61.2838155],[84.7350823,61.014263],[84.6416508,60.9979452],[84.2631099,60.8625176]]],[[[78.7499,72.90637334847405],[78.6192799,72.8425],[78.87835,72.73686],[79.38344,72.7011499],[79.5383501,72.7185601],[79.5154,72.9269299],[79.38632,73.01106],[79.1663601,73.08294],[78.7499,72.90637334847405]]],[[[111.3187487,73.8526888],[111.2119899,73.9577786],[110.9695127,73.8998501],[110.6678117,73.977178],[110.3219827,74.0161327],[109.9712072,73.9977179],[109.8795008,73.8924451],[109.5514223,73.8171817],[109.6702179,73.6744833],[110.1245164,73.7030639],[110.2960923,73.6797466],[110.5981158,73.7509756],[110.89857733518835,73.7660490204933],[110.9916657,73.8129384],[111.3187487,73.8526888]]],[[[82.9449676,74.0749794],[83.3498134,74.0510074],[83.4635577,74.1281886],[83.1117227,74.1205263],[82.9449676,74.0749794]]],[[[79.5509201,74.5125299],[79.5612982,74.596893],[79.2747601,74.5453101],[79.5509201,74.5125299]]],[[[84.8875199,74.473],[84.6266901,74.49623],[84.4535901,74.4437299],[84.80806,74.4065601],[84.8875199,74.473]]],[[[85.6649899,74.5289601],[85.2886499,74.5762201],[85.1746801,74.4818599],[85.42547,74.4531799],[85.6649899,74.5289601]]],[[[85.78135,74.45402786284211],[86.18057,74.48625],[86.23768,74.54029],[85.97485,74.59387],[85.7569101,74.55058],[85.78135,74.45402786284211]]],[[[82.0898719,75.1324865],[82.3092944,75.2036922],[82.2118396,75.2820298],[82.4315123,75.3409715],[82.2848693,75.423725],[82.276056,75.5221006],[81.9411527,75.488461],[81.667942,75.4170695],[81.5974361,75.2746545],[81.7284908,75.1980042],[82.0898719,75.1324865]]],[[[86.67616,74.8292699],[86.880888,74.8852113],[87.1127872,74.8879255],[87.0647242,74.9769401],[86.5564801,74.9735601],[86.5458299,74.9194499],[86.2805346,74.8648054],[86.67616,74.8292699]]],[[[82.1322819,75.853836],[82.0339916,75.9530676],[81.7803393,75.9622994],[81.6767298,75.9057919],[82.1322819,75.853836]]],[[[82.6870947,75.9253582],[82.9096176,75.9008127],[83.3059492,75.9150945],[83.3027786,75.9526613],[82.8500414,75.9693279],[82.6870947,75.9253582]]],[[[95.6249,76.19425278950946],[95.83191,76.14785],[96.4695358,76.1364117],[96.42702,76.3075899],[95.9907299,76.2877701],[95.7843501,76.3018001],[95.6249,76.19425278950946]]],[[[106.8749,78.08765758746146],[107.6531728,78.0594975],[107.7367989,78.1554453],[107.5391812,78.1852573],[107.1513873,78.15006],[106.8749,78.08765758746146]]],[[[76.1091648,79.6618717],[76.3583179,79.5596441],[76.7939883,79.4864813],[77.3659584,79.5265008],[76.6707755,79.629152],[76.1091648,79.6618717]]],[[[91.200085,79.7377568],[91.6723481,79.6444124],[91.9990411,79.672569],[91.6720542,79.7286786],[91.200085,79.7377568]]],[[[79.3075177,80.8814474],[78.9026024,80.8378623],[78.8192439,80.7820134],[79.0899401,80.7446757],[79.8408381,80.7558711],[80.1164249,80.8579154],[79.5953618,80.9014752],[79.3075177,80.8814474]]],[[[91.0315305,81.2152222],[90.1884154,81.1751941],[90.2363803,81.0923811],[90.8067533,81.0374846],[91.4206548,81.0630575],[91.6332445,81.1218676],[91.4797245,81.1888216],[91.0315305,81.2152222]]],[[[92.8124,79.68685607626796],[93.1425353,79.7054596],[93.7163009,79.8324428],[93.8735652,79.9110325],[92.9848996,80.031231],[92.3282222,80.0389537],[91.9512925,80.0827294],[91.4315488,80.0529566],[91.1444312,79.9538134],[91.3834909,79.9095762],[91.217527,79.835392],[91.9616438,79.7998864],[92.0193969,79.6887801],[92.3195189,79.6669238],[92.8124,79.68685607626796]]],[[[92.8124,80.13245054773219],[93.5933324,80.0101397],[94.224675,80.0405823],[94.8166579,80.1424216],[95.4413815,80.1721151],[95.7972435,80.2149142],[97.0902446,80.2236476],[97.4841091,80.2833888],[97.2031037,80.3551416],[97.3458163,80.4498343],[97.1603139,80.577265],[97.2861514,80.6149389],[98.066041,80.681169],[97.8404139,80.7781191],[96.8309058,80.9168902],[96.5343712,81.0685116],[95.746232,81.2731365],[95.179917,81.2377824],[95.2883763,81.1888123],[94.8855926,81.0909703],[94.2120956,81.0297851],[93.5041503,80.9990101],[93.1966068,80.9573777],[93.2067532,80.8928451],[92.8739678,80.841951],[92.6304094,80.7116854],[93.1762232,80.6884138],[92.8571306,80.5946125],[92.9182516,80.4699927],[92.4887055,80.4655215],[92.2015959,80.3675745],[91.6366168,80.3288634],[91.5214632,80.2709693],[92.2543698,80.2700946],[92.4956192,80.1430864],[92.8124,80.13245054773219]]],[[[101.2499,79.12964982699995],[101.1567073,79.1040596],[100.8165877,78.8523327],[100.3617105,78.6546414],[100.379186,78.591106],[100.0762773,78.3649622],[100.1514079,78.3472964],[99.6529512,78.1716297],[99.404257,78.0190329],[99.5760675,77.9200024],[100.0710272,77.9460951],[101.2741203,78.1666768],[101.8467092,78.1858005],[103.2885253,78.2013919],[103.8475508,78.2394095],[104.3871553,78.3093644],[104.902066,78.3081553],[105.418575,78.4945064],[105.4629625,78.5431882],[105.3067054,78.7839913],[104.9493763,78.8541918],[104.5383401,78.8426671],[104.586012,78.9192177],[104.4112174,78.9897351],[104.041687,79.0504475],[104.0946322,79.1298148],[103.6006212,79.1719207],[103.5194621,79.0972482],[102.9795812,79.0087023],[102.7622021,79.0753149],[103.0439365,79.2582996],[102.9004293,79.3766015],[102.314989,79.41406],[102.2067492,79.3269624],[101.6475545,79.3396821],[101.681106,79.2311437],[101.3603329,79.2203038],[101.2499,79.12964982699995]]],[[[95.6251,80.10951916563741],[95.3366202,80.0274499],[95.0190184,80.06431],[94.6954843,79.9829627],[94.3525695,79.974741],[94.3314267,79.891537],[94.7158973,79.8190976],[94.5946545,79.7786912],[94.0607785,79.7634879],[93.6762106,79.6178656],[93.9914236,79.4906408],[94.3800815,79.4721115],[94.2951158,79.3369822],[94.377069,79.237598],[94.7256334,79.1774011],[94.6842105,79.1123167],[95.1235706,79.0241252],[95.5367015,79.1038227],[95.7631003,79.0487202],[95.7254027,78.993169],[96.0754046,78.9804933],[96.4773447,79.0166259],[96.9632785,78.980197],[96.968524,78.9343931],[97.3998693,78.8467903],[97.8948217,78.7912962],[98.1564322,78.8166171],[99.4587734,78.8041703],[99.9875101,78.9232301],[99.8525043,79.014502],[99.9165363,79.0732801],[99.3034704,79.2277639],[99.8125948,79.2776508],[99.7796358,79.5459387],[99.9505126,79.6700052],[99.8826036,79.7301427],[100.1041804,79.771469],[100.0238128,79.8407817],[99.4569666,80.0131652],[98.6622737,80.0633272],[98.5018988,80.0114491],[98.5404618,79.9346484],[98.3168472,79.8291279],[97.940533,79.8210717],[98.0747629,80.0651563],[97.6636534,80.166853],[97.1730964,80.1663837],[96.898339,80.1080494],[96.3355871,80.0923716],[95.6251,80.10951916563741]]],[[[112.4999,76.43357107371253],[112.5990278,76.5385753],[112.4910724,76.6056399],[111.9988164,76.6025136],[112.101313,76.529063],[112.2859195,76.5254542],[112.4999,76.43357107371253]]],[[[95.96643,76.59467],[96.3350201,76.6138701],[96.19236,76.686258],[95.8963456,76.6285281],[95.96643,76.59467]]],[[[89.364819,77.294116],[89.2106743,77.1834072],[89.6235264,77.182708],[89.7637061,77.265172],[89.364819,77.294116]]],[[[95.6251,76.97282726953905],[95.96121,77.0073],[96.2338599,76.9737599],[96.57745,77.1242999],[96.4169401,77.17325],[96.1633501,77.11068],[95.44966,77.0132299],[95.6251,76.97282726953905]]],[[[107.6236083,77.2477496],[107.7528432,77.2988165],[107.4276094,77.3394959],[107.3043183,77.2729414],[107.6236083,77.2477496]]]]},"properties":{"shapeName":"Krasnoyarsk Krai","shapeISO":"RU-KYA","shapeID":"28173009B65133456612022","shapeGroup":"RUS","shapeType":"ADM1"}},
{"type":"Feature","geometry":{"type":"Polygon","coordinates":[[[115.729696,56.962195],[115.5850072,56.8788031],[115.6141969,56.7718511],[115.5577421,56.694284],[115.4523331,56.665832],[115.411967,56.606072],[115.51942,56.5735461],[115.6871051,56.565676],[115.6750249,56.40576],[115.692962,56.271517],[115.765893,56.177252],[115.779444,55.98646],[115.9051641,55.927127],[115.835376,55.854919],[115.9159459,55.573847],[115.878029,55.4947401],[115.9604801,55.446656],[115.902617,55.4059948],[115.9752687,55.3560241],[116.2394165,55.3534416],[116.3523301,55.3844923],[116.450519,55.3257169],[116.4756235,55.2274727],[116.6925475,55.1196553],[116.7606423,55.1168817],[116.8411684,55.0342638],[116.8747746,54.877336],[116.9184386,54.8265674],[116.849861,54.7717532],[116.7805894,54.6065443],[116.7266238,54.5408716],[116.6372299,54.507306],[116.1759184,54.5114649],[115.6057818,54.4149329],[115.4972492,54.3732637],[115.4930586,54.3089398],[115.3468804,54.2701113],[115.1630957,54.1903682],[115.1429079,54.1179755],[115.0126306,54.0723504],[115.0152468,54.0290932],[114.8674801,53.9544332],[114.5780658,53.8855527],[114.4967767,53.8101212],[114.3654907,53.8154],[114.2936965,53.7543883],[114.1603996,53.7590292],[113.984682,53.7228077],[113.9760606,53.6492897],[113.8249031,53.6316039],[113.8830495,53.5230551],[113.8272263,53.4164959],[113.9466987,53.3466217],[113.9244017,53.2840098],[114.1132674,53.18392],[114.2056863,53.1786826],[114.1697679,53.0867328],[114.3296106,53.0602526],[114.3168531,52.9787487],[114.2532707,52.9326804],[114.2244186,52.8123552],[114.0820081,52.6795965],[113.6401276,52.5292189],[113.5907139,52.4488046],[113.4870447,52.4707709],[113.1519611,52.4535939],[113.0930808,52.4037345],[112.7355821,52.3264009],[112.6791139,52.3548295],[112.5465672,52.3457813],[112.5074419,52.2462385],[112.4101511,52.2153263],[112.0735916,52.2846629],[112.0084135,52.2087079],[111.934638,52.1974414],[111.8946158,52.1189848],[111.7724988,52.0669032],[111.7119005,51.9759086],[111.5151269,51.9135803],[111.4599131,51.8705413],[111.3474375,51.8777184],[111.2882574,51.8394496],[111.1485397,51.8329586],[111.0158069,51.7919386],[110.8354595,51.6499405],[110.7104658,51.5165546],[110.52191,51.5026394],[110.2842628,51.6024089],[110.11034,51.5997557],[110.058828,51.621315],[109.8341963,51.5529683],[109.6204229,51.4490959],[109.4344299,51.4252444],[109.2441825,51.3697151],[109.1191416,51.431997],[109.05199,51.5099685],[108.9674096,51.4405675],[108.7853619,51.4367399],[108.6821555,51.5033632],[108.6170245,51.4087879],[108.5009966,51.4051092],[108.4614027,51.2953529],[108.4663581,51.2079326],[108.5578609,51.177337],[108.5628019,51.1205787],[108.4539462,51.0536128],[108.3416151,51.0630702],[108.2609302,50.9008827],[108.2648344,50.8232727],[108.0607297,50.7740424],[108.1819466,50.6498617],[108.4824514,50.5945027],[108.5129695,50.5490257],[108.6791066,50.5372832],[108.6550751,50.4645111],[108.5315382,50.4722072],[108.3391983,50.394126],[108.2228061,50.4167907],[108.1076624,50.3073065],[107.9674782,50.3214957],[107.9273764,50.231458],[107.839526,50.2079264],[107.7342132,50.1111822],[107.7854767,50.0645979],[107.7543048,49.9705841],[107.7942207,49.9331705],[107.9690548,49.9413946],[107.9192,49.8754],[107.9677,49.735],[107.9683,49.6548],[108.1611,49.5618],[108.3038,49.5319],[108.3564,49.4279],[108.5175,49.3227],[108.9554,49.3448],[109.0581,49.3232],[109.1712,49.3529],[109.4124,49.2998],[109.5591,49.2208],[109.6838,49.226],[109.9026,49.2057],[110.2258,49.1581],[110.3796,49.247],[110.4762,49.2016],[110.6836,49.1709],[110.8193,49.182],[111.2768,49.3104],[111.3748,49.3577],[111.5148,49.323],[111.6683,49.3798],[111.9092,49.3764],[112.1946,49.4466],[112.2783,49.4844],[112.4865,49.5241],[112.6889,49.5041],[112.8066,49.5151],[113.0439,49.6082],[113.2184209,49.8370575],[113.4739242,49.9354483],[113.4888,49.9736],[113.6519,49.9997],[113.7427,50.0749],[113.8787,50.1049],[114.1784,50.243],[114.3388,50.2827],[114.4677,50.2335],[114.6171,50.2456],[114.8312,50.2237],[115.0075,50.1639],[115.0677,50.0939],[115.2239,49.9884],[115.5067,49.9071],[115.7445232,49.8876319],[116.0727,50.0137],[116.2329629,50.0358666],[116.3436,49.9958],[116.6216,49.9311],[116.7112958,49.8418325],[117.0614,49.6856],[117.2732686,49.6308469],[117.4715657,49.62638],[117.792856,49.5202219],[117.8808286,49.5152612],[117.8909036,49.5936271],[118.0739634,49.6138386],[118.2044908,49.6899565],[118.2395094,49.7372692],[118.3720526,49.786181],[118.5547699,49.9218933],[118.7343277,49.9448762],[118.9376478,49.9912751],[119.0840802,49.9842595],[119.2741199,50.1047957],[119.3508236,50.3576431],[119.2467742,50.3417267],[119.1449353,50.3881479],[119.2426458,50.4466459],[119.2742485,50.6034177],[119.4419195,50.6939013],[119.4990066,50.7658256],[119.5105065,50.8975329],[119.5834106,50.9752041],[119.7539249,51.0886458],[119.8121668,51.2314823],[119.9331151,51.3541747],[120.0448581,51.5523361],[120.0502998,51.630347],[120.1667457,51.6780703],[120.3915629,51.8304258],[120.64758,51.9227252],[120.7118393,52.0072354],[120.6791109,52.0361783],[120.7795519,52.1637389],[120.7516307,52.255407],[120.6213655,52.3246761],[120.6835667,52.4289413],[120.6864008,52.5176935],[120.477635,52.6289687],[120.2820189,52.6221078],[120.1846108,52.5770372],[120.0783937,52.5832126],[120.0267672,52.6354566],[120.0618436,52.7072149],[120.0266437,52.776256],[120.2808237,52.8609827],[120.3613511,52.9428687],[120.5552591,53.0804569],[120.6360335,53.1039235],[120.6835264,53.1711013],[120.9408848,53.2955648],[121.1273383,53.2751627],[121.2760426,53.2888334],[121.5720896,53.3475091],[121.6945874,53.3925736],[121.9484862,53.4288655],[122.111783,53.4314965],[121.9477159,53.6166647],[121.9664713,53.6978698],[121.9463123,53.8266154],[121.8489561,53.9532746],[121.7590032,53.9493216],[121.6262392,54.0967082],[121.765597,54.1763034],[121.7121785,54.2285035],[121.7473949,54.2821052],[121.6558852,54.3578173],[121.7598624,54.4394385],[121.8776425,54.4236002],[121.9122889,54.3771375],[122.1289617,54.4131043],[122.1458196,54.4587554],[121.9298657,54.569081],[121.8891179,54.6545977],[121.9377924,54.7134221],[121.8799146,54.8030224],[121.7940488,54.7722323],[121.6403283,54.7647736],[121.6672067,54.8344976],[121.9596487,55.0005321],[121.9138763,55.1195226],[122.0325804,55.1961486],[121.9438176,55.2329387],[121.9852569,55.3125506],[121.9997279,55.4338744],[121.8994965,55.6195188],[121.6967436,55.6142566],[121.6074953,55.5257722],[121.4192575,55.4944622],[121.336304,55.5301572],[121.36111,55.6072179],[121.3171214,55.6592304],[121.3370998,55.8216828],[121.2467792,55.8801097],[121.2691048,55.9406747],[121.2126569,56.0278734],[121.0454079,56.0093286],[120.98478,56.0423394],[120.8558289,56.0216384],[120.633166,55.9305672],[120.4748242,55.9287667],[120.3402934,55.8826531],[120.2276464,55.9225835],[120.0831886,55.935283],[120.1306092,56.0228461],[120.0325662,56.108902],[120.1736164,56.2063263],[120.3037607,56.2023795],[120.539248,56.2662729],[120.2353792,56.4033273],[120.2544065,56.4477846],[120.0891851,56.5008282],[119.9494733,56.4927275],[119.9236126,56.5491102],[119.7969819,56.5966169],[119.7765961,56.7333972],[119.6553908,56.7570258],[119.7064925,56.8294074],[119.8561397,56.8960791],[119.7910584,56.9800332],[119.6901096,56.9858127],[119.5725678,57.0764545],[119.6911587,57.1749643],[119.6027533,57.2360378],[119.586803,57.304075],[119.419936,57.3959289],[119.3928189,57.4852408],[119.4864316,57.5494825],[119.4207169,57.6209524],[119.1798435,57.5894291],[119.1669549,57.7184085],[119.0458302,57.7645223],[119.1033731,57.8322832],[119.0915646,57.9130077],[119.1639855,58.0314565],[119.1629109,58.1693535],[119.116842,58.238128],[118.8071189,58.2304178],[118.6800258,58.1788239],[118.5768505,58.232497],[118.4746812,58.2295839],[118.2543706,58.3976795],[118.0015435,58.4233387],[117.6723189,58.4063016],[117.4722493,58.3260151],[117.592912,58.1840137],[117.4508374,58.1752022],[117.4044186,58.123508],[117.3949962,57.9432397],[117.3460793,57.8644691],[117.1198533,57.8607926],[117.0991007,57.7980603],[117.181607,57.7696678],[117.140152,57.6653543],[117.3349427,57.6331624],[117.2548053,57.5374252],[117.3232934,57.4785842],[117.3446288,57.364109],[117.4519286,57.3483772],[117.4498706,57.2596163],[117.6241612,57.3248615],[117.7791414,57.3183554],[117.7547894,57.2375995],[117.5762071,57.1651349],[117.6756366,57.0894699],[117.6371094,56.9782083],[117.5766673,56.9159545],[117.3962856,56.8499024],[117.2533961,56.9170914],[117.1616978,56.8405132],[116.7429147,56.7387578],[116.5209884,56.7737561],[116.3160157,56.87033],[116.1155182,56.8190595],[115.8289174,56.9465251],[115.729696,56.962195]]]},"properties":{"shapeName":"Zabaykalsky Krai","shapeISO":"RU-ZAB","shapeID":"28173009B29209288820923","shapeGroup":"RUS","shapeType":"ADM1"}},
{"type":"Feature","geometry":{"type":"Polygon","coordinates":[[[64.9270552,56.7724002],[65.1696827,56.7640353],[65.2531476,56.9205059],[65.0561954,56.9039161],[64.9625194,57.156659],[65.0050861,57.2338124],[64.8271919,57.2931197],[64.9660585,57.6050704],[64.8330882,57.6482501],[65.4067547,57.8258214],[65.53412,57.7621437],[65.7947688,57.8747983],[65.8249863,57.9326348],[65.984069,57.9448616],[66.0415493,57.9929087],[66.1848568,58.0109699],[66.0000584,58.2486931],[65.9504599,58.6145443],[65.6554112,58.658297],[65.3726848,58.8989522],[65.3398476,59.0088793],[65.2363033,59.2055752],[65.1203558,59.2184327],[65.0743291,59.3102978],[64.4896702,59.3767548],[64.0204659,59.3818567],[63.8743126,59.4613009],[63.8249465,59.7447323],[63.7950329,59.8167422],[63.6059363,60.1017036],[63.1808401,60.2244738],[63.2257305,60.2942063],[62.8673828,60.653825],[62.7601557,60.8533213],[62.826001,61.0005295],[62.645589,61.1706512],[62.4835549,61.2609731],[61.8905215,61.4068089],[61.88651,61.4365793],[61.2294753,61.6544982],[60.9974192,61.6948009],[60.8385985,61.6984663],[60.5146097,61.7356999],[59.9980125,61.7183764],[59.9509736,61.7454428],[59.9725008,61.8827977],[59.7180224,61.9304868],[59.4890224,61.9466153],[59.3276151,61.8406072],[59.4188001,61.7543342],[59.3489689,61.6630673],[59.4040679,61.6200051],[59.3692386,61.3938861],[59.2617355,61.2994762],[59.3950645,60.9421141],[59.4750065,60.9392482],[59.4827306,60.8315209],[59.4265424,60.7500828],[59.429726,60.6422102],[59.36186,60.5235232],[59.2203576,60.4431517],[59.1393527,60.2067341],[59.0298047,60.0152351],[58.839456,59.9319817],[58.8002461,59.8430025],[58.6934489,59.8566101],[58.6023248,59.6934811],[58.4790481,59.7116731],[58.3629353,59.4646404],[58.5249315,59.4350227],[58.6247274,59.2979664],[58.7891869,59.2395419],[58.9598703,59.2341249],[59.1967866,59.147133],[59.0929242,59.0004814],[59.2069398,58.9539516],[59.0800276,58.9060957],[59.1058354,58.7737799],[59.1535825,58.7175461],[59.395558,58.709063],[59.3960599,58.5853431],[59.4536227,58.4780575],[59.2874568,58.419285],[59.1862402,58.2785876],[59.1370631,58.2598423],[58.9246929,58.2810103],[58.6632636,58.1052471],[58.6385688,58.0047968],[58.728266,57.8520528],[58.8637912,57.8380971],[58.8283588,57.735557],[58.5370849,57.5640721],[58.4604523,57.5823577],[58.4468712,57.6739307],[58.1594203,57.679759],[58.0303536,57.6114077],[58.0120262,57.4845369],[57.9404865,57.3164302],[58.0108536,57.2656215],[58.0216238,57.0789621],[57.846636,57.0394857],[57.8399122,56.9849052],[57.6760621,56.9205093],[57.466781,56.9128986],[57.3158286,56.9284439],[57.2293844,56.8559997],[57.3404247,56.7527945],[57.3350244,56.6871877],[57.3990898,56.640547],[57.3882883,56.5314963],[57.3233482,56.3942175],[57.4062372,56.3426599],[57.4067532,56.2720783],[57.5057578,56.1995851],[57.5160961,56.0972385],[57.6457978,56.0930412],[57.6862416,56.1366225],[57.8938241,56.1416229],[57.9139237,56.1072334],[58.1645412,56.1407151],[58.3845276,56.0817762],[58.511075,56.1706656],[58.5828061,56.1651704],[58.7118111,56.0936576],[58.9606303,56.0652244],[59.0418325,56.1718059],[59.1685212,56.1987135],[59.1983362,56.2710607],[59.1389709,56.3220057],[59.5547746,56.3389063],[59.7140079,56.3235166],[59.6347065,56.2480481],[59.7576391,56.2232356],[59.8637601,56.2603397],[60.0509579,56.2135514],[60.2589472,56.1997491],[60.3633414,56.2332958],[60.553154,56.2223343],[60.5763638,56.3180841],[60.679792,56.310093],[60.709124,56.2392361],[60.9638688,56.1909516],[61.1035319,56.1814382],[61.185875,56.2082643],[61.091729,56.3192581],[61.1771275,56.3610981],[61.3373667,56.3152417],[61.4337134,56.3511385],[61.5814565,56.2876753],[61.7345803,56.2867022],[61.8398296,56.1826378],[62.0610577,56.1308206],[62.07111,56.2970182],[62.146812,56.2751196],[62.2645241,56.3377652],[62.2544646,56.3990824],[62.428448,56.526957],[62.5692117,56.5658134],[62.6029324,56.4906582],[62.7247623,56.5077729],[62.742916,56.5583611],[62.8711811,56.5469333],[62.9858719,56.5979383],[63.1244049,56.5641244],[63.3150704,56.5677826],[63.4739445,56.6116313],[63.5991141,56.5878071],[63.8294186,56.4811034],[64.1788357,56.4606847],[64.350427,56.6825602],[64.3278988,56.7565425],[64.4938621,56.7455841],[64.5455992,56.7887585],[64.764311,56.8124728],[64.9270552,56.7724002]]]},"properties":{"shapeName":"Sverdlovsk Oblast","shapeISO":"RU-SVE","shapeID":"28173009B92397886288731","shapeGroup":"RUS","shapeType":"ADM1"}},
{"type":"Feature","geometry":{"type":"Polygon","coordinates":[[[42.880894,51.2330252],[42.7083918,51.2476078],[42.5955249,51.1530823],[42.2939942,51.1370026],[42.087336,51.1479658],[41.9280966,51.1941254],[41.8578154,51.1589833],[41.7728538,51.0155595],[41.4710783,50.949908],[41.3927999,50.8424072],[41.1688737,50.7763145],[41.3466781,50.711609],[41.447823,50.6062207],[41.420479,50.4988927],[41.5221765,50.362572],[41.4009945,50.2028059],[41.4937672,50.0812206],[41.6108025,50.0415156],[41.6173673,49.9595742],[41.7513891,49.9184765],[41.8777304,49.9072679],[42.136251,49.7328635],[42.184355,49.6756661],[42.0818729,49.5118612],[42.0380212,49.4031325],[42.0780869,49.3409717],[42.0211122,49.1338348],[42.189283,49.1223455],[42.3398042,49.1392641],[42.350433,49.0504011],[42.4060643,48.9996377],[42.5003682,49.0101486],[42.6825672,48.9359059],[42.6814906,48.8751371],[42.7450683,48.7742559],[42.6654636,48.7246173],[42.7044874,48.5867117],[42.4629844,48.5063123],[42.3172785,48.51603],[42.085691,48.4157058],[42.1810062,48.2769155],[42.0627925,48.2656478],[42.1290502,48.1408977],[42.0316103,48.1061603],[42.0697365,48.0225525],[42.2161261,48.0326913],[42.3916202,48.0093299],[42.5252017,48.0186445],[42.6296098,47.9088362],[42.7201735,47.8758699],[42.7590732,47.7611723],[42.846395,47.6717268],[42.9255432,47.5190578],[43.0526243,47.5437146],[43.1503047,47.5326799],[43.1552683,47.4660149],[43.3145771,47.447569],[43.5871695,47.4857088],[43.711218,47.4742256],[43.6675966,47.5488881],[43.7147687,47.717624],[43.8714499,47.760843],[43.9458313,47.7530959],[44.0825899,47.8994351],[44.3590569,47.8516498],[44.4232352,47.9556725],[44.4238565,48.0423628],[44.3251324,48.0413284],[44.3264088,48.2387968],[44.5441569,48.1880732],[44.5410605,48.0504868],[44.8097674,48.0506324],[44.9256618,48.1202484],[44.9097483,48.2193895],[44.9609783,48.2708558],[45.0146846,48.4249014],[45.2085518,48.5106401],[45.2460528,48.5670258],[45.3575299,48.5506367],[45.6004955,48.6024783],[45.7396193,48.6516287],[45.9321184,48.7863988],[45.9454252,48.8431042],[46.0383535,48.8635655],[46.3082005,48.8212387],[46.6216739,48.6680657],[46.7791649,48.9514137],[46.8925747,48.9821145],[47.0286778,49.0892954],[47.0511394,49.1655918],[46.9961212,49.2323819],[46.7820865,49.3398271],[46.9024721,49.8638515],[47.1823601,49.9350266],[47.3526454,50.0940359],[47.2572963,50.1917514],[47.3349741,50.2380145],[47.3001348,50.3033031],[47.4314503,50.3779161],[47.2721761,50.3790654],[47.2045777,50.4298806],[47.2056141,50.5092213],[46.9124195,50.4896723],[46.8707675,50.5772154],[46.7421044,50.6587099],[46.6256976,50.6809432],[46.5684964,50.6148387],[46.4583596,50.6171552],[46.4653069,50.546156],[46.3476009,50.5553607],[46.278413,50.5276966],[46.0614602,50.5261663],[46.0354346,50.6652147],[45.8930324,50.7499878],[45.7442228,50.7573025],[45.6786011,50.6670254],[45.7076326,50.5860256],[45.4896963,50.6048677],[45.1933551,50.5851985],[45.2313137,50.6980071],[45.2760313,50.7213515],[45.3257703,50.8623109],[45.2041053,50.9684815],[45.1923894,51.0434446],[45.0874185,51.0789531],[44.9930715,51.1456376],[44.8991943,51.1154692],[44.643812,51.1782937],[44.571332,51.1233836],[44.4774146,51.2113678],[44.3453734,51.1743262],[44.2281989,51.1989823],[44.1849781,51.093224],[44.0575968,51.1039962],[44.0184589,51.159168],[43.9225897,51.1617195],[43.8837725,51.1103498],[43.6944555,51.1076163],[43.6526657,51.0534294],[43.5617035,51.0606322],[43.358549,50.9987129],[43.1947412,51.1106332],[42.880894,51.2330252]]]},"properties":{"shapeName":"Volgograd Oblast","shapeISO":"RU-VGG","shapeID":"28173009B90356867269748","shapeGroup":"RUS","shapeType":"ADM1"}},
{"type":"Feature","geometry":{"type":"Polygon","coordinates":[[[96.6883296,53.6463366],[96.7423335,53.7267942],[96.8964171,53.7253954],[97.0099082,53.6530114],[97.2977306,53.57986],[97.4565613,53.4554648],[97.603163,53.425308],[97.58953,53.3766879],[97.8660659,53.3467041],[98.0028283,53.2495227],[98.1923731,53.2460063],[98.3154305,53.1863542],[98.3121096,53.0948273],[98.637103,53.1012221],[98.6658391,53.1537271],[99.0141521,53.1021839],[98.999776,53.0274058],[99.2304397,52.963329],[99.3685033,53.0331516],[99.3730722,53.1019334],[99.5296423,53.1059745],[99.8421393,53.1974419],[99.8523944,53.2877085],[99.9804205,53.3290891],[100.2856591,53.3638349],[100.3312927,53.2904751],[100.4266678,53.2366375],[100.340604,53.1673372],[100.3774022,53.1036509],[100.4898306,53.0569195],[100.6557934,52.9214757],[100.8133361,52.8651252],[100.9164443,52.7829081],[101.0534151,52.7644798],[101.2934536,52.6440994],[101.4099682,52.6339771],[101.4547265,52.5761608],[101.6302375,52.4802688],[101.7829437,52.3689472],[101.9306559,52.3172793],[101.9248108,52.2238053],[102.0066815,52.2119086],[102.155969,52.2838154],[102.3000662,52.2306636],[102.3877254,52.2685924],[102.5666292,52.2206419],[102.5694966,52.1632721],[102.7634871,51.9953163],[102.8548966,51.9713536],[102.9175151,51.9120733],[103.0693557,51.8965318],[103.0747058,51.8574945],[103.2253621,51.8061393],[103.1834178,51.7283222],[103.2308502,51.669203],[103.1815787,51.6174079],[103.2422138,51.5038817],[103.337329,51.449264],[103.6240866,51.4806363],[103.8014104,51.4347791],[103.8100842,51.1303389],[104.0667408,51.2052258],[104.1942901,51.2827557],[104.4188477,51.2896165],[104.486654,51.3220621],[104.566831,51.2856616],[104.6715205,51.3381804],[104.5962374,51.6294127],[105.0011055,51.6886664],[105.2923633,51.744991],[105.552851,51.8323811],[105.781807,51.961863],[106.173292,52.3624929],[107.0015838,52.7175343],[108.0126551,53.2337174],[108.2974035,53.6735115],[108.4514781,53.8484888],[108.6355718,54.0012404],[109.0001107,54.3338993],[109.0677273,54.4259063],[108.6644784,54.5376647],[108.6335754,54.5859347],[108.7119115,54.6670069],[108.7187716,54.9008669],[108.6944847,55.0614834],[108.7681294,55.1432282],[108.7831689,55.2328987],[108.6749224,55.2946688],[108.6391643,55.4886303],[108.702669,55.4984975],[108.681444,55.6048901],[108.7756025,55.6109029],[108.8095173,55.7045614],[108.7852337,55.7723766],[108.8228773,55.8473557],[108.9706153,55.939102],[109.2019606,55.9070097],[109.2664749,55.9611383],[109.0877242,56.0148363],[108.9534208,56.0283904],[108.9229776,56.1248235],[108.8164574,56.228465],[108.6517219,56.2410557],[108.548811,56.332146],[108.7402412,56.5049699],[108.6817324,56.5579511],[108.9048904,56.5806907],[109.1443195,56.6795024],[109.2314592,56.6507779],[109.4273893,56.7379352],[109.544089,56.7413034],[109.6103716,56.6965463],[109.7690798,56.7083338],[109.8877425,56.7955957],[109.8533624,56.8496132],[109.9151505,56.9259883],[110.0158011,56.9754183],[110.21357,56.9296433],[110.2684941,56.9521212],[110.5080808,56.8952303],[110.6283424,56.8367706],[110.7120654,56.8807924],[110.8424074,56.8405559],[110.9821359,56.8743779],[111.1617053,56.8230383],[111.2444833,56.8924645],[111.3422114,56.8958106],[111.391367,57.0311379],[111.5262336,57.1308597],[111.6106554,57.0986634],[111.6141561,57.0123869],[111.8305305,56.9126863],[111.8718341,56.9478773],[112.0847104,56.955761],[112.2153041,56.8574841],[112.4045989,56.8574082],[112.5498466,56.9454165],[112.7380885,56.948062],[112.6791258,56.8571883],[112.7341832,56.7596742],[112.8677663,56.6857696],[113.0779129,56.6826436],[113.365097,56.62602],[113.4826779,56.6816111],[113.792629,56.610611],[113.8580009,56.5186719],[114.0963839,56.623391],[114.152403,56.697129],[114.404858,56.668339],[114.548601,56.6966121],[114.7946259,56.705154],[114.828973,56.816877],[115.006781,56.9711911],[115.068487,57.111577],[115.254262,57.119138],[115.328965,57.0959361],[115.6691141,57.134832],[115.845004,57.248274],[116.028323,57.222825],[116.1538591,57.2304171],[116.2519059,57.138849],[116.1060881,57.099091],[116.06638,57.0571951],[115.822177,57.002435],[115.729696,56.962195],[115.8289174,56.9465251],[116.1155182,56.8190595],[116.3160157,56.87033],[116.5209884,56.7737561],[116.7429147,56.7387578],[117.1616978,56.8405132],[117.2533961,56.9170914],[117.3962856,56.8499024],[117.5766673,56.9159545],[117.6371094,56.9782083],[117.6756366,57.0894699],[117.5762071,57.1651349],[117.7547894,57.2375995],[117.7791414,57.3183554],[117.6241612,57.3248615],[117.4498706,57.2596163],[117.4519286,57.3483772],[117.3446288,57.364109],[117.3232934,57.4785842],[117.2548053,57.5374252],[117.3349427,57.6331624],[117.140152,57.6653543],[117.181607,57.7696678],[117.0991007,57.7980603],[117.1198533,57.8607926],[117.3460793,57.8644691],[117.3949962,57.9432397],[117.4044186,58.123508],[117.4508374,58.1752022],[117.592912,58.1840137],[117.4722493,58.3260151],[117.6723189,58.4063016],[118.0015435,58.4233387],[118.2543706,58.3976795],[118.4746812,58.2295839],[118.5768505,58.232497],[118.6800258,58.1788239],[118.8071189,58.2304178],[119.116842,58.238128],[119.1386737,58.292535],[119.0632831,58.3634956],[119.131251,58.4878888],[118.9918856,58.56155],[118.7768023,58.6113866],[118.8617246,58.7312074],[118.8730029,58.8271443],[118.766741,58.8950011],[118.8725227,58.9648693],[118.8215139,59.0507749],[118.7138277,59.0498238],[118.670814,59.1866081],[118.8173839,59.3295854],[118.7612836,59.4282663],[118.6066582,59.453214],[118.3618116,59.5256238],[118.346144,59.6150414],[118.239862,59.6404045],[118.0339949,59.6293182],[117.9686506,59.4973442],[117.8263142,59.4454634],[117.7833077,59.5583027],[117.4979413,59.4926395],[117.4386076,59.5251921],[117.2492326,59.5138976],[117.1120637,59.6098122],[117.2055437,59.6814042],[117.2237932,59.8741694],[117.0964016,59.8692852],[117.0085682,59.9168418],[117.3471902,60.0242052],[117.2641057,60.0574232],[117.1038045,60.0277189],[116.7592768,60.2795897],[116.6085459,60.2951326],[116.5409745,60.3899827],[116.3246235,60.3747263],[116.2701816,60.4082045],[116.0134138,60.4664718],[115.8724466,60.5230974],[115.696606,60.5490351],[115.3694573,60.4919114],[115.3008251,60.5137562],[115.0960249,60.4132319],[115.1452071,60.3659855],[114.9867507,60.2145315],[114.9002447,60.1852304],[114.7747049,60.2025351],[114.651151,60.1790643],[114.496649,60.0695661],[114.5295256,59.9836148],[114.297153,59.890731],[114.2167254,59.7846357],[114.0969768,59.7652502],[113.9697047,59.6909222],[113.7611565,59.617057],[113.5913,59.5947577],[113.6145012,59.515156],[113.4633848,59.4322916],[113.4320364,59.3787401],[113.5272494,59.3428848],[113.4290535,59.2477733],[113.1096063,59.1508008],[112.931538,59.1568832],[112.8051384,59.1269959],[112.7518686,59.0519294],[112.5316265,59.0750651],[112.5992058,58.9923008],[112.5247314,58.8940824],[112.4415387,58.9181291],[112.4478494,59.1362389],[112.505704,59.2382251],[112.6438066,59.2812638],[112.5363006,59.3454214],[112.3619264,59.3104117],[112.2754425,59.373139],[112.3405911,59.4255881],[112.2512919,59.5283998],[112.0788947,59.392533],[111.8989149,59.3036849],[111.7901906,59.2979799],[111.6498208,59.2238485],[111.4511492,59.2923534],[111.2972375,59.2775754],[111.2177286,59.2037328],[111.0423279,59.2225145],[110.7205423,59.2809018],[110.5486032,59.183345],[110.6036144,59.1403731],[110.4746728,59.0463664],[110.3993192,59.0572148],[110.2394224,58.9999264],[109.8119438,59.0042531],[109.7273889,59.0905523],[109.6175052,59.0833327],[109.6252664,59.1674184],[109.5053523,59.1965064],[109.4526001,59.3130182],[109.291664,59.3165247],[109.2398044,59.3814848],[109.3428864,59.4171679],[109.2522713,59.4669061],[109.543439,59.6672949],[109.474766,59.7676334],[109.5633238,59.8442394],[109.6625964,59.8760335],[109.6747404,59.9866769],[109.7550814,60.026996],[109.6925982,60.0767107],[109.7403173,60.2485549],[109.8046507,60.3364414],[109.9487785,60.4168899],[109.907127,60.4613952],[110.1381722,60.59693],[110.099332,60.6943984],[110.288624,60.7019808],[110.2618651,60.8446326],[110.4579158,60.9816271],[110.5422918,61.0877951],[110.5239421,61.1796925],[110.381295,61.2013455],[110.2220928,61.1682515],[110.111251,61.2778856],[109.9972133,61.3147167],[109.7617958,61.3317],[109.8391554,61.4251676],[109.8089111,61.4778834],[109.8595008,61.5667598],[109.600187,61.745473],[109.6422561,61.9276874],[109.815796,62.0227569],[109.8867327,62.1260489],[110.0045505,62.1860474],[109.9185878,62.2600604],[109.9868362,62.3195694],[109.8899071,62.3705298],[109.9109303,62.4370209],[109.6679023,62.4353917],[109.4308538,62.4735911],[109.2983548,62.5216295],[109.254805,62.5987245],[109.3781514,62.6074037],[109.4796654,62.6908269],[109.5079875,62.7950143],[109.6657556,62.8321535],[109.5268037,62.9181226],[109.4819798,63.0159188],[109.4116728,63.3678694],[109.3193318,63.393414],[109.0812381,63.5770651],[108.9372508,63.5756874],[108.7201999,63.6184549],[108.4950583,63.6364149],[108.1440044,63.6039453],[108.2993152,63.7160506],[108.2873328,63.8366525],[108.4964657,63.8223502],[108.7318353,63.8420142],[108.7983444,63.8908045],[108.7116967,63.9363248],[108.7640466,64.0092092],[108.6130074,64.0687971],[108.5247233,64.1487571],[108.5028273,64.3062912],[108.3608637,64.2646399],[108.085664,64.2464676],[108.2468224,64.2502184],[108.3890697,64.0488117],[108.2054263,64.0037238],[107.8993456,63.9978212],[107.7387164,64.0157924],[107.6312152,63.9813695],[107.5656377,63.8973694],[107.3070453,63.9775631],[107.0700092,63.9292973],[106.6951781,64.0363013],[106.6190299,63.9750643],[106.7887514,63.8688029],[106.6970837,63.8245436],[106.6024421,63.7227263],[106.658126,63.627194],[106.4713913,63.5423616],[106.5946426,63.4543526],[106.7266301,63.4097101],[106.657853,63.325542],[106.355847,63.3019555],[106.4314515,63.2138133],[106.3538518,63.1074584],[106.1849216,63.0859928],[106.1306437,63.0375119],[106.1929955,62.9209667],[106.4371162,62.8626381],[106.5125177,62.7911156],[106.4724954,62.6976118],[106.773111,62.6386571],[106.6724825,62.5564572],[106.7283549,62.4948461],[106.5431131,62.3962994],[106.4319206,62.396715],[106.3669063,62.277254],[106.4555938,62.2343675],[106.3936388,62.0418829],[106.3075536,62.0341734],[106.1111778,61.9573914],[105.8974136,61.8418487],[105.9799111,61.690511],[105.811364,61.6298943],[105.7124033,61.6620962],[105.5930544,61.6003742],[105.3591092,61.5394331],[105.2832944,61.4251242],[104.9100165,61.3954021],[104.9184053,61.3251838],[105.0223536,61.1973547],[104.8525533,61.1917539],[104.6905562,61.0863111],[104.6262587,61.0791413],[104.6092001,60.8854411],[104.468419,60.8506327],[104.6093387,60.7243225],[104.502921,60.6273729],[104.6523889,60.5061767],[104.6769154,60.4248859],[104.977571,60.2890984],[105.2161031,60.2764893],[105.3061815,60.2922885],[105.4546041,60.253555],[105.4224751,60.1529303],[105.4935904,59.9914773],[105.4108212,59.9520848],[105.432799,59.8575749],[105.3720142,59.8389322],[105.1457343,59.8830333],[105.0232803,59.8435547],[105.025709,59.779466],[104.8907491,59.765584],[104.7621431,59.6848128],[104.8571154,59.5495546],[104.9937892,59.4607716],[105.1949478,59.4769013],[105.2356913,59.4430358],[105.2148964,59.2688505],[105.3040369,59.2453873],[105.3595538,59.1216295],[105.3017248,59.0755614],[105.1155212,59.049724],[105.0969776,59.01582],[104.911447,58.9526942],[104.7546181,58.8071882],[104.8756133,58.7497379],[104.804707,58.6747983],[104.607405,58.6221887],[104.4565892,58.6100507],[104.2518819,58.7167911],[104.1995949,58.7757666],[103.9504005,58.7883461],[103.9832322,58.8709503],[103.8923353,58.9226025],[103.7817216,58.9089538],[103.593081,58.9445286],[103.5594202,58.9991148],[103.3927448,59.029943],[103.217734,59.2378675],[103.0185907,59.3184097],[102.9393726,59.29874],[102.8315977,59.2050059],[102.4978965,59.1860555],[102.4025532,59.0834789],[102.4498665,58.9397527],[102.5526093,58.8981173],[102.5691612,58.7393982],[102.3428459,58.6511616],[102.2764293,58.5607243],[102.1022297,58.4889642],[101.8055243,58.4552981],[101.6831492,58.3971132],[101.6400468,58.325694],[101.499864,58.231691],[101.3714731,58.2343186],[101.2001032,58.1290445],[101.1040613,57.9624217],[100.9739487,57.8641907],[100.8558306,57.8508055],[100.9073609,57.7751363],[100.8180441,57.6340412],[100.9482644,57.572494],[100.9706428,57.487101],[100.7398973,57.4057823],[100.6819855,57.456311],[100.5156226,57.4939582],[100.3227772,57.6843732],[100.3750058,57.7288406],[100.1477027,57.8705865],[100.080626,57.9452156],[100.0909687,58.0686407],[99.9608652,58.0830306],[99.8120328,58.0575049],[99.6817229,58.0826981],[99.6254675,57.9905785],[99.4989032,57.8837764],[99.4584616,57.8087689],[99.2045091,57.76101],[99.0866037,57.7780789],[98.9130852,57.7113842],[98.759224,57.7946046],[98.6448341,57.7724712],[98.4914397,57.7964304],[97.9532003,57.8285739],[97.3433494,57.0315118],[97.5305814,56.9698479],[97.4786204,56.8831108],[97.5289413,56.7904057],[97.7863756,56.7976039],[97.7580669,56.7023843],[97.7784202,56.5936468],[97.8799329,56.5341015],[97.8799878,56.3753595],[97.5570195,56.3763013],[97.5741793,56.1873138],[97.4729208,56.1953772],[97.3595187,56.0320699],[97.3011814,56.0743752],[97.1319418,56.1125295],[97.063652,56.0041812],[96.9907262,56.003892],[96.9900245,55.8517579],[96.8441366,55.8393006],[96.7861083,55.7895804],[96.7510242,55.662538],[96.8102924,55.5692013],[96.8475011,55.4316947],[96.9408165,55.311759],[96.7199377,55.2680594],[96.6677863,55.1539874],[96.6728816,55.0664445],[96.5934171,55.0301752],[96.6916892,54.9464265],[96.7100143,54.869358],[96.5661263,54.6906118],[96.5808659,54.6266444],[96.5388233,54.5297749],[96.3380906,54.5555302],[96.2101076,54.5365],[96.0650753,54.5745426],[95.9743189,54.4954099],[95.921719,54.3992569],[95.7509855,54.4218949],[95.6471751,54.2938669],[95.6846798,54.2375034],[95.8037564,54.2284637],[95.9106744,54.1211217],[96.0991592,54.0609638],[96.0606966,54.0252071],[96.1870944,53.907754],[96.3401359,53.8373196],[96.4851351,53.6915521],[96.6883296,53.6463366]]]},"properties":{"shapeName":"Irkutsk Oblast","shapeISO":"RU-IRK","shapeID":"28173009B78872068540735","shapeGroup":"RUS","shapeType":"ADM1"}},
{"type":"Feature","geometry":{"type":"Polygon","coordinates":[[[53.7855993,58.4555384],[53.7725752,58.4206437],[53.8866803,58.31436],[53.7854626,58.2366074],[53.8812993,58.2001161],[53.9899368,58.0697129],[54.1364685,57.9579789],[54.1483495,57.7071614],[54.0560548,57.6805838],[53.9923345,57.5882108],[54.143876,57.4839475],[54.2924748,57.4325295],[54.1549161,57.4010673],[54.1422728,57.3165309],[54.311169,57.3060434],[54.3478412,57.1584113],[54.3138033,57.0799187],[54.436131,57.0310043],[54.3414313,56.9732185],[54.2282865,56.9916371],[54.147327,56.9165727],[54.0612749,56.7782507],[53.9769561,56.7512553],[53.8791145,56.8085057],[53.7940682,56.7991103],[53.8849682,56.6625326],[53.8410198,56.5967205],[54.0509518,56.6035793],[54.2440863,56.4581653],[54.328795,56.4828947],[54.377579,56.3787016],[54.4864,56.4107],[54.5398,56.5114],[54.6707693,56.4982761],[54.9375177,56.3706545],[55.323118,56.3156761],[55.4595571,56.3316083],[55.5220327,56.3807459],[55.6919546,56.4084864],[55.7743094,56.445925],[55.9198666,56.4495474],[55.9525358,56.3737547],[56.0793659,56.2950955],[56.2801289,56.308069],[56.4072305,56.4037904],[56.7830045,56.1643459],[56.9213333,56.1038833],[57.0818551,56.1615693],[57.2098049,56.1778778],[57.2054746,56.2377766],[57.2850383,56.3047391],[57.4062372,56.3426599],[57.3233482,56.3942175],[57.3882883,56.5314963],[57.3990898,56.640547],[57.3350244,56.6871877],[57.3404247,56.7527945],[57.2293844,56.8559997],[57.3158286,56.9284439],[57.466781,56.9128986],[57.6760621,56.9205093],[57.8399122,56.9849052],[57.846636,57.0394857],[58.0216238,57.0789621],[58.0108536,57.2656215],[57.9404865,57.3164302],[58.0120262,57.4845369],[58.0303536,57.6114077],[58.1594203,57.679759],[58.4468712,57.6739307],[58.4604523,57.5823577],[58.5370849,57.5640721],[58.8283588,57.735557],[58.8637912,57.8380971],[58.728266,57.8520528],[58.6385688,58.0047968],[58.6632636,58.1052471],[58.9246929,58.2810103],[59.1370631,58.2598423],[59.1862402,58.2785876],[59.2874568,58.419285],[59.4536227,58.4780575],[59.3960599,58.5853431],[59.395558,58.709063],[59.1535825,58.7175461],[59.1058354,58.7737799],[59.0800276,58.9060957],[59.2069398,58.9539516],[59.0929242,59.0004814],[59.1967866,59.147133],[58.9598703,59.2341249],[58.7891869,59.2395419],[58.6247274,59.2979664],[58.5249315,59.4350227],[58.3629353,59.4646404],[58.4790481,59.7116731],[58.6023248,59.6934811],[58.6934489,59.8566101],[58.8002461,59.8430025],[58.839456,59.9319817],[59.0298047,60.0152351],[59.1393527,60.2067341],[59.2203576,60.4431517],[59.36186,60.5235232],[59.429726,60.6422102],[59.4265424,60.7500828],[59.4827306,60.8315209],[59.4750065,60.9392482],[59.3950645,60.9421141],[59.2617355,61.2994762],[59.3692386,61.3938861],[59.4040679,61.6200051],[59.3489689,61.6630673],[59.1483212,61.6297074],[59.0483092,61.5363941],[58.8438818,61.4950446],[57.8670554,61.4990271],[57.0926875,61.50185],[57.0805507,61.4752974],[56.6531242,61.5243001],[56.5663405,61.4189994],[56.3782697,61.4431218],[56.2745007,61.1918583],[55.8130867,61.2467779],[55.7314992,61.0956032],[55.2758778,61.1487132],[55.1999605,60.9915626],[55.0500504,61.009161],[54.9768506,60.859908],[53.8758313,60.982651],[53.8138242,60.8316041],[53.3551532,60.8826609],[53.4135884,61.0334846],[52.8707305,61.0901311],[52.8064639,60.9377462],[52.4314333,60.9764159],[52.3609435,60.8291754],[51.8923123,60.8815431],[51.7715175,60.5804504],[52.1528144,60.5412424],[52.1240694,60.4645758],[52.3550278,60.4380924],[52.3718941,60.3563687],[52.3172823,60.227188],[52.4422883,60.1867647],[52.9205235,60.1537778],[53.3726299,60.1556083],[53.4215518,60.224519],[53.6256361,60.1142326],[53.6866975,60.0098338],[53.6302998,59.7423175],[53.5977784,59.6874276],[53.4497007,59.7028484],[53.357126,59.4615519],[53.2227442,59.3584558],[53.3840217,59.1526721],[53.6822414,59.1511514],[53.9029162,59.0868358],[53.7711127,59.0128358],[53.7536491,58.9646972],[53.8264224,58.8289512],[53.9054135,58.754864],[53.7859183,58.7242629],[53.7026412,58.6021274],[53.7855993,58.4555384]]]},"properties":{"shapeName":"Perm Krai","shapeISO":"RU-PER","shapeID":"28173009B90469334921421","shapeGroup":"RUS","shapeType":"ADM1"}},
{"type":"Feature","geometry":{"type":"Polygon","coordinates":[[[27.7377645,58.97789],[27.3573366,58.7872217],[27.552989,58.3662713],[27.4883296,58.3039812],[27.4909695,58.2246327],[27.6344585,58.0971534],[27.6563656,57.9553349],[27.8130896,57.8599752],[27.740926,57.8277212],[27.5415736,57.8231763],[27.5231745,57.7113008],[27.4110899,57.7004764],[27.4047567,57.6125735],[27.3196388,57.5791304],[27.3524552,57.5186618],[27.5006381,57.540215],[27.5664941,57.5148087],[27.517335,57.4269611],[27.6712728,57.3950234],[27.8701565,57.289795],[27.816902,57.142438],[27.7571178,57.1310034],[27.7696145,57.0052172],[27.6593441,56.834345],[27.8739606,56.877419],[28.1020284,56.5085887],[28.1945767,56.4425733],[28.1655471,56.3745733],[28.2414904,56.278554],[28.1574267,56.1431758],[28.2430855,56.085811],[28.3761901,56.0602241],[28.4231131,56.0971609],[28.6199,56.09936],[28.7218692,55.9797099],[28.858073,55.9885379],[29.0881548,56.0340961],[29.2140378,55.9890386],[29.3959671,55.9734672],[29.4002206,55.7537376],[29.5152857,55.7015757],[29.6231423,55.7802122],[29.80634,55.78342],[29.8949843,55.8626799],[29.9758712,55.8715644],[30.1069827,55.8312475],[30.2389521,55.8717678],[30.3695154,55.8084443],[30.4815018,55.8127159],[30.5335769,55.7504184],[30.6480381,55.7101348],[30.6730384,55.6393923],[30.7571161,55.5945574],[30.9251324,55.6226252],[31.1207486,55.7579168],[31.2031261,55.7277089],[31.311021,55.7422128],[31.4831337,55.7186423],[31.4067705,55.8059502],[31.416307,55.8909431],[31.3502653,55.9427009],[31.5080086,56.0549073],[31.4493941,56.1333853],[31.4669165,56.2584923],[31.2282851,56.3417565],[31.2296981,56.4084263],[31.0124029,56.4929609],[31.0645592,56.6211354],[30.8878596,56.6451716],[30.7513731,56.7745395],[30.9759623,56.9117924],[30.9787568,56.9698974],[30.8490914,56.9322005],[30.6756525,57.0041561],[30.687549,57.1490246],[30.6301841,57.1739019],[30.7456628,57.2632079],[30.5410427,57.3040899],[30.423359,57.4242068],[30.5427523,57.5466256],[30.6806267,57.6440539],[30.5188092,57.6424714],[30.4522603,57.6879995],[30.5432464,57.86385],[30.289228,57.9105585],[30.2002868,57.8947855],[30.0714986,57.9588478],[29.8851486,57.9690007],[29.9293333,58.0408804],[29.6715254,58.1347853],[29.685597,58.2107156],[29.9166474,58.3105054],[29.8957068,58.4499903],[29.7474055,58.4236665],[29.5510222,58.4797842],[29.5795625,58.5335535],[29.3309183,58.6128356],[29.283283,58.6961447],[29.055894,58.739799],[28.9734916,58.8051388],[28.7657924,58.8248407],[28.6219884,58.8645588],[28.3735375,58.8784481],[28.2943237,58.8261911],[28.2022721,58.9347933],[27.9907174,59.0155203],[27.7377645,58.97789]]]},"properties":{"shapeName":"Pskov Oblast","shapeISO":"RU-PSK","shapeID":"28173009B86476767341172","shapeGroup":"RUS","shapeType":"ADM1"}},
{"type":"Feature","geometry":{"type":"Polygon","coordinates":[[[41.4009945,50.2028059],[41.2889344,50.1632396],[41.3836604,50.1138648],[41.2977546,50.0214715],[41.192887,50.0117763],[41.082125,49.9433706],[41.047121,49.8091857],[40.9210054,49.7004876],[40.778987,49.6672342],[40.6369672,49.6729919],[40.5492808,49.5809606],[40.3746286,49.5875192],[40.2774855,49.6284086],[40.1353917,49.6171021],[40.16962,49.56877],[40.0392048,49.5207179],[40.0293438,49.453605],[40.1958878,49.344299],[40.1859301,49.2812231],[40.031113,49.1797592],[39.9383119,49.0830423],[39.6931571,49.0504795],[39.7765041,48.9206861],[39.85239,48.89053],[40.05838,48.90409],[40.0801068,48.8701366],[39.9755283,48.7930338],[39.8071014,48.8386061],[39.7255512,48.7523718],[39.6678117,48.6212312],[39.8553094,48.5608863],[39.8464439,48.4737524],[39.909638,48.4220936],[39.9370158,48.1809588],[39.8764637,48.118908],[39.8833881,48.0416068],[39.8159419,47.99998],[39.7384963,47.8280085],[39.5655533,47.8364555],[39.3873086,47.8711604],[39.1496272,47.842376],[39.0831103,47.8695323],[38.8790446,47.8759891],[38.7889225,47.8159167],[38.7726084,47.6855249],[38.6687774,47.6988273],[38.6164372,47.6445813],[38.4564852,47.6440438],[38.3504612,47.616646],[38.2847269,47.5443096],[38.3023895,47.392848],[38.220892,47.3053966],[38.2603084,47.2382552],[38.2297983,47.1193016],[38.467139,47.153706],[38.5593189,47.1167156],[38.7612294,47.1704285],[38.944719,47.1987793],[38.9389125,47.2530396],[39.0996434,47.2886858],[39.2370502,47.2575068],[39.2141,47.186033],[39.2937195,47.020485],[39.1031968,47.0393548],[38.8490438,46.9114689],[38.68579896128843,46.8706987559266],[38.6857387,46.8261368],[38.8958729,46.8263895],[38.9020805,46.634822],[39.013991,46.6331961],[39.0688002,46.6004134],[39.2090923,46.6205773],[39.2618455,46.7081987],[39.2625622,46.7942943],[39.5652247,46.8055966],[40.0632219,46.7719415],[40.1162904,46.7181868],[40.0644057,46.6280494],[40.0645551,46.5428474],[40.2214541,46.5378245],[40.2859941,46.4484447],[40.2722748,46.3144931],[40.3240925,46.282976],[40.5372676,46.2726677],[40.7435255,46.2855493],[40.7444897,46.2290633],[40.925714,46.2299941],[40.9791113,46.1178945],[41.0695134,46.1133303],[41.1218425,46.0596109],[41.1608983,45.9516883],[41.3930819,45.9523072],[41.3928064,45.9972041],[41.71441,45.9824283],[41.6378256,46.1761032],[41.7384791,46.1857963],[41.8625682,46.1442296],[41.9111392,46.2550881],[41.9623241,46.2980078],[42.17037,46.2978137],[42.100658,46.3744597],[42.0445987,46.5342075],[42.2003656,46.5584041],[42.3970838,46.5111225],[42.5984556,46.383882],[42.7691065,46.3686819],[42.7810819,46.4027843],[42.9317296,46.4469146],[43.3392286,46.1671364],[43.5383234,46.1571501],[43.6303367,46.1753838],[43.7509572,46.3611538],[43.92394,46.3872705],[43.9305689,46.5350447],[43.812758,46.5718638],[43.8820262,46.623488],[43.9122454,46.7144377],[44.0335941,46.7645451],[44.0868358,46.8355016],[44.1568789,46.8232316],[44.2484603,46.8896726],[44.3241519,47.1423944],[44.3122383,47.4778715],[44.2328944,47.4785437],[44.2341022,47.5490539],[44.135132,47.544901],[44.1326114,47.413516],[43.9641328,47.4002299],[43.925687,47.3287336],[43.9395129,47.2587501],[43.7934975,47.2678201],[43.7867434,47.3542112],[43.711218,47.4742256],[43.5871695,47.4857088],[43.3145771,47.447569],[43.1552683,47.4660149],[43.1503047,47.5326799],[43.0526243,47.5437146],[42.9255432,47.5190578],[42.846395,47.6717268],[42.7590732,47.7611723],[42.7201735,47.8758699],[42.6296098,47.9088362],[42.5252017,48.0186445],[42.3916202,48.0093299],[42.2161261,48.0326913],[42.0697365,48.0225525],[42.0316103,48.1061603],[42.1290502,48.1408977],[42.0627925,48.2656478],[42.1810062,48.2769155],[42.085691,48.4157058],[42.3172785,48.51603],[42.4629844,48.5063123],[42.7044874,48.5867117],[42.6654636,48.7246173],[42.7450683,48.7742559],[42.6814906,48.8751371],[42.6825672,48.9359059],[42.5003682,49.0101486],[42.4060643,48.9996377],[42.350433,49.0504011],[42.3398042,49.1392641],[42.189283,49.1223455],[42.0211122,49.1338348],[42.0780869,49.3409717],[42.0380212,49.4031325],[42.0818729,49.5118612],[42.184355,49.6756661],[42.136251,49.7328635],[41.8777304,49.9072679],[41.7513891,49.9184765],[41.6173673,49.9595742],[41.6108025,50.0415156],[41.4937672,50.0812206],[41.4009945,50.2028059]]]},"properties":{"shapeName":"Rostov Oblast","shapeISO":"RU-ROS","shapeID":"28173009B46424166303156","shapeGroup":"RUS","shapeType":"ADM1"}},
{"type":"Feature","geometry":{"type":"Polygon","coordinates":[[[42.442326,54.8253986],[42.4944196,54.9077071],[42.4452747,55.0255254],[42.2271882,54.9589231],[41.998344,54.9953378],[41.7927633,55.10142],[41.6572198,55.1120514],[41.5372402,55.172984],[41.4419717,55.1444621],[41.2944163,55.2336963],[41.0595259,55.206549],[41.0020913,55.2718809],[40.9031384,55.2376511],[40.6129549,55.2177744],[40.5271953,55.3023474],[40.3580682,55.289607],[40.1909226,55.3650073],[40.1546443,55.2643893],[39.9553693,55.2074332],[39.8378543,55.2045262],[39.8625646,55.1111421],[39.804256,55.0052163],[39.6253677,55.0250803],[39.4751663,54.9458661],[39.3352334,54.7629478],[39.2320554,54.7186113],[39.2342654,54.6415887],[38.9383896,54.6344734],[38.8267557,54.6064305],[38.7819367,54.4786308],[38.9406483,54.4079886],[38.7129832,54.3485324],[38.6659818,54.256714],[38.7223875,54.237904],[38.7729566,54.1272607],[38.6848325,54.0981832],[38.7959574,54.0210089],[38.7790851,53.9701192],[38.8880655,53.9193043],[38.8504655,53.7581532],[38.9214174,53.7662632],[38.9375218,53.5741746],[39.0539995,53.5792271],[39.1890404,53.3935882],[39.3566282,53.3944588],[39.5585535,53.4402377],[39.595049,53.5306412],[39.7452047,53.5828362],[39.9331575,53.5136172],[39.9899189,53.4039632],[40.1427353,53.3812343],[40.1706936,53.3126215],[40.3698249,53.3397828],[40.5031766,53.4577085],[40.7009115,53.5561512],[41.0374927,53.477938],[41.1449029,53.41667],[41.1859087,53.4729491],[41.3538678,53.5254268],[41.3631069,53.7662115],[41.4979652,53.7727776],[41.5477071,53.8112815],[41.8420219,53.8199902],[42.1436297,53.8027981],[42.3509694,53.8537291],[42.4446692,53.9960753],[42.2619573,54.0876559],[42.4174583,54.1033914],[42.5855053,54.1782304],[42.3959308,54.2545593],[42.4774518,54.29883],[42.5674364,54.4427095],[42.568225,54.5056443],[42.6512667,54.5875947],[42.5871879,54.7026037],[42.4784005,54.6905652],[42.3880672,54.780686],[42.442326,54.8253986]]]},"properties":{"shapeName":"Ryazan Oblast","shapeISO":"RU-RYA","shapeID":"28173009B69714658607289","shapeGroup":"RUS","shapeType":"ADM1"}},
{"type":"Feature","geometry":{"type":"Polygon","coordinates":[[[38.6840182,44.9514152],[38.8157261,44.9438934],[38.861918,44.8988213],[39.0907591,44.8171631],[39.1458094,44.8359329],[39.5562681,44.8068616],[39.6457331,44.8880523],[39.4750283,44.9876669],[39.5147156,45.0472699],[39.6524243,45.0336827],[39.6961988,44.9516498],[39.8851475,45.0230499],[39.9339444,44.8838526],[40.0290165,44.7469979],[39.9100781,44.7130039],[39.9291282,44.5902936],[39.8848229,44.5550654],[39.8790917,44.3965421],[39.9598938,44.3486283],[39.989763,44.2613097],[40.079547,44.2341005],[40.0569377,44.1375559],[39.9933016,44.0764033],[39.8966401,44.1239254],[39.8650268,44.1843066],[39.7685962,44.180348],[39.8284936,44.0653433],[39.7777748,43.9617671],[39.8514575,43.92423],[39.9530508,43.9337719],[40.0933469,43.8452271],[40.1836709,43.8737801],[40.2168648,43.7791163],[40.3656669,43.7732688],[40.4766896,43.9590513],[40.4132942,44.0633136],[40.4294591,44.1141592],[40.3598294,44.2467453],[40.4829016,44.3153721],[40.3495819,44.5479173],[40.3402896,44.6270293],[40.4017664,44.6550444],[40.3731912,44.7174922],[40.4299974,44.7624618],[40.56859,44.7388628],[40.5684248,44.6544394],[40.6437306,44.6358057],[40.6612499,44.4827091],[40.775739,44.4650237],[40.7243936,44.5575646],[40.7334655,44.6081982],[40.6538162,44.6868679],[40.527814,44.9334741],[40.2765122,45.1055708],[40.1414008,45.1219633],[40.0691645,45.0965121],[39.9074272,45.0937598],[39.6879161,45.154833],[39.6285617,45.216601],[39.5442792,45.1871219],[39.3760523,45.0565539],[39.2231399,44.9902983],[39.0599388,44.9742876],[38.8977012,45.0537915],[38.7858694,45.0045624],[38.6897178,45.0599755],[38.6840182,44.9514152]]]},"properties":{"shapeName":"Adygea","shapeISO":"RU-AD","shapeID":"28173009B41832925814017","shapeGroup":"RUS","shapeType":"ADM1"}},
{"type":"Feature","geometry":{"type":"Polygon","coordinates":[[[50.0924594,54.5065998],[50.103772,54.4237065],[50.242466,54.2839199],[50.1986838,54.1343018],[50.2235279,54.069159],[50.1139993,54.019708],[49.92765,53.889398],[50.0372747,53.8802855],[50.0226972,53.8182945],[49.7032785,53.8301934],[49.3116129,53.87249],[48.9956093,53.8749451],[48.9948077,53.706596],[48.7821864,53.73168],[48.6695172,53.7053108],[48.5170218,53.7345787],[48.484647,53.6443974],[48.3683684,53.6428281],[48.4065076,53.563752],[48.3693885,53.4738506],[48.0985371,53.4858037],[47.9351961,53.3668612],[47.9439296,53.3339911],[48.1480099,53.2437586],[48.1117787,53.204457],[48.2491915,53.0656203],[48.3637754,53.0553589],[48.359834,52.9573242],[48.5228265,52.9494448],[48.5798166,52.8644305],[48.4286324,52.8144069],[48.3755747,52.7681616],[48.3494252,52.661996],[48.5192262,52.676613],[48.5743951,52.6273274],[48.6929793,52.6395362],[48.7270156,52.5430127],[48.8341741,52.5419788],[48.9123297,52.4684569],[49.1714504,52.4997605],[49.3521398,52.4647338],[49.3480016,52.3987162],[49.5202017,52.3957638],[49.6379196,52.3400503],[49.6593505,52.2822213],[49.7423242,52.2489077],[49.7980819,52.1727488],[49.9996309,52.1728929],[50.1595926,52.0906825],[50.2153667,52.0361683],[50.3522727,51.9819839],[50.5200581,51.9937717],[50.7017199,51.9329733],[50.701438,51.8196575],[50.7681628,51.7730366],[51.0334738,51.9234953],[51.1268821,51.9261197],[51.2622591,52.0190035],[51.3914202,52.0692577],[51.4617113,52.2251795],[51.4078182,52.2253836],[51.3844924,52.3577474],[51.5481829,52.4620505],[51.4516725,52.5687622],[51.6167669,52.6458481],[51.7243193,52.6532467],[51.7665115,52.8003329],[51.887143,52.9497739],[52.0418152,52.964568],[52.0500116,53.0905673],[52.1622667,53.0877586],[52.1269179,53.2332007],[52.2118624,53.3808471],[52.0952334,53.4644772],[52.0926698,53.5418496],[52.1888369,53.5558802],[52.2778863,53.7414357],[52.3435302,53.7928424],[52.4077267,53.9500946],[52.3719136,53.971878],[52.4788906,54.070534],[52.381433,54.0784023],[52.2942377,54.1495123],[52.3625532,54.191199],[52.4293831,54.3108969],[52.568276,54.3401279],[52.5060966,54.373703],[52.5021173,54.4590618],[52.2428893,54.4396819],[52.1258824,54.3791629],[51.9459392,54.4485622],[51.9378859,54.5165375],[51.777251,54.5568526],[51.5131596,54.5953783],[51.3911279,54.588343],[51.3649518,54.6560445],[51.1688059,54.6520575],[51.0744203,54.5402093],[51.0083646,54.5494356],[50.9543557,54.3920836],[50.822766,54.3634866],[50.6484426,54.3851203],[50.5212626,54.3249494],[50.3867381,54.4848702],[50.3074835,54.4426548],[50.2231493,54.4921754],[50.0924594,54.5065998]]]},"properties":{"shapeName":"Samara Oblast","shapeISO":"RU-SAM","shapeID":"28173009B25497318303482","shapeGroup":"RUS","shapeType":"ADM1"}},
{"type":"Feature","geometry":{"type":"Polygon","coordinates":[[[88.6012577,55.4273774],[88.5312977,55.3429181],[88.4414098,55.3048421],[88.5585262,55.1203758],[88.5393082,55.0358883],[88.6062909,54.9634565],[88.7320006,54.8929449],[88.7541633,54.7905468],[88.6458253,54.7651929],[88.5954009,54.6830502],[88.592253,54.5405583],[88.5038464,54.4164813],[88.3638129,54.3820623],[88.5811999,54.3232188],[88.6636949,54.3284114],[88.9061289,54.403487],[88.9729363,54.3175059],[89.1597604,54.3411274],[89.2167196,54.2497701],[89.1272711,54.1177107],[89.0123199,54.0807409],[89.0074652,54.0005012],[89.0741119,53.9564957],[89.1968385,53.9518328],[89.1650885,53.8853762],[89.2391094,53.8188981],[89.03796,53.786147],[88.9945532,53.6568776],[88.888445,53.5584005],[88.7868751,53.3828743],[88.9105209,53.3921386],[88.9458759,53.3174291],[89.0364546,53.2800566],[89.0762805,53.1554782],[88.9357758,53.0455813],[88.9411864,52.9645025],[89.0754334,52.9581891],[89.2194002,52.8577509],[89.137409,52.7068221],[89.0530538,52.7058156],[89.1103957,52.5878497],[89.0133737,52.5526055],[88.9867593,52.4956255],[88.6994793,52.3637881],[88.7009933,52.2706178],[88.4752876,52.1708831],[88.3769637,52.1783127],[88.2862613,52.1117325],[88.2524699,52.0458003],[88.1264256,52.0682337],[88.0875959,52.0000212],[87.9453074,51.885704],[87.8914497,51.8125618],[88.1067936,51.70856],[88.0191445,51.664388],[88.0006418,51.5886398],[87.934449,51.5263125],[87.9839633,51.466309],[88.1411061,51.4285435],[88.1563948,51.3484953],[88.2879986,51.3476267],[88.4454889,51.2851257],[88.5728362,51.3199595],[88.7028765,51.3933623],[88.658053,51.5280499],[88.7915312,51.5537609],[89.0733959,51.5886206],[89.0958338,51.6271687],[89.2638243,51.6412419],[89.2364734,51.5541193],[89.4396727,51.6067744],[89.6328165,51.5475796],[89.695579,51.5554027],[89.9522071,51.7554953],[90.0796333,51.7308617],[90.045184,51.9736428],[90.1589793,52.062576],[90.1434428,52.1484879],[90.3498204,52.2014931],[90.4867326,52.1958711],[90.589912,52.3110077],[90.6883849,52.3696679],[90.7199798,52.4697344],[90.8949767,52.6009949],[91.1185915,52.633616],[91.2578679,52.6367378],[91.2634417,52.7105663],[91.3874121,52.8338905],[91.5051957,52.9937489],[91.4193348,53.0890875],[91.4953089,53.1586097],[91.575916,53.1391951],[91.7384617,53.1777456],[91.8401477,53.2929217],[91.9236974,53.3496006],[91.9034666,53.4260536],[91.625096,53.5338745],[91.5673961,53.5968579],[91.5679445,53.7086474],[91.4876865,53.7370146],[91.4273756,53.8617089],[91.5640561,54.0191472],[91.5295103,54.1241409],[91.4165074,54.2796023],[91.2509153,54.4147553],[91.2602371,54.5065858],[90.918748,54.6536342],[90.9456768,54.8481322],[90.7805307,54.8712656],[90.7791572,54.9121117],[90.5062975,54.906992],[90.5298197,54.9898148],[90.4992151,55.0608494],[90.24387,55.078872],[89.9830485,55.1213211],[89.8815451,55.082297],[89.7244463,55.0684991],[89.6643789,55.0006582],[89.5802509,55.0878532],[89.3719782,55.04258],[89.1672785,55.124836],[89.0098953,55.2337044],[89.011422,55.3236475],[88.9003608,55.3403562],[88.8708533,55.3935677],[88.7423379,55.4318794],[88.6012577,55.4273774]]]},"properties":{"shapeName":"Khakassia","shapeISO":"RU-KK","shapeID":"28173009B55422170414647","shapeGroup":"RUS","shapeType":"ADM1"}},
{"type":"Feature","geometry":{"type":"Polygon","coordinates":[[[40.1706936,53.3126215],[40.0969813,53.2757277],[40.155331,53.0462375],[40.0371737,52.8940456],[40.0957512,52.8794691],[40.0832708,52.7545943],[39.9292547,52.7202461],[39.9766778,52.5968023],[40.2963167,52.4412965],[40.2933635,52.3919637],[40.5127909,52.3549027],[40.5722582,52.2776702],[40.6963044,52.2297316],[40.6048658,52.0969081],[40.6114466,52.0325151],[40.5341401,51.9456923],[40.8456971,51.9219825],[40.9486153,51.8608519],[40.8819312,51.7389077],[41.0156713,51.7168173],[41.2961993,51.7383011],[41.3071156,51.8019484],[41.4286662,51.7723462],[41.5852241,51.769251],[41.6359089,51.7329958],[41.8435863,51.7087496],[41.959807,51.656305],[42.0706263,51.6574484],[42.2291416,51.7191986],[42.3442934,51.5880843],[42.4828178,51.6313687],[42.5208613,51.5961217],[42.5218466,51.7196826],[42.6499878,51.7909837],[42.7126063,51.8856198],[42.7131966,51.996037],[42.7646047,52.0180149],[42.7672026,52.1551209],[42.8888451,52.2120605],[42.9420978,52.3365604],[43.0397059,52.3706346],[43.0813296,52.404693],[43.0240484,52.4867633],[43.0491699,52.5307607],[43.220343,52.6367942],[43.1936038,52.7172615],[42.9575548,52.9309463],[42.7548679,53.0182622],[42.5680154,53.1824702],[42.420968,53.2717014],[42.3795921,53.3273665],[42.2524238,53.3688674],[42.301591,53.4258089],[42.2555332,53.4853388],[42.1095328,53.5153395],[42.1436297,53.8027981],[41.8420219,53.8199902],[41.5477071,53.8112815],[41.4979652,53.7727776],[41.3631069,53.7662115],[41.3538678,53.5254268],[41.1859087,53.4729491],[41.1449029,53.41667],[41.0374927,53.477938],[40.7009115,53.5561512],[40.5031766,53.4577085],[40.3698249,53.3397828],[40.1706936,53.3126215]]]},"properties":{"shapeName":"Tambov Oblast","shapeISO":"RU-TAM","shapeID":"28173009B50284711669511","shapeGroup":"RUS","shapeType":"ADM1"}},
{"type":"Feature","geometry":{"type":"Polygon","coordinates":[[[50.0814235,56.6111768],[50.202985,56.5832536],[50.1600432,56.5306073],[50.0399342,56.4850333],[49.9333923,56.4968576],[49.8610596,56.4253132],[49.7505477,56.4629098],[49.7561028,56.5372145],[49.5694337,56.5028553],[49.5493882,56.4316803],[49.4555742,56.4255317],[49.3122893,56.3324108],[49.2158505,56.3900754],[49.0515639,56.3447899],[49.0318057,56.2846569],[48.9224213,56.2561808],[48.984553,56.2005428],[48.9476996,56.1390458],[48.8486322,56.115987],[48.8180191,56.0548704],[48.7142582,56.0483229],[48.6613326,55.9374074],[48.4154202,55.9148545],[48.3955848,55.8299327],[48.2376827,55.7486789],[48.222262,55.6873988],[48.0814631,55.6923292],[48.0135114,55.5993054],[48.1079667,55.524123],[47.9693925,55.5151392],[47.9127391,55.4294038],[47.7804684,55.3330079],[47.6698339,55.3523873],[47.6872184,55.2339772],[47.7837034,55.2386701],[47.911613,55.3222519],[48.0161833,55.2847504],[48.107665,55.1459047],[48.03788,55.1086391],[48.0278392,55.0359312],[47.9611748,54.9476927],[47.7753866,54.9610292],[47.7226293,54.858919],[47.5605015,54.8446509],[47.4633423,54.8607902],[47.3692517,54.8287184],[47.3876736,54.7527978],[47.2678667,54.6734858],[47.2908087,54.6742674],[47.3555895,54.6273954],[47.5393428,54.530415],[47.6166411,54.5575939],[47.717752,54.7350285],[47.9034658,54.6963972],[48.0980012,54.7385634],[48.211251,54.7235696],[48.2806832,54.6634256],[48.4651534,54.6252108],[48.8817414,54.625206],[48.8817796,54.7960204],[49.1206002,54.7981792],[49.2836379,54.8889341],[49.4760724,54.778521],[49.4797294,54.6885621],[49.551035,54.6680609],[49.5587293,54.5647709],[49.686127,54.5775998],[50.0924594,54.5065998],[50.2231493,54.4921754],[50.3074835,54.4426548],[50.3867381,54.4848702],[50.5212626,54.3249494],[50.6484426,54.3851203],[50.822766,54.3634866],[50.9543557,54.3920836],[51.0083646,54.5494356],[51.0744203,54.5402093],[51.1688059,54.6520575],[51.3649518,54.6560445],[51.3911279,54.588343],[51.5131596,54.5953783],[51.777251,54.5568526],[51.9378859,54.5165375],[51.9459392,54.4485622],[52.1258824,54.3791629],[52.2428893,54.4396819],[52.5021173,54.4590618],[52.5060966,54.373703],[52.568276,54.3401279],[52.6964251,54.3607571],[52.9341885,54.3084257],[52.954906,54.2350493],[53.1330621,54.0769046],[53.2872436,54.0873666],[53.3467834,54.0012957],[53.5006057,54.0561286],[53.423514,54.2307946],[53.3969055,54.3699434],[53.4296146,54.4311516],[53.4324791,54.5713934],[53.6177229,54.6969798],[53.5930664,54.8096818],[53.4834269,54.9690025],[53.2695046,55.048659],[53.1702968,55.1051996],[53.1582942,55.1657165],[53.3186728,55.1622197],[53.4097306,55.2249706],[53.616626,55.2143228],[53.6022691,55.2626421],[53.7227509,55.3263473],[53.8619558,55.3659091],[53.9786236,55.4658699],[53.9656894,55.5295296],[54.1074516,55.5837323],[54.2654458,55.7031721],[54.1715136,55.7168372],[53.9917501,55.8474494],[53.8888098,55.8596566],[53.6974777,55.9255983],[53.3480525,55.8553032],[53.2406185,55.8721666],[53.2000025,55.9260132],[53.4516071,56.0185959],[53.4556504,56.0832356],[53.5680523,56.1257314],[53.5753319,56.2369808],[53.4471157,56.2711956],[53.306748,56.2503581],[53.3703409,56.1024242],[53.3328297,56.0621063],[53.0641477,56.1298083],[52.9998663,56.1775523],[52.9687396,56.2798934],[53.0064631,56.4291841],[53.0988249,56.5008693],[52.9831414,56.5345861],[52.9240809,56.4007959],[52.7779682,56.3978328],[52.5841011,56.2222582],[52.7376289,56.2212474],[52.8383064,56.1902438],[52.8111046,56.0827117],[52.7358922,56.006141],[52.5586778,56.0354691],[52.4579493,56.0821738],[52.319793,56.0726176],[52.2065274,56.0202734],[52.2343115,55.9483452],[52.0552774,55.9489049],[51.8129609,55.927019],[51.4174254,55.9602418],[51.3975445,56.0319094],[51.64364,56.1223863],[51.4440082,56.1273758],[51.308529,56.0687496],[51.2079842,56.1231175],[51.032482,56.1336671],[50.9173259,56.2783553],[50.8144735,56.3469408],[50.6310203,56.3383372],[50.4382509,56.5505614],[50.4305064,56.6085733],[50.1728192,56.6502964],[50.0814235,56.6111768]]]},"properties":{"shapeName":"Tatarstan","shapeISO":"RU-TA","shapeID":"28173009B46738131000378","shapeGroup":"RUS","shapeType":"ADM1"}},
{"type":"Feature","geometry":{"type":"Polygon","coordinates":[[[75.1312975,58.6638893],[75.1992954,58.6186818],[75.1094284,58.5757191],[75.3768351,58.4541007],[75.0566645,58.3391532],[75.2424887,58.2026148],[75.071473,58.1167928],[75.5657616,57.9345851],[75.5500391,57.6252185],[75.7041245,57.6249966],[75.8482675,57.3858005],[75.9654111,57.3936944],[76.0947282,57.2353136],[76.6955829,57.2127836],[76.9478818,57.1682808],[77.7827973,57.1740583],[78.4475134,57.1653867],[78.4320825,57.1173424],[79.1982139,57.001034],[79.5885764,56.9231601],[80.2635167,56.4224455],[81.2202737,56.5375928],[81.5734033,56.2418883],[81.9919038,56.3335472],[82.3403658,56.3573031],[82.5261034,56.4074842],[82.8184427,56.4372005],[82.8630747,56.5350144],[83.0445207,56.5199606],[83.108747,56.5503077],[83.2883744,56.4427966],[83.1442188,56.3759431],[83.1929881,56.3279879],[83.0648401,56.2304766],[83.2130951,56.1947047],[83.1288949,56.1214208],[83.2213241,56.0861635],[83.2295709,56.0120055],[83.3770236,55.9178962],[83.210779,55.7303187],[83.3151567,55.7033118],[83.4157123,55.7263587],[83.5854043,55.6707651],[83.7353593,55.786027],[83.8068018,55.8973189],[83.9502448,56.0150555],[84.0864491,56.0184015],[84.2100021,56.0598686],[84.3425631,55.980996],[84.4478947,56.0415709],[84.897481,56.1628166],[84.9868625,56.107777],[85.2018799,56.2168674],[85.6845185,56.211708],[85.5624924,56.280707],[85.6289656,56.3174003],[85.8024677,56.3398763],[85.8042964,56.4120629],[85.9865786,56.4367364],[86.000625,56.4823184],[86.195642,56.5787586],[86.2046226,56.623997],[86.3388874,56.6360745],[86.3826754,56.5480358],[86.5324589,56.5772486],[86.6781902,56.6432646],[86.848797,56.5559008],[87.1180124,56.535604],[87.3645797,56.5929574],[87.5966646,56.663656],[87.7023395,56.5518361],[88.1420328,56.7094068],[88.4244158,56.8344202],[88.5239526,56.768973],[88.5975569,56.8021984],[88.6973492,57.0478943],[88.5169817,57.0904433],[88.6225054,57.2093495],[88.7341554,57.2080352],[88.8650504,57.4436202],[89.0636395,57.4575522],[89.1303369,57.6153406],[89.2115003,57.594065],[89.3552479,57.6156574],[89.3580435,57.9036824],[89.2964097,57.9489545],[88.8589536,57.9551858],[88.6872531,58.0361991],[88.1066588,58.1127721],[88.0169879,58.2142578],[87.9240133,58.5113453],[88.3826571,58.8931187],[88.8286602,59.0226045],[88.5758264,59.212216],[88.6264675,59.2951263],[87.9022263,59.2562379],[87.5142254,59.6644103],[87.174086,59.6825285],[87.0780475,59.8790741],[86.6364995,59.9486539],[85.9984735,59.9471489],[85.4993559,59.883217],[84.7075498,59.8920705],[84.5810688,59.962095],[84.6334514,60.0297956],[84.6160178,60.1685481],[84.7382809,60.2517976],[84.7914872,60.3523664],[84.3513051,60.7969321],[84.2631099,60.8625176],[83.9496941,60.8362171],[83.4769092,61.0356717],[83.1566832,61.0267951],[82.3764514,60.7068791],[82.4096007,60.6081553],[82.1673052,60.5163396],[81.8795342,60.639791],[81.5842632,60.6379827],[81.458741,60.6071387],[81.1041904,60.6420482],[81.0524474,60.755725],[80.7048373,60.8027794],[80.6390585,60.7707383],[80.4049723,60.7501975],[80.2009967,60.6753218],[79.6789181,60.6811596],[79.3988698,60.6358405],[79.2884792,60.7207343],[79.3161094,60.7738771],[79.2213089,60.824407],[78.9615389,60.8100437],[78.7990146,60.7528794],[78.6979467,60.8252181],[78.4872679,60.7638842],[78.1943682,60.8023512],[78.0883453,60.7967844],[77.9699629,60.7406963],[77.7043231,60.8199899],[77.4492382,60.8100229],[77.1104824,60.8585195],[77.1135217,60.7449975],[76.9587815,60.6265584],[77.0451157,60.5896126],[77.0478878,60.5089362],[76.8291578,60.4669477],[76.7624093,60.3323551],[76.8655396,60.2706774],[76.8338686,60.1865478],[76.7139937,60.1150364],[76.7724326,60.0656743],[76.7405468,59.7112083],[76.6683623,59.6850411],[76.6648877,59.571174],[76.5024635,59.543769],[76.1771658,59.5300006],[75.9878346,59.3825516],[75.8981938,59.4003314],[75.8403393,59.2809586],[75.6381281,59.2117111],[75.727608,59.0153725],[75.6353762,58.9123458],[75.1312975,58.6638893]]]},"properties":{"shapeName":"Tomsk Oblast","shapeISO":"RU-TOM","shapeID":"28173009B26811060113320","shapeGroup":"RUS","shapeType":"ADM1"}},
{"type":"Feature","geometry":{"type":"Polygon","coordinates":[[[46.0620372,55.0477131],[46.0287784,55.1488351],[46.0781814,55.2210209],[46.2285037,55.2863303],[46.2007416,55.3407631],[46.256641,55.3991791],[46.3892197,55.4276508],[46.2918944,55.5088123],[46.1078667,55.5306718],[46.0393727,55.6304619],[45.9140646,55.6958833],[46.1134881,55.8221742],[46.079286,55.9486325],[46.1852501,56.0316178],[46.0930452,56.0368212],[46.0525886,56.1148873],[45.9635288,56.1624991],[45.9203331,56.2564688],[45.9636657,56.4286888],[45.766597,56.4256355],[45.6619022,56.4609178],[45.6270508,56.5680213],[45.6682436,56.6113899],[45.8861506,56.6260664],[45.9259073,56.6792969],[45.9414013,56.8593825],[46.0986742,56.8632138],[46.271665,56.9028647],[46.3147661,56.9452468],[46.5939098,56.9302587],[46.7215443,56.9633925],[46.7974046,57.0429155],[46.8381555,57.1771289],[46.808712,57.2681817],[46.6832452,57.3409449],[46.7610262,57.3665693],[46.8400453,57.5061715],[47.0219388,57.4878067],[47.2646521,57.5611558],[47.4813646,57.515179],[47.5351916,57.6892729],[47.6055831,57.7411039],[47.6171449,57.8592282],[47.7367091,57.9273696],[47.2969279,58.0156996],[46.5864664,58.0278339],[46.435024,58.0045848],[46.3449297,58.0622181],[45.9233266,58.0565726],[45.7497443,58.0290544],[45.7435755,57.9675975],[45.624078,57.9227764],[45.5254646,57.9592023],[45.5089097,58.0285115],[45.2935244,58.0320567],[45.2235713,58.0886662],[44.8690062,58.0767124],[44.800976,57.9598614],[44.8807832,57.8819237],[44.7390112,57.6973849],[44.597113,57.7008778],[44.5028686,57.612103],[44.3652854,57.5283371],[44.0170696,57.4325685],[43.8533936,57.417485],[43.6745047,57.4896356],[43.6318997,57.5471574],[43.4960595,57.6036418],[43.3041776,57.4761735],[43.3033108,57.4287366],[43.1018078,57.1987354],[43.0991893,57.096033],[43.2147345,56.9786152],[43.2507953,56.8950316],[43.1167604,56.8342618],[42.8708136,56.8094286],[42.7974469,56.6917274],[42.8983779,56.6457734],[42.9249104,56.5693638],[42.8531716,56.5529225],[42.8972871,56.4703421],[42.6510562,56.4684702],[42.6141822,56.4067341],[42.773942,56.3317891],[42.7611224,56.2474022],[42.8187633,56.189275],[42.9669189,56.1454623],[42.7023709,56.1011161],[42.7142825,55.9894628],[42.5038524,55.8783586],[42.393333,55.788542],[42.2957243,55.7731727],[42.1366646,55.6817531],[42.0641765,55.6122436],[42.0942653,55.4887519],[42.1668709,55.4439947],[42.0166677,55.3774387],[41.9725209,55.2866048],[41.8605275,55.2411095],[41.7927633,55.10142],[41.998344,54.9953378],[42.2271882,54.9589231],[42.4452747,55.0255254],[42.4944196,54.9077071],[42.442326,54.8253986],[42.4335751,54.7935612],[42.4443206,54.798354],[42.735859,54.7883383],[42.8973701,54.7598018],[42.9704117,54.7977372],[43.0871292,54.7781309],[43.2183742,54.8036416],[43.4823501,54.8178568],[43.4799023,54.8886627],[43.8611437,54.80495],[43.9211176,54.739668],[44.0959805,54.7341131],[44.0684405,54.6485673],[44.3711331,54.5836412],[44.4050373,54.5346452],[44.5584434,54.5321425],[44.6857726,54.4849695],[44.7697725,54.5208909],[44.9081918,54.463399],[45.0875865,54.4734053],[45.1016547,54.5433979],[45.009501,54.5568285],[45.0874102,54.6523522],[45.0182531,54.7052831],[45.111952,54.8000552],[45.2206581,54.7798213],[45.2307012,54.8772851],[45.4268458,54.8855284],[45.4228804,55.0381762],[45.5697808,55.1015169],[45.5931262,55.1657702],[45.72766,55.1846325],[45.7499984,55.0023384],[45.960197,54.9968714],[46.0620372,55.0477131]]]},"properties":{"shapeName":"Nizhny Novgorod Oblast","shapeISO":"RU-NIZ","shapeID":"28173009B18259284234443","shapeGroup":"RUS","shapeType":"ADM1"}},
{"type":"Feature","geometry":{"type":"MultiPolygon","coordinates":[[[[35.19869114087569,61.8749],[35.3261236,61.8839906],[35.3073953,61.987384],[35.1831383,61.9345324],[35.19869114087569,61.8749]]],[[[29.3059283,61.3292931],[29.424469,61.2564271],[29.563615,61.2248823],[29.5829207,61.1779893],[29.8608907,61.1706669],[29.9232803,61.2306222],[30.1831671,61.2876327],[30.2525465,61.3258876],[30.2213044,61.5048469],[30.4305214,61.4788371],[30.6582054,61.6369985],[30.6849562,61.6999991],[30.8340608,61.7555149],[31.0502545,61.7027491],[31.2707862,61.59673],[31.4027228,61.6211465],[31.4863066,61.534957],[31.6315469,61.4872876],[31.6631785,61.4175636],[31.8451441,61.3559584],[31.9273939,61.2988435],[32.2054952,61.2324924],[32.4543454,61.1536088],[32.5935858,61.064819],[32.581823,60.9921723],[32.81722,60.8250128],[32.8201122,60.7096949],[32.9146966,60.6795685],[32.9230995,60.7170899],[33.1576841,60.74547],[33.2510154,60.8743076],[33.6078772,60.9585755],[33.7854243,60.9370301],[33.9201569,61.0889581],[33.7380387,61.1310228],[33.5891103,61.0653268],[33.4499037,61.1546037],[33.551779,61.2136908],[33.6694548,61.2332069],[34.2445052,61.237268],[34.4689564,61.1612831],[34.5457242,61.2756348],[34.7935102,61.2893373],[35.1785362,61.2409529],[35.3819662,61.2691206],[35.3521438,61.1764619],[35.3966247,61.1402641],[35.602303,61.178746],[35.598441,61.253827],[35.4868179,61.3690405],[35.3506136,61.3853141],[35.2516418,61.4559446],[35.0648742,61.523788],[34.887033,61.5188767],[34.7038768,61.5788846],[34.5783838,61.6546924],[34.4983146,61.7405231],[34.6188979,61.9219357],[34.521051,62.0132607],[34.2724698,62.107785],[34.3285179,62.1528795],[34.6314413,62.0593846],[34.6466706,62.2569324],[34.4740757,62.4087976],[34.7047452,62.4433494],[34.832,62.3095],[34.9151742,62.1386313],[35.0855299,62.0327375],[35.2128436,62.0529377],[35.0216954,62.1994661],[35.3697383,62.1523169],[35.4977977,62.1696188],[35.6083476,62.2676355],[35.5389964,62.3724936],[35.3564324,62.5312906],[35.274422,62.515325],[35.1093669,62.5603999],[34.9746127,62.6384519],[34.8158259,62.6124837],[34.5773536,62.7400188],[34.5249776,62.8444685],[34.68296,62.8097907],[34.8345351,62.8393999],[34.9606974,62.7835478],[35.4212173,62.6549595],[35.7371002,62.5426762],[35.8727126,62.4113134],[35.8246475,62.2304637],[35.6962448,62.0835844],[35.7092402,62.0241324],[35.9087615,61.925329],[35.848,61.832],[35.95025,61.8216393],[36.0596156,61.71923],[36.0363704,61.6726258],[36.1530405,61.616085],[36.2745007,61.4776268],[36.4593389,61.4071577],[36.584329,61.5394596],[36.8837833,61.5625203],[37.0299721,61.6142319],[37.3046105,61.5101189],[37.7056442,61.5397142],[37.8167399,61.5298114],[37.7598428,61.6154288],[37.8594504,61.7555788],[37.943999,61.9725259],[37.8367832,61.9825403],[37.7730862,62.1380868],[37.7018122,62.2126839],[37.4527382,62.2151688],[37.596416,62.3575706],[37.6353815,62.4773963],[37.5770107,62.4991947],[37.5480085,62.6220883],[37.3689406,62.6778862],[37.0706412,62.6486827],[36.8217117,62.6960103],[36.5284674,62.793114],[36.2581386,63.0115301],[36.307068,63.1507602],[36.2457648,63.2115112],[36.2618944,63.2804006],[36.1920718,63.4256088],[36.0298884,63.4654277],[35.8927733,63.5762262],[35.9353496,63.6053994],[36.4552157,63.6264846],[36.5903948,63.7482009],[36.553421997314565,63.95123708042519],[36.2487646,64.00599],[36.2427777,64.1259826],[35.7041178,64.358678],[35.4020097,64.2880648],[35.3404803,64.3407171],[35.13397,64.36004],[34.9818954,64.4224136],[34.9543502,64.4942489],[34.7829397,64.5143642],[34.9845564,64.611867],[34.8437309,64.6765324],[34.78977,64.7465683],[34.9444977,64.8228288],[34.77931,64.94675],[34.7835001,65.0776699],[34.66437,65.0972101],[34.66536,65.1808399],[34.475251,65.2556533],[34.4597603,65.344859],[34.50517,65.4358699],[34.6839801,65.4355201],[34.75275,65.62747],[34.8181801,65.71751],[35.02069,65.7528101],[34.8139899,65.81271],[34.8567899,65.8656699],[34.7000299,65.91889],[34.7162061,65.970296],[34.5128776,66.0793365],[34.2197549,66.1573303],[34.0902086,66.2302229],[33.8674677,66.2365991],[33.6227101,66.2835999],[33.66814,66.4159901],[33.29923,66.4749101],[32.85344097698855,66.58325670184607],[32.557279,66.5761015],[32.5481494,66.4794872],[32.3603888,66.4751709],[32.3426614,66.3453928],[31.9369838,66.3510469],[31.8300299,66.3713752],[31.7919379,66.4952331],[31.6211615,66.5023781],[31.5758572,66.6540029],[30.6397881,66.6584353],[29.3225257,66.6628613],[29.4726751,66.5434478],[29.7094932,66.2682003],[29.9239353,66.1262486],[30.0681952,65.8951758],[30.138463,65.6686875],[30.0170916,65.6965272],[29.7224328,65.637045],[29.8637508,65.5604702],[29.7331208,65.472637],[29.7467636,65.347391],[29.6018471,65.2599435],[29.893525,65.1929551],[29.7326874,65.0912976],[29.6269697,65.0605988],[29.5993322,64.9950618],[29.6449324,64.8664807],[29.7396308,64.7897827],[30.0429363,64.7928899],[30.135788,64.6489837],[29.9894227,64.5875847],[30.0583348,64.4508749],[30.0448933,64.4020122],[30.4824397,64.2623385],[30.4663999,64.2044319],[30.5534271,64.1322443],[30.5280169,64.0488769],[30.3209081,63.9095328],[30.260416,63.8220032],[29.9718903,63.7571676],[30.3845259,63.545493],[30.483994,63.4666957],[30.7877047,63.4052709],[30.9790156,63.3079189],[31.2398526,63.2177548],[31.2653504,63.1152148],[31.4630002,63.0242509],[31.5867071,62.9087094],[31.4390606,62.785375],[31.3454013,62.6403262],[31.2218346,62.4982955],[31.138311,62.4420838],[30.602068,62.1413489],[30.4231749,62.0223714],[30.0706766,61.8174971],[30.0387281,61.7650011],[29.8185867,61.6553277],[29.7402992,61.5737044],[29.5030724,61.4613389],[29.3059283,61.3292931]]]]},"properties":{"shapeName":"Republic of Karelia","shapeISO":"RU-KR","shapeID":"28173009B96976580001980","shapeGroup":"RUS","shapeType":"ADM1"}},
{"type":"Feature","geometry":{"type":"MultiPolygon","coordinates":[[[[48.4196775,60.8372063],[48.4749672,61.0221395],[48.9307364,61.1386422],[49.126753,61.1722303],[49.3208192,61.1527734],[49.502104,61.605036],[49.0403102,61.6486895],[49.2279484,62.1020394],[49.3745726,62.1339064],[49.4696423,62.3651541],[49.4250243,62.4470529],[49.5674059,62.7767364],[48.7413317,62.8516999],[48.6814129,62.7021361],[48.3522311,62.7337363],[48.2539941,62.50747],[48.2980192,62.4769223],[48.3229007,62.3071531],[47.6593593,62.328386],[47.6426172,62.175714],[47.3890833,62.1814095],[47.4028891,62.3344268],[47.2319092,62.3371875],[47.2453591,62.6387316],[47.0608946,62.826287],[47.4090616,62.9648021],[47.5308138,63.0499478],[47.5673571,63.144878],[47.3900498,63.1563322],[47.1601702,63.2454448],[47.0510187,63.2539057],[46.9427243,63.3494102],[46.9392623,63.4535515],[47.0173162,63.5777279],[46.8098813,63.7566477],[46.499691,63.8645839],[46.151162,63.9438503],[45.9433945,63.9566273],[45.5945184,64.0569636],[45.3993499,64.1749185],[45.8520064,64.2780307],[46.321081,64.2479873],[46.630221,64.3169015],[47.3445345,64.3543896],[48.1614404,64.3452487],[48.1887505,64.2306363],[48.4647256,64.2043256],[48.5244702,64.3556166],[48.8837901,64.3266937],[48.9610645,64.4775532],[49.4831632,64.4250585],[49.5524068,64.5758315],[49.9125033,64.5578755],[50.3606832,64.5103881],[50.4989122,64.7926835],[50.2329316,64.83088],[49.635408,65.2879976],[49.0521606,65.2254529],[49.0004687,66.1135711],[48.0846471,66.1292538],[48.0291324,66.0132812],[47.9110418,66.032277],[47.7492265,65.9064585],[47.7383538,65.8209691],[47.4713459,65.8439348],[47.1447581,65.8213054],[46.7704491,65.9353427],[46.3471046,66.0382873],[45.8484939,66.085428],[45.7032904,66.0832669],[45.2675407,66.178248],[44.8549379,66.2305711],[44.5895235,66.2975766],[44.5207532,66.3616207],[44.25026291025682,66.43597027500539],[44.11969,66.30934],[44.07411,66.1919501],[44.1544401,66.0980499],[43.9568222,66.0991212],[43.8839126,66.1775623],[43.71691,66.18556],[43.6002,66.2940101],[43.35726,66.3361401],[43.2565099,66.41215],[42.8865099,66.39313],[42.6076401,66.3933199],[42.5985301,66.4416601],[42.31198,66.50786],[42.1073401,66.48655],[41.99226,66.3781801],[41.77202,66.24528],[41.52498,66.12166],[41.3304601,66.06007],[40.9883899,66.00672],[40.7604799,65.98893],[40.6413801,65.9352401],[40.47966,65.80926],[40.1573532,65.6880735],[39.8783999,65.62794],[39.71335,65.49149],[39.7246201,65.33506],[40.01195,65.16774],[40.104073,65.0784203],[39.8958565,64.8178563],[39.6192029,64.6568273],[39.5320027,64.5490418],[39.3291208,64.6338063],[39.1413201,64.6564441],[38.89784,64.73648],[38.56401,64.7713599],[38.4046783,64.8044115],[38.3656101,64.7438099],[38.1329199,64.6896301],[38.0392099,64.7701499],[38.3381865,64.8004692],[37.88652,64.89203],[37.6939701,64.96897],[37.6540665,65.0366738],[37.4168363,65.0981804],[37.0465099,65.16853],[36.84475,65.1507901],[36.86346,65.1016501],[36.80811,64.9547999],[36.6446003,64.902514],[36.4454736,64.9250516],[36.5326623,64.8314888],[36.5677744,64.7217716],[36.7564374,64.6750614],[36.9227501,64.5241099],[37.1508422,64.3850865],[37.3433562,64.3422373],[37.7909628,64.438074],[37.7847706,64.3718815],[37.9167519,64.3479256],[38.0096524,64.289889],[37.9037059,64.2329488],[38.0612723,64.0676095],[38.0092061,63.9352492],[37.8740703,63.8913945],[37.6399601,63.88458],[37.6205043,63.8171215],[37.40086,63.7871299],[37.25635,63.8123599],[37.21634,63.8742501],[36.64866,63.9135101],[36.553421997314565,63.95123708042519],[36.5903948,63.7482009],[36.4552157,63.6264846],[35.9353496,63.6053994],[35.8927733,63.5762262],[36.0298884,63.4654277],[36.1920718,63.4256088],[36.2618944,63.2804006],[36.2457648,63.2115112],[36.307068,63.1507602],[36.2581386,63.0115301],[36.5284674,62.793114],[36.8217117,62.6960103],[37.0706412,62.6486827],[37.3689406,62.6778862],[37.5480085,62.6220883],[37.5770107,62.4991947],[37.6353815,62.4773963],[37.596416,62.3575706],[37.4527382,62.2151688],[37.7018122,62.2126839],[37.7730862,62.1380868],[37.8367832,61.9825403],[37.943999,61.9725259],[37.8594504,61.7555788],[37.7598428,61.6154288],[37.8167399,61.5298114],[37.8238882,61.4004395],[37.8729078,61.2904871],[38.1236487,61.1605075],[38.2113777,61.063861],[38.2179497,60.9310507],[38.3922987,60.892972],[38.4049459,60.8067274],[38.5867278,60.7976756],[38.6199587,60.7163616],[38.8072835,60.7084909],[38.8741141,60.7665828],[39.143225,60.6799408],[39.214777,60.722377],[39.3399872,60.6897336],[39.7588749,60.7411875],[39.8856037,60.6539301],[40.1859379,60.6713781],[40.333945,60.6990998],[40.4535386,60.7773373],[40.5748683,60.7196556],[40.7210597,60.7806229],[40.7851379,60.7153413],[41.0851314,60.6660387],[41.1408311,60.6358162],[41.3424618,60.6875446],[41.4246612,60.8180249],[41.5091093,60.8952254],[41.7685152,60.8733824],[41.9438097,60.9052493],[41.9564212,60.8469614],[42.1115983,60.835738],[42.1736894,60.7862588],[42.3760921,60.7683892],[42.5663344,60.8194677],[42.658296,60.8879468],[42.9196916,60.8136875],[42.9949785,60.7298914],[43.1351428,60.8092006],[43.5237345,60.7663757],[43.544626,60.8579098],[43.7349468,60.8810554],[43.7829489,61.0371818],[44.180954,61.0614927],[44.1598025,60.9650345],[44.9250305,60.9107854],[45.2511365,60.8940405],[45.3384055,61.1951177],[45.8090082,61.1615338],[45.7594135,61.0112187],[46.2995236,60.9687421],[46.3128211,60.9958486],[46.8236771,60.9631258],[46.8204439,60.8815628],[47.0721637,60.8444806],[47.1096611,60.9433593],[47.1939511,60.9969784],[47.1931804,61.0673929],[47.8971979,61.0168208],[47.9559919,60.9885452],[47.9665299,60.8791709],[48.4196775,60.8372063]]],[[[35.859451,64.9921718],[35.8374864,65.1371051],[35.7622868,65.1720271],[35.5390158,65.1437407],[35.5141803,65.0864451],[35.859451,64.9921718]]],[[[52.59389,71.38597],[52.2575282,71.3237326],[52.3612899,71.2227099],[52.5498,71.2330401],[52.6996099,71.19953],[52.83149,71.07857],[52.9737,71.03152],[53.1790694,71.0781041],[53.2417376,71.1403162],[53.1539874,71.2363376],[52.9035002,71.2855785],[52.8984683,71.3669394],[52.59389,71.38597]]],[[[52.6450055,80.2693972342154],[52.2193717,80.2560383],[52.4051139,80.1825806],[52.9586545,80.1506365],[53.9329822,80.2299035],[53.3315702,80.3217906],[53.3552762,80.3841038],[52.9984573,80.3893256],[52.6450055,80.2693972342154]]],[[[50.6250239,81.064304],[51.0030237,81.1231018],[50.7118862,81.179882],[50.3876002,81.1473487],[50.6250239,81.064304]]],[[[59.0626,81.73028712431355],[59.2989202,81.8320477],[58.7868584,81.8555262],[58.1952202,81.8297477],[57.9681824,81.7169569],[59.0626,81.73028712431355]]],[[[62.2239119,81.6618981],[62.6660397,81.6056586],[63.3363183,81.5768484],[63.6979185,81.6076511],[63.4354866,81.7037373],[62.2239119,81.6618981]]],[[[59.0624,81.4186993535184],[58.777362,81.4114497],[58.5014939,81.3431455],[58.9740413,81.297125],[59.3202998,81.3291807],[59.0624,81.4186993535184]]],[[[57.1329294,81.4353862],[57.8731488,81.3762361],[58.5112136,81.4033655],[58.3621823,81.4707225],[57.8901415,81.4960328],[57.6928634,81.5599881],[57.1081298,81.5351033],[56.8259093,81.4575785],[57.1329294,81.4353862]]],[[[62.8710611,80.87118180746498],[62.5145966,80.7806179],[63.119566,80.6396669],[63.7290299,80.6909803],[64.2104189,80.7017496],[64.8921447,80.7733998],[65.3537849,80.9238763],[65.3637483,81.0123615],[65.2061529,81.1295648],[64.5221528,81.1937083],[64.2290476,81.1559913],[64.1798225,81.0182629],[63.9467861,80.9562457],[63.3861182,80.9640044],[62.8710611,80.87118180746498]]],[[[57.50684415,81.20718598993088],[57.210578,81.1618683],[57.3132185,81.101423],[57.7431181,81.1061034],[57.8491781,81.2244418],[57.50684415,81.20718598993088]]],[[[56.2499,81.22272885959421],[56.4207673,81.1567699],[57.1643147,81.2613067],[57.6352163,81.275148],[57.3698736,81.3392572],[56.5856323,81.4068962],[56.3296087,81.2601527],[55.6064971,81.3211217],[55.5538702,81.2005572],[56.2499,81.22272885959421]]],[[[58.0340044,80.6294322],[57.4213566,80.6122897],[57.3073773,80.5641506],[57.9029062,80.5359508],[58.0340044,80.6294322]]],[[[61.8751,80.86624575566837],[61.2887228,80.8189706],[60.4651589,80.7763178],[60.010805,80.8270483],[59.6833985,80.7954411],[59.4413971,80.6612339],[59.4024586,80.4667425],[59.751851,80.3971177],[60.3693167,80.4567708],[60.6536213,80.3922414],[61.0680443,80.3675116],[61.5366322,80.4636787],[61.4900918,80.5283216],[62.0150851,80.5818783],[62.1721306,80.7643353],[61.8751,80.86624575566837]]],[[[53.9116097,80.6009494],[54.0122794,80.5188951],[53.8410918,80.4545707],[54.4505066,80.4676726],[54.2851193,80.5814976],[53.9116097,80.6009494]]],[[[44.9999,80.61271074621712],[45.1593029,80.5657533],[46.1188524,80.5503748],[46.5647458,80.5071275],[47.1389427,80.6083098],[47.2841302,80.688227],[47.6223762,80.7731941],[48.03225,80.7267605],[48.1110237,80.6600099],[48.6089312,80.676854],[48.5138028,80.793219],[47.9383857,80.7974756],[47.464441,80.8564964],[46.9000643,80.7436022],[46.2058176,80.6621769],[44.9999,80.61271074621712]]],[[[56.2499,80.632548101886],[56.6765141,80.6133169],[56.9844152,80.6723063],[56.4958637,80.7590094],[55.8993266,80.7408749],[55.5850347,80.6383964],[56.0763886,80.604542],[56.2499,80.632548101886]]],[[[58.41753765,80.86487723387117],[58.1563143,80.8511858],[57.9432039,80.7589814],[58.5594984,80.7320847],[58.9390375,80.7739225],[58.7861462,80.8783671],[58.41753765,80.86487723387117]]],[[[54.498267025,80.85055640031703],[54.8754211,80.714932],[55.8513077,80.788593],[54.9664594,80.8761074],[54.498267025,80.85055640031703]]],[[[56.2499,80.82243391461328],[56.7737964,80.7759002],[57.1736402,80.6721481],[57.5484962,80.7032983],[57.7462541,80.7599972],[57.4096126,80.838274],[56.9353877,80.8424135],[56.5473515,80.9588222],[56.0928609,81.0148804],[55.4705392,80.9989922],[55.2408742,81.0553712],[54.8546344,81.0804581],[54.4194043,81.0257757],[54.897696,80.9912364],[54.9459604,80.941836],[55.4161466,80.9207844],[55.7427401,80.8484862],[56.2499,80.82243391461328]]],[[[60.8205869,81.0845268],[59.999586,80.9714156],[60.3363638,80.922403],[61.0564807,80.9073649],[61.5485068,81.020746],[61.4289045,81.1155139],[60.8205869,81.0845268]]],[[[56.2499,81.06867632394791],[56.9696743,80.9934646],[57.6570764,80.8221342],[58.1088669,80.8853829],[57.4333787,81.0367087],[57.008459,81.0449252],[56.7479804,81.0873142],[56.2499,81.06867632394791]]],[[[58.1621454,80.9774315],[58.5451671,80.9338095],[58.711287,81.0040408],[58.1444818,81.0914374],[58.1621454,80.9774315]]],[[[59.0624,80.05720235574627],[58.7953968,80.0103724],[59.2674007,79.9428398],[59.6519256,79.9398821],[59.8830745,80.040209],[59.4637062,80.0922363],[59.0624,80.05720235574627]]],[[[50.6249,79.92785103600994],[51.0658733,79.914057],[51.2242338,80.0461123],[50.6672293,80.0355787],[50.6249,79.92785103600994]]],[[[49.95634215,80.2143915408052],[49.5297725,80.1493158],[50.0780275,80.1145836],[50.3839047,80.1661091],[49.95634215,80.2143915408052]]],[[[56.2499,80.06556346543968],[57.0264504,80.0740763],[57.1548638,80.3200814],[56.9485969,80.3495162],[55.9355354,80.3055822],[56.1849824,80.191949],[55.8310701,80.0909957],[56.2499,80.06556346543968]]],[[[59.0626,80.38182203377427],[58.7827094,80.4336431],[57.8874176,80.4728583],[56.979212,80.4507756],[57.242055,80.3903971],[57.3311011,80.1583396],[57.7990809,80.0993304],[58.4229893,80.1468753],[58.4557734,80.2027488],[58.0421284,80.235695],[58.6124395,80.3307114],[58.9127949,80.3085009],[59.0626,80.38182203377427]]],[[[50.531857175,80.73998547671098],[50.6599087,80.8398261],[50.5573245,80.8930528],[50.1745001,80.9455931],[49.7855297,80.9081219],[49.6199042,80.8467848],[49.0029621,80.7824133],[49.2187624,80.6976114],[49.6360906,80.7184414],[49.6271133,80.6418104],[49.2641612,80.6282273],[49.1598477,80.5136241],[48.7520466,80.48505],[48.3794531,80.5520707],[47.9502678,80.5320315],[47.7381326,80.4651249],[47.7858471,80.4047091],[47.639498,80.2929106],[47.2296313,80.3805525],[46.7211647,80.2920436],[47.0621752,80.2221805],[47.7647068,80.2310123],[48.1825205,80.1968783],[47.991473,80.1135487],[48.9034884,80.1692955],[48.8378075,80.2812939],[48.4227179,80.3009698],[48.7458571,80.3685498],[49.737402,80.3686956],[49.6391357,80.4719981],[50.3401114,80.5327505],[51.0165972,80.555603],[51.8021925,80.7138923],[51.3012487,80.7962907],[50.531857175,80.73998547671098]]],[[[52.03115,71.46336584703616],[52.2883699,71.4742901],[52.5829501,71.60151],[52.76755,71.43309],[53.01648,71.48636],[53.30758,71.4180201],[53.3420511,71.3249305],[53.5524482,71.1964943],[53.95139,71.1526899],[54.1552257,71.0914863],[53.9125091,71.0650823],[53.7147936,71.081619],[53.5631273,71.034898],[53.7818943,70.9315718],[53.52945,70.85424],[53.7602001,70.77771],[53.95359,70.7723101],[54.11412,70.7196499],[54.45323,70.71904],[54.5726691,70.7715317],[54.7729926,70.6643024],[55.1647001,70.54602],[55.3012101,70.6102301],[55.22612,70.65476],[55.3752587,70.7213463],[55.6410125,70.7144763],[55.8603966,70.6302109],[56.1776882,70.6358983],[56.1958847,70.7223275],[56.3562947,70.7013946],[56.553511,70.7373061],[56.7458601,70.61309],[57.15082,70.5518699],[57.36485,70.5974401],[57.59528,70.72168],[57.4191418,70.8002002],[57.04565,70.85219],[56.8990239,70.9271775],[56.6062475,71.0256061],[56.2129148,71.1848154],[55.5835479,71.7008949],[55.5246042,71.8818763],[55.3955584,71.9640205],[55.46216,72.1354915],[55.5753776,72.1731149],[55.363796,72.2861941],[55.5006609,72.3817586],[55.5610417,72.5098906],[55.6961151,72.5968237],[55.6735799,72.6574],[55.9219091,72.6507487],[55.86798,72.7806101],[56.1214537,72.7921761],[56.2214138,72.842117],[56.2659818,72.9457498],[55.89273,72.9232],[55.7719699,72.9463999],[56.4313348,73.0209635],[56.2643663,73.0822633],[56.5488616,73.1088885],[56.5599208,73.1580932],[56.3954278,73.2249995],[56.014511,73.2487052],[55.8040918,73.3187626],[55.4667948,73.3097795],[55.2415626,73.3727871],[54.9312669,73.4235991],[54.6032628,73.3725705],[54.2351501,73.25729],[53.93958,73.29278],[53.57936,73.2258899],[53.46478,73.23586],[53.1875599,73.1239499],[53.1163999,72.9278299],[52.6019701,72.8448899],[52.4722171,72.707979],[52.5514099,72.65963],[52.77537,72.66037],[52.7913001,72.54163],[52.90413,72.5012201],[52.71108,72.40932],[52.71223,72.2933399],[52.6048799,72.28483],[52.5035701,72.1888],[52.5631799,72.13252],[52.35358,72.0454299],[51.8066201,72.1264501],[51.56531,72.0614201],[51.43492,71.83767],[51.5083599,71.68513],[51.6317499,71.5304201],[51.8843437,71.4649659],[52.03115,71.46336584703616]]],[[[56.2499,74.46807349388607],[56.0293983,74.4347405],[55.3765957,74.4073212],[55.4736145,74.3415749],[55.4425216,74.2718522],[55.2221387,74.2281373],[55.6162914,74.1736204],[55.3871603,74.1186386],[55.2083854,74.1571073],[54.9522129,74.1331254],[54.5786999,73.9961001],[54.79033,73.95568],[54.2621899,73.9012799],[54.0365748,73.7864359],[53.6847424,73.7303957],[54.0036801,73.6236601],[54.34664,73.6160901],[54.5180099,73.6827299],[54.8137988,73.6494925],[54.388744,73.5571218],[54.296167,73.4983666],[54.3650097,73.4280123],[54.0711147,73.3617925],[54.286687,73.3158285],[54.5560516,73.3918529],[54.9178709,73.4402488],[55.2595777,73.3931283],[55.4567034,73.3231219],[55.7225062,73.3391034],[55.9884948,73.31463],[56.1282313,73.2600736],[56.3477486,73.2693104],[56.730601,73.2336263],[56.7506635,73.3154047],[56.9658684,73.3244929],[57.2412404,73.4492839],[57.0710004,73.5717817],[57.3368119,73.5454664],[57.5837143,73.5950016],[57.6551943,73.712825],[57.8848884,73.7692235],[57.8603143,73.895024],[57.7093704,74.0457959],[58.0114832,73.9892236],[58.2499518,74.0017032],[58.1459676,74.1116343],[58.5058991,74.1553262],[58.6895712,74.2665305],[58.5665511,74.4110532],[58.7705111,74.4762139],[58.9284181,74.4324733],[59.1077048,74.4962721],[59.2184915,74.6462597],[59.7133547,74.5649778],[59.8671633,74.6197527],[59.7354132,74.7021709],[60.2467281,74.7339315],[60.1546103,74.8430441],[60.5270296,74.8429544],[60.5713138,74.9429827],[60.8105875,75.0683515],[60.8276595,75.145737],[61.0731228,75.1684185],[61.1397525,75.2207813],[61.3828842,75.2110206],[61.6051038,75.2572971],[61.6740741,75.3248821],[61.9503261,75.3874207],[61.9327312,75.4338862],[62.3522503,75.4420702],[63.0053155,75.5621698],[63.21484,75.56145],[63.7145101,75.6687699],[64.0084699,75.66127],[64.1853499,75.7176999],[64.6195801,75.74051],[64.8770761,75.7919259],[65.3564999,75.8466301],[65.5715643,75.901794],[65.81515,75.9150101],[65.9645873,75.9731558],[66.37336,75.98702],[67.2689201,76.10196],[68.2000095,76.282621],[68.6172801,76.4050701],[68.8712299,76.54503],[68.8559701,76.63927],[69.0284299,76.6860399],[68.5087222,76.9507155],[67.7759901,77.00051],[67.0571201,76.93981],[66.7581251,76.8319255],[66.4584799,76.81859],[66.2989001,76.74846],[66.02929,76.7372899],[65.82216,76.64683],[66.0291639,76.5877154],[65.99359,76.4972699],[65.61092,76.5438301],[65.3869599,76.4887901],[64.97139,76.47583],[64.7046599,76.3907599],[64.2841999,76.33143],[63.71803,76.3292799],[63.5847699,76.2774301],[63.03841,76.19122],[62.72412,76.2280901],[61.8693193,76.2582617],[61.6551939,76.2983686],[61.056303,76.2567756],[60.9211137,76.1509443],[61.1495841,76.1354202],[61.0905915,76.0396381],[60.8180258,75.9986043],[60.473766,75.996236],[60.783647,76.1006357],[60.5135405,76.1148865],[60.0540736,76.0198856],[60.0434359,75.9303845],[59.7648229,75.8975969],[59.3896934,75.9123945],[59.1454186,75.8369841],[58.952681,75.8554868],[58.7379501,75.7996343],[58.6907374,75.7251038],[57.9832862,75.631978],[58.3545421,75.595921],[57.6065205,75.5034734],[57.7304855,75.4213804],[57.7203836,75.348737],[57.5142823,75.3144138],[57.0330169,75.3792176],[56.8170496,75.3391743],[56.7208711,75.276243],[57.0008968,75.2335829],[56.613491,75.1365625],[56.4716931,75.0625171],[56.2589967,75.159002],[55.9546352,75.1778804],[55.7899529,75.1087372],[55.9328893,75.0471075],[55.8460145,74.9654444],[56.3002261,74.9997288],[56.125859,74.856581],[55.8368052,74.7745506],[56.4581813,74.7447075],[56.5912636,74.6836804],[56.2491354,74.6723239],[55.6024434,74.6117409],[55.7106009,74.5071234],[56.0678353,74.5043086],[56.2499,74.46807349388607]]]]},"properties":{"shapeName":"Arkhangelsk Oblast","shapeISO":"RU-ARK","shapeID":"28173009B62882423633207","shapeGroup":"RUS","shapeType":"ADM1"}},
{"type":"Feature","geometry":{"type":"MultiPolygon","coordinates":[[[[44.9609783,48.2708558],[45.1676307,48.2220169],[45.2660532,48.1054724],[45.3794059,48.0997549],[45.550385,47.9937796],[45.6985438,48.0322744],[45.7566315,48.0013326],[45.7138656,47.9312193],[45.7397257,47.831249],[46.0079695,47.5647578],[46.2672072,47.4207447],[46.3988874,47.4133023],[46.685458,47.6016555],[46.761097,47.6075749],[46.8731427,47.548898],[46.6693137,47.4819759],[46.5362576,47.4034067],[46.739231,47.0738583],[46.8170647,46.992215],[46.9621776,46.9742199],[46.9788341,46.8741934],[46.9572396,46.7153699],[46.8662085,46.6196303],[46.9503268,46.5244522],[46.9646729,46.4454705],[46.864724,46.4571795],[46.6629674,46.4409194],[46.560863,46.3542657],[46.504665,46.3757765],[46.4008324,46.3206181],[46.5012444,46.2809492],[46.449329,46.1776323],[46.4549294,45.9654482],[46.3106359,45.9630106],[46.2954323,45.9144253],[46.4119318,45.8159581],[46.5498151,45.798013],[46.4777182,45.7004604],[46.6938838,45.6484696],[46.8140589,45.5653878],[46.969002,45.6188674],[47.1528252,45.6099306],[47.2959912,45.6767832],[47.4891268,45.6453245],[47.52039288998482,45.66060965159376],[47.6370227,45.5912486],[47.717796,45.509056],[47.977788,45.4559146],[48.0387247,45.6034739],[48.1246011,45.5716888],[48.1458712,45.6604475],[48.287253,45.7295139],[48.3959903,45.5926484],[48.466483,45.6842198],[48.5728844,45.6703172],[48.571559,45.6238723],[48.7296288,45.6170886],[48.7723629,45.7894381],[48.7680552,45.8474031],[48.8658063,45.9113023],[49.0198147,45.9641971],[49.0165321,46.0876925],[49.216078,45.990972],[49.2527959,46.0214874],[49.2476314,46.1549115],[49.3364076,46.1997311],[49.1630439,46.3833573],[49.0449155,46.3965927],[48.8197204,46.4853826],[48.78801,46.5408548],[48.7024042,46.5630555],[48.5449949,46.5633038],[48.560284,46.6418742],[48.7144418,46.7195048],[48.7521448,46.6839768],[48.9214947,46.6935072],[48.9971252,46.7430848],[48.9157882,46.880218],[48.711055,47.0953376],[48.5206406,47.4115724],[48.4530159,47.410845],[48.213354,47.6905146],[48.1137189,47.743257],[47.6526728,47.7581964],[47.4150752,47.8377105],[47.3846275,47.6815631],[47.19408,47.7605037],[47.1809094,47.8536645],[47.0499115,47.997515],[47.2005602,48.0543775],[47.0919048,48.1035222],[47.1255636,48.1582889],[47.1237606,48.269529],[46.7465432,48.3539942],[46.492161,48.4336187],[46.6216739,48.6680657],[46.3082005,48.8212387],[46.0383535,48.8635655],[45.9454252,48.8431042],[45.9321184,48.7863988],[45.7396193,48.6516287],[45.6004955,48.6024783],[45.3575299,48.5506367],[45.2460528,48.5670258],[45.2085518,48.5106401],[45.0146846,48.4249014],[44.9609783,48.2708558]]],[[[46.4440474,45.4526555],[46.625217,45.43882],[46.6386649,45.480541],[46.7906367,45.474425],[46.884463,45.5237084],[46.6600547,45.5473848],[46.6463734,45.5045983],[46.4572763,45.4828672],[46.4440474,45.4526555]]]]},"properties":{"shapeName":"Astrakhan Oblast","shapeISO":"RU-AST","shapeID":"28173009B68474107072963","shapeGroup":"RUS","shapeType":"ADM1"}},
{"type":"Feature","geometry":{"type":"Polygon","coordinates":[[[35.3520928,50.9733022],[35.4191177,50.843828],[35.4887132,50.7768038],[35.4592983,50.6890885],[35.3919804,50.642],[35.4756457,50.4892292],[35.5864838,50.4480937],[35.6283017,50.3544373],[35.73818,50.35446],[35.83174,50.43377],[36.06794,50.45076],[36.16064,50.43154],[36.36303,50.28751],[36.47341,50.31309],[36.64867,50.21765],[36.69296,50.26914],[36.9376105,50.3504564],[37.1053211,50.3518507],[37.2924861,50.4013008],[37.3329961,50.4370108],[37.4651138,50.4309495],[37.4849618,50.3567588],[37.62646,50.29335],[37.61495,50.21644],[37.75486,50.07843],[37.92652,50.0338],[38.0559233,49.923187],[38.2218479,49.9791376],[38.1782301,50.0799958],[38.3295916,50.0854039],[38.3505346,50.0069109],[38.48871,49.96324],[38.58261,49.97749],[38.7240595,49.9270834],[38.9515209,49.796951],[39.0668401,49.8156292],[39.1799425,49.8888021],[39.2229822,50.0458753],[39.1598141,50.1409061],[39.1177916,50.2680591],[39.044122,50.3163526],[39.0147833,50.4554537],[39.1192702,50.6245934],[38.8548846,50.7156984],[38.7789868,50.7189654],[38.7114818,50.7919797],[38.7404425,50.90494],[38.8783552,50.9097388],[38.8047842,50.9838526],[38.6993554,51.0221275],[38.5880106,51.0121562],[38.4840683,51.0771723],[38.3876861,51.0770564],[38.411662,51.1659836],[38.4838288,51.162307],[38.4342917,51.28578],[38.3352773,51.2561434],[38.2890021,51.2964678],[38.22819,51.3021309],[37.9861804,51.4203583],[37.847478,51.4297308],[37.7032064,51.357178],[37.3837424,51.3845212],[37.3101619,51.3339883],[37.1599943,51.3196292],[37.1357565,51.2365984],[37.0351902,51.2350268],[36.9899851,51.1905953],[36.7907682,51.1602688],[36.6657259,51.0861371],[36.5433589,51.1218076],[36.3531379,51.0915981],[36.0649887,51.1586917],[35.9416261,51.1315483],[35.9962048,51.0700776],[35.8653093,50.9586104],[35.7340148,50.9766143],[35.5709072,50.9015572],[35.3520928,50.9733022]]]},"properties":{"shapeName":"Belgorod Oblast","shapeISO":"RU-BEL","shapeID":"28173009B21416061393121","shapeGroup":"RUS","shapeType":"ADM1"}},
{"type":"Feature","geometry":{"type":"Polygon","coordinates":[[[32.7627809,53.4242773],[32.7335,53.33253],[32.52254,53.30669],[32.4143451,53.186095],[32.0947528,53.0761908],[31.8309548,53.1103793],[31.7863992,53.1797273],[31.6442111,53.2202673],[31.41841,53.18764],[31.33478,53.0912324],[31.37189,52.93358],[31.58698,52.79377],[31.60063,52.74605],[31.50312,52.6985],[31.5641936,52.5942451],[31.6521697,52.545071],[31.6024931,52.4232847],[31.62681,52.29011],[31.78104,52.18557],[31.7825236,52.1141712],[31.9165044,52.0970705],[32.065939,52.0346992],[32.2902245,52.1030249],[32.395355,52.2466221],[32.3551601,52.3273458],[32.5500342,52.3268659],[32.685125,52.2663072],[32.9957408,52.2718603],[33.1699042,52.3728341],[33.4132287,52.3495012],[33.5186357,52.3546754],[33.5605062,52.3019273],[33.6778188,52.3546071],[33.8364718,52.3613887],[33.9368436,52.2497897],[34.1162796,52.1410839],[34.0808367,52.0706858],[34.1429277,51.9679845],[34.3855484,51.8430753],[34.3641301,51.9416329],[34.403542,51.9937751],[34.5454711,52.0712841],[34.6226271,52.0405508],[34.7427739,52.0878924],[34.6828199,52.1872996],[34.8690133,52.2021188],[34.8633275,52.2531328],[34.9410699,52.3136587],[34.9241926,52.3699877],[34.8484389,52.3980467],[34.9226068,52.5124144],[34.9915552,52.5071596],[35.0714004,52.6686063],[34.9440939,52.7931973],[34.8303732,52.8640122],[34.9604766,52.9488433],[35.2400674,52.9945637],[35.2935738,53.0583158],[35.2639625,53.1119144],[35.1218838,53.1542301],[35.1410996,53.2791226],[34.9625529,53.3763928],[34.6442514,53.3813955],[34.5197125,53.5008434],[34.4973373,53.6721546],[34.3692006,53.7321432],[34.2011817,53.9121524],[34.0457027,53.8621203],[33.8062203,53.8963904],[33.8192588,53.9848273],[33.7091505,54.0245652],[33.5071262,54.0162959],[33.4087091,53.9462891],[33.2803237,53.9386079],[33.2474464,53.8884803],[33.2987694,53.8166476],[32.9524228,53.6057307],[32.862497,53.5087238],[32.8818409,53.435501],[32.7627809,53.4242773]]]},"properties":{"shapeName":"Bryansk Oblast","shapeISO":"RU-BRY","shapeID":"28173009B9124867987859","shapeGroup":"RUS","shapeType":"ADM1"}},
{"type":"Feature","geometry":{"type":"Polygon","coordinates":[[[115.729696,56.962195],[115.822177,57.002435],[116.06638,57.0571951],[116.1060881,57.099091],[116.2519059,57.138849],[116.1538591,57.2304171],[116.028323,57.222825],[115.845004,57.248274],[115.6691141,57.134832],[115.328965,57.0959361],[115.254262,57.119138],[115.068487,57.111577],[115.006781,56.9711911],[114.828973,56.816877],[114.7946259,56.705154],[114.548601,56.6966121],[114.404858,56.668339],[114.152403,56.697129],[114.0963839,56.623391],[113.8580009,56.5186719],[113.792629,56.610611],[113.4826779,56.6816111],[113.365097,56.62602],[113.0779129,56.6826436],[112.8677663,56.6857696],[112.7341832,56.7596742],[112.6791258,56.8571883],[112.7380885,56.948062],[112.5498466,56.9454165],[112.4045989,56.8574082],[112.2153041,56.8574841],[112.0847104,56.955761],[111.8718341,56.9478773],[111.8305305,56.9126863],[111.6141561,57.0123869],[111.6106554,57.0986634],[111.5262336,57.1308597],[111.391367,57.0311379],[111.3422114,56.8958106],[111.2444833,56.8924645],[111.1617053,56.8230383],[110.9821359,56.8743779],[110.8424074,56.8405559],[110.7120654,56.8807924],[110.6283424,56.8367706],[110.5080808,56.8952303],[110.2684941,56.9521212],[110.21357,56.9296433],[110.0158011,56.9754183],[109.9151505,56.9259883],[109.8533624,56.8496132],[109.8877425,56.7955957],[109.7690798,56.7083338],[109.6103716,56.6965463],[109.544089,56.7413034],[109.4273893,56.7379352],[109.2314592,56.6507779],[109.1443195,56.6795024],[108.9048904,56.5806907],[108.6817324,56.5579511],[108.7402412,56.5049699],[108.548811,56.332146],[108.6517219,56.2410557],[108.8164574,56.228465],[108.9229776,56.1248235],[108.9534208,56.0283904],[109.0877242,56.0148363],[109.2664749,55.9611383],[109.2019606,55.9070097],[108.9706153,55.939102],[108.8228773,55.8473557],[108.7852337,55.7723766],[108.8095173,55.7045614],[108.7756025,55.6109029],[108.681444,55.6048901],[108.702669,55.4984975],[108.6391643,55.4886303],[108.6749224,55.2946688],[108.7831689,55.2328987],[108.7681294,55.1432282],[108.6944847,55.0614834],[108.7187716,54.9008669],[108.7119115,54.6670069],[108.6335754,54.5859347],[108.6644784,54.5376647],[109.0677273,54.4259063],[109.0001107,54.3338993],[108.6355718,54.0012404],[108.4514781,53.8484888],[108.2974035,53.6735115],[108.0126551,53.2337174],[107.0015838,52.7175343],[106.173292,52.3624929],[105.781807,51.961863],[105.552851,51.8323811],[105.2923633,51.744991],[105.0011055,51.6886664],[104.5962374,51.6294127],[104.6715205,51.3381804],[104.566831,51.2856616],[104.486654,51.3220621],[104.4188477,51.2896165],[104.1942901,51.2827557],[104.0667408,51.2052258],[103.8100842,51.1303389],[103.8014104,51.4347791],[103.6240866,51.4806363],[103.337329,51.449264],[103.2422138,51.5038817],[103.1815787,51.6174079],[103.2308502,51.669203],[103.1834178,51.7283222],[103.2253621,51.8061393],[103.0747058,51.8574945],[103.0693557,51.8965318],[102.9175151,51.9120733],[102.8548966,51.9713536],[102.7634871,51.9953163],[102.5694966,52.1632721],[102.5666292,52.2206419],[102.3877254,52.2685924],[102.3000662,52.2306636],[102.155969,52.2838154],[102.0066815,52.2119086],[101.9248108,52.2238053],[101.9306559,52.3172793],[101.7829437,52.3689472],[101.6302375,52.4802688],[101.4547265,52.5761608],[101.4099682,52.6339771],[101.2934536,52.6440994],[101.0534151,52.7644798],[100.9164443,52.7829081],[100.8133361,52.8651252],[100.6557934,52.9214757],[100.4898306,53.0569195],[100.3774022,53.1036509],[100.340604,53.1673372],[100.4266678,53.2366375],[100.3312927,53.2904751],[100.2856591,53.3638349],[99.9804205,53.3290891],[99.8523944,53.2877085],[99.8421393,53.1974419],[99.5296423,53.1059745],[99.3730722,53.1019334],[99.3685033,53.0331516],[99.2304397,52.963329],[99.2307715,52.8679448],[99.1216716,52.8730672],[98.9355143,52.9372252],[98.8516289,52.8270118],[98.9498119,52.7871264],[98.9389088,52.6709582],[98.7871341,52.6058448],[98.8289863,52.5430925],[98.6323867,52.42237],[98.7424605,52.2903925],[98.9691966,52.1426389],[98.9973877,52.0865111],[99.1325269,52.0241551],[99.2760937,52.0186026],[99.3055483,51.957512],[99.4983337,51.9513634],[99.625723,51.8926936],[99.8011826,51.9153845],[99.8195473,51.8477409],[99.9093403,51.7457225],[100.1034308,51.7545582],[100.443945,51.7269588],[100.5038521,51.7500639],[100.6877715,51.7116233],[100.929841,51.6068022],[100.9901519,51.6127877],[101.1432899,51.5200711],[101.2429321,51.5474567],[101.3700981,51.4558456],[101.4997516,51.5033327],[101.9281653,51.4167314],[102.1242911,51.361612],[102.1195353,51.2794526],[102.151096,51.0573035],[102.2036241,51.0394919],[102.2411496,50.9174532],[102.209737,50.8170343],[102.3403132,50.7325372],[102.3023464,50.6818549],[102.4459039,50.6456787],[102.61063,50.5063847],[102.6476976,50.4021897],[102.7583543,50.3790427],[102.9418745,50.3054907],[103.1766627,50.3325428],[103.2764247,50.2848955],[103.2562904,50.1928927],[103.4247544,50.211652],[103.5141931,50.1990718],[103.6084584,50.1440553],[103.8004117,50.151682],[103.8466306,50.1975606],[103.9985566,50.1502974],[104.108238,50.1403403],[104.2783297,50.2011989],[104.3967334,50.3124362],[104.5568456,50.3068975],[104.6991602,50.3672149],[104.8116849,50.3409568],[104.8898001,50.4077785],[105.0081195,50.3869217],[105.1980834,50.4115393],[105.298419,50.4721431],[105.4266128,50.4441746],[105.52513,50.4580234],[105.6088889,50.4287622],[105.8442265,50.4403964],[106.0746655,50.3895535],[106.2612304,50.2981341],[106.5102322,50.3413158],[106.8157278,50.2981781],[106.9795149,50.2089293],[107.0718523,50.0683334],[107.2108967,49.9997998],[107.3829667,49.9775928],[107.7543048,49.9705841],[107.7854767,50.0645979],[107.7342132,50.1111822],[107.839526,50.2079264],[107.9273764,50.231458],[107.9674782,50.3214957],[108.1076624,50.3073065],[108.2228061,50.4167907],[108.3391983,50.394126],[108.5315382,50.4722072],[108.6550751,50.4645111],[108.6791066,50.5372832],[108.5129695,50.5490257],[108.4824514,50.5945027],[108.1819466,50.6498617],[108.0607297,50.7740424],[108.2648344,50.8232727],[108.2609302,50.9008827],[108.3416151,51.0630702],[108.4539462,51.0536128],[108.5628019,51.1205787],[108.5578609,51.177337],[108.4663581,51.2079326],[108.4614027,51.2953529],[108.5009966,51.4051092],[108.6170245,51.4087879],[108.6821555,51.5033632],[108.7853619,51.4367399],[108.9674096,51.4405675],[109.05199,51.5099685],[109.1191416,51.431997],[109.2441825,51.3697151],[109.4344299,51.4252444],[109.6204229,51.4490959],[109.8341963,51.5529683],[110.058828,51.621315],[110.11034,51.5997557],[110.2842628,51.6024089],[110.52191,51.5026394],[110.7104658,51.5165546],[110.8354595,51.6499405],[111.0158069,51.7919386],[111.1485397,51.8329586],[111.2882574,51.8394496],[111.3474375,51.8777184],[111.4599131,51.8705413],[111.5151269,51.9135803],[111.7119005,51.9759086],[111.7724988,52.0669032],[111.8946158,52.1189848],[111.934638,52.1974414],[112.0084135,52.2087079],[112.0735916,52.2846629],[112.4101511,52.2153263],[112.5074419,52.2462385],[112.5465672,52.3457813],[112.6791139,52.3548295],[112.7355821,52.3264009],[113.0930808,52.4037345],[113.1519611,52.4535939],[113.4870447,52.4707709],[113.5907139,52.4488046],[113.6401276,52.5292189],[114.0820081,52.6795965],[114.2244186,52.8123552],[114.2532707,52.9326804],[114.3168531,52.9787487],[114.3296106,53.0602526],[114.1697679,53.0867328],[114.2056863,53.1786826],[114.1132674,53.18392],[113.9244017,53.2840098],[113.9466987,53.3466217],[113.8272263,53.4164959],[113.8830495,53.5230551],[113.8249031,53.6316039],[113.9760606,53.6492897],[113.984682,53.7228077],[114.1603996,53.7590292],[114.2936965,53.7543883],[114.3654907,53.8154],[114.4967767,53.8101212],[114.5780658,53.8855527],[114.8674801,53.9544332],[115.0152468,54.0290932],[115.0126306,54.0723504],[115.1429079,54.1179755],[115.1630957,54.1903682],[115.3468804,54.2701113],[115.4930586,54.3089398],[115.4972492,54.3732637],[115.6057818,54.4149329],[116.1759184,54.5114649],[116.6372299,54.507306],[116.7266238,54.5408716],[116.7805894,54.6065443],[116.849861,54.7717532],[116.9184386,54.8265674],[116.8747746,54.877336],[116.8411684,55.0342638],[116.7606423,55.1168817],[116.6925475,55.1196553],[116.4756235,55.2274727],[116.450519,55.3257169],[116.3523301,55.3844923],[116.2394165,55.3534416],[115.9752687,55.3560241],[115.902617,55.4059948],[115.9604801,55.446656],[115.878029,55.4947401],[115.9159459,55.573847],[115.835376,55.854919],[115.9051641,55.927127],[115.779444,55.98646],[115.765893,56.177252],[115.692962,56.271517],[115.6750249,56.40576],[115.6871051,56.565676],[115.51942,56.5735461],[115.411967,56.606072],[115.4523331,56.665832],[115.5577421,56.694284],[115.6141969,56.7718511],[115.5850072,56.8788031],[115.729696,56.962195]]]},"properties":{"shapeName":"Buryatia","shapeISO":"RU-BU","shapeID":"28173009B49563687485750","shapeGroup":"RUS","shapeType":"ADM1"}},
{"type":"Feature","geometry":{"type":"Polygon","coordinates":[[[45.086794,42.712221],[45.158036,42.708165],[45.325539,42.565217],[45.7735261,42.4882012],[46.0209743,42.6167718],[46.015303,42.6750381],[46.1718736,42.7316125],[46.1147686,42.8015228],[46.1844643,42.8750918],[46.3709622,42.8642969],[46.4904473,42.9116951],[46.4772025,43.0040161],[46.3861927,43.1483129],[46.4238158,43.2788708],[46.369918,43.3417467],[46.3275714,43.4497803],[46.411179,43.5099287],[46.4551281,43.6631409],[46.5591809,43.7611629],[46.6551325,43.7935386],[46.5869177,43.8725943],[46.4513316,43.8751179],[46.4277894,43.9857344],[46.3588932,43.9438604],[46.2520022,43.9449294],[46.2158834,43.8592094],[46.0948785,43.8610809],[46.0711977,43.9305458],[45.7107493,43.961883],[45.4906809,44.0076503],[45.4397494,44.0077115],[45.4384542,43.8758653],[45.2011412,43.8764474],[45.2017545,43.9572933],[45.0539422,43.9582513],[45.0656947,43.7203238],[44.9933596,43.7216004],[44.8912767,43.6591239],[44.8332046,43.6817992],[44.8479393,43.5655338],[44.8985122,43.5222727],[45.0588011,43.5112775],[45.0679418,43.4518714],[45.1317476,43.4184038],[45.1091939,43.3150479],[45.1331017,43.1939942],[45.1919573,43.1638326],[45.1787481,43.0195771],[45.2398328,42.8915474],[45.1888606,42.8521354],[45.086794,42.712221]]]},"properties":{"shapeName":"Chechnya","shapeISO":"RU-CE","shapeID":"28173009B98838729156012","shapeGroup":"RUS","shapeType":"ADM1"}},
{"type":"Feature","geometry":{"type":"Polygon","coordinates":[[[62.0610577,56.1308206],[61.8398296,56.1826378],[61.7345803,56.2867022],[61.5814565,56.2876753],[61.4337134,56.3511385],[61.3373667,56.3152417],[61.1771275,56.3610981],[61.091729,56.3192581],[61.185875,56.2082643],[61.1035319,56.1814382],[60.9638688,56.1909516],[60.709124,56.2392361],[60.679792,56.310093],[60.5763638,56.3180841],[60.553154,56.2223343],[60.3633414,56.2332958],[60.2589472,56.1997491],[60.0509579,56.2135514],[59.8637601,56.2603397],[59.7576391,56.2232356],[59.6347065,56.2480481],[59.7140079,56.3235166],[59.5547746,56.3389063],[59.1389709,56.3220057],[59.1983362,56.2710607],[59.1685212,56.1987135],[59.0418325,56.1718059],[59.3190137,56.1290851],[59.2251193,55.8497628],[59.3205217,55.7613791],[59.3358088,55.63157],[59.4684945,55.5948279],[59.6549303,55.5918947],[59.5789421,55.5165952],[59.2813664,55.4639626],[59.183238,55.4684315],[59.1600409,55.3424192],[58.7253838,55.2896785],[58.6930342,55.1507349],[58.8064926,55.0287153],[58.7270877,54.9678638],[58.5976801,54.9562879],[58.422069,55.0179082],[58.4297302,55.0662803],[58.344839,55.1498983],[58.2632403,55.1717355],[58.1297055,55.1271217],[58.1940301,55.0717253],[58.1129998,54.9449475],[58.0050815,54.9061528],[57.9329207,54.9486171],[58.0327489,55.027908],[57.9960939,55.0889431],[58.126613,55.2177253],[58.0231612,55.2765261],[57.8828859,55.3023335],[57.6412906,55.3014792],[57.5301008,55.3370193],[57.3939475,55.3172277],[57.2632555,55.2191517],[57.2415464,55.1496001],[57.1312877,55.0850495],[57.1932785,54.986291],[57.2594339,54.9502587],[57.1566258,54.8703292],[57.2449659,54.7724688],[57.5923555,54.6793475],[57.6270537,54.6176723],[57.7460433,54.5818603],[57.7533609,54.5016684],[57.901312,54.4206983],[58.0121238,54.3967833],[58.1692103,54.5025757],[58.3499261,54.5511627],[58.4361344,54.5439265],[58.5872672,54.4640001],[58.7149824,54.4778905],[58.7392463,54.5369058],[58.9536968,54.5843707],[59.0653429,54.6496712],[59.2633032,54.6168933],[59.2888449,54.6582413],[59.5227732,54.779786],[59.5368198,54.8414086],[59.6179759,54.9061115],[59.8754793,54.8384325],[59.9469169,54.7698728],[59.8537755,54.6090243],[59.6822137,54.5224423],[59.7399009,54.4556587],[59.6717898,54.3396502],[59.7550187,54.3142678],[59.7892914,54.2443443],[59.7079825,54.1416393],[59.5253477,54.1861246],[59.3256543,54.1877931],[59.1881846,54.0035948],[59.1087896,53.9562862],[59.0002316,53.951602],[58.907744,53.8626625],[58.9255235,53.7848268],[58.9068655,53.642514],[58.813353,53.5916035],[58.9063739,53.5477025],[58.9002097,53.2765211],[58.9134139,53.0560534],[58.8391271,53.0240174],[58.7608004,52.8496324],[58.8046568,52.6950863],[58.7510163,52.6110183],[58.8240275,52.5932987],[58.781245,52.5203942],[58.8549267,52.4258061],[59.0018851,52.4246503],[59.0019077,52.3618883],[59.1656737,52.2765025],[59.2162566,52.2974766],[59.2274208,52.4248797],[59.2961421,52.4798256],[59.6775646,52.4086941],[59.8241659,52.4800584],[59.9182594,52.4220205],[60.1629979,52.4001195],[60.173892,52.2602818],[60.0606172,52.1807441],[59.9653598,52.1518157],[59.9077372,52.0399459],[60.001687,51.993295],[60.198105,51.990784],[60.340247,52.054854],[60.510395,52.156918],[60.716655,52.156056],[60.7720037,52.2081461],[60.9454652,52.2674959],[61.067349,52.347597],[60.991177,52.423632],[60.98097,52.507692],[60.84144,52.521735],[60.843412,52.6411053],[60.714894,52.662614],[60.712215,52.764534],[60.834147,52.774146],[60.887919,52.830686],[61.076665,52.92817],[61.1202327,52.985972],[61.250433,53.035909],[61.389092,52.991961],[61.4696867,53.036211],[61.63213,52.953933],[61.701773,52.998212],[61.8341783,52.992863],[61.960691,52.950035],[62.130271,52.989365],[62.118862,53.111967],[61.915054,53.141813],[61.783362,53.184299],[61.673097,53.265905],[61.526708,53.215251],[61.400363,53.273691],[61.225143,53.282833],[61.154711,53.405554],[61.29756,53.5117089],[61.427517,53.455752],[61.592324,53.525999],[61.552763,53.592662],[61.390904,53.601883],[61.3576544,53.5614072],[61.2155517,53.5636444],[61.12091,53.615491],[60.900425,53.627799],[61.115178,53.721553],[61.227187,53.79567],[61.135364,53.904236],[61.293575,54.073881],[61.4800687,54.0829702],[61.569781,54.007875],[61.72578,54.029901],[61.8929699,54.0090828],[61.8574503,53.9620567],[62.044192,53.948493],[62.006056,54.037808],[62.339218,54.032274],[62.445827,53.927128],[62.5542984,53.9336946],[62.5967246,54.0718179],[62.8060618,54.1118074],[63.0795703,54.1041199],[63.1509963,54.1826301],[63.3514795,54.1940745],[63.3440003,54.251514],[63.1716258,54.3081133],[63.1957995,54.4653189],[63.2801729,54.5294352],[63.1998212,54.6990849],[62.9784328,54.7054497],[62.6717239,54.6240117],[62.5502517,54.652031],[62.4411526,54.7157251],[62.3191437,54.6708528],[62.0778542,54.6756086],[62.0371488,54.7642647],[62.1187883,54.8141483],[61.9955585,54.9807318],[62.1472378,55.0382697],[62.237112,55.1085682],[62.1608147,55.2311319],[62.1882502,55.4454407],[62.319534,55.4137375],[62.454923,55.4672461],[62.6200899,55.4905694],[62.5234047,55.5903024],[62.5258926,55.7699092],[62.304293,55.8379752],[62.3176605,55.9476027],[62.2304192,56.0279994],[62.0610577,56.1308206]]]},"properties":{"shapeName":"Chelyabinsk Oblast","shapeISO":"RU-CHE","shapeID":"28173009B19466568926459","shapeGroup":"RUS","shapeType":"ADM1"}},
{"type":"Feature","geometry":{"type":"Polygon","coordinates":[[[46.4430232,54.7616591],[46.6584356,54.6731002],[46.8000857,54.6381937],[46.9686018,54.6800543],[47.2678667,54.6734858],[47.3876736,54.7527978],[47.3692517,54.8287184],[47.4633423,54.8607902],[47.5605015,54.8446509],[47.7226293,54.858919],[47.7753866,54.9610292],[47.9611748,54.9476927],[48.0278392,55.0359312],[48.03788,55.1086391],[48.107665,55.1459047],[48.0161833,55.2847504],[47.911613,55.3222519],[47.7837034,55.2386701],[47.6872184,55.2339772],[47.6698339,55.3523873],[47.7804684,55.3330079],[47.9127391,55.4294038],[47.9693925,55.5151392],[48.1079667,55.524123],[48.0135114,55.5993054],[48.0814631,55.6923292],[48.222262,55.6873988],[48.2376827,55.7486789],[48.3955848,55.8299327],[48.2197987,55.8750232],[48.1831055,55.9358528],[48.0348679,55.9425406],[47.9322391,56.0351523],[47.8927749,56.1179547],[47.4247726,56.1569945],[47.3797968,56.2272042],[47.3925228,56.3229859],[47.1505981,56.3154663],[46.9109419,56.2104265],[46.7996088,56.1915265],[46.6557031,56.0980241],[46.6026885,56.1319387],[46.4731445,56.12291],[46.2386522,56.0653792],[46.1852501,56.0316178],[46.079286,55.9486325],[46.1134881,55.8221742],[45.9140646,55.6958833],[46.0393727,55.6304619],[46.1078667,55.5306718],[46.2918944,55.5088123],[46.3892197,55.4276508],[46.256641,55.3991791],[46.2007416,55.3407631],[46.2285037,55.2863303],[46.0781814,55.2210209],[46.0287784,55.1488351],[46.0620372,55.0477131],[46.2490716,54.9793119],[46.4105911,54.8740716],[46.3820177,54.830457],[46.4430232,54.7616591]]]},"properties":{"shapeName":"Chuvashia","shapeISO":"RU-CU","shapeID":"28173009B91429860602147","shapeGroup":"RUS","shapeType":"ADM1"}},
{"type":"Feature","geometry":{"type":"Polygon","coordinates":[[[68.714266,55.3475192],[68.7521,55.3768],[68.9399,55.3185],[68.935,55.4398],[69.1733,55.3822],[69.2061,55.3301],[69.6838251,55.3507079],[69.8671,55.2957],[69.9517,55.2097],[70.0631,55.207],[70.2294,55.1471],[70.4012424,55.2145889],[70.4611977,55.2858259],[70.4987393,55.3308145],[70.4395957,55.4075246],[70.56696,55.4938692],[70.6733726,55.4905289],[70.7569723,55.5847221],[70.7100919,55.625407],[70.5634571,55.6507321],[70.5317255,55.6943726],[70.6025653,55.8371729],[70.4717396,55.8512732],[70.4806123,55.9059668],[70.8085397,55.9026219],[70.8674118,55.962189],[70.9023656,56.1122831],[70.7322287,56.2531271],[70.9282427,56.3170539],[70.9274662,56.3792339],[70.8010868,56.4513167],[70.9841329,56.4622363],[71.0845983,56.5241657],[71.1205262,56.6529553],[71.3698867,56.631768],[71.381898,56.6788789],[71.5537291,56.6702905],[71.5813706,56.7434917],[71.6773289,56.7652232],[71.604991,56.9329288],[71.2972964,57.0852445],[71.2294102,57.1746569],[71.1156045,57.2023978],[71.0529049,57.2935754],[71.0650087,57.3508922],[70.7867952,57.3649791],[70.7808226,57.275989],[70.653759,57.1989978],[70.6065416,57.2800581],[70.4588305,57.2823991],[70.3723492,57.3294369],[70.4182356,57.4151139],[70.5783499,57.458047],[70.6856931,57.5155409],[70.5988642,57.5772224],[70.5576862,57.7187411],[70.3923358,57.7824647],[70.4304134,57.9521643],[70.8527739,58.5292706],[71.0880875,58.4783752],[71.3034385,58.3908376],[71.2378378,58.3278587],[71.2060173,58.1130135],[71.2619172,58.0526546],[71.9833466,58.1155452],[72.0902322,58.0860088],[72.1671564,58.0146979],[72.8675594,58.0014169],[72.9477614,58.0697813],[73.1282875,58.1553042],[73.47897,58.1439471],[74.2196308,58.1362977],[74.4554941,58.2420327],[74.6285856,58.2882876],[74.6614441,58.3450042],[74.9131129,58.4308855],[74.9511062,58.4935862],[75.1094284,58.5757191],[75.1992954,58.6186818],[75.1312975,58.6638893],[74.9976915,58.698958],[74.8945598,58.6851503],[74.7989904,58.7267088],[74.1753457,58.7261072],[73.9910665,58.8108455],[73.8590821,58.8067808],[73.7187925,58.8562155],[73.5001456,58.8248259],[73.0248098,58.8749277],[73.0999565,58.9516887],[72.9282976,59.053141],[72.9756191,59.126382],[72.9112119,59.154002],[72.5494028,59.1389689],[72.4182026,59.2103259],[72.4420472,59.3002208],[72.2318561,59.4122355],[72.1854146,59.4662798],[72.0251346,59.5517353],[71.8899455,59.5550583],[71.7920313,59.6359354],[71.5447949,59.6851645],[71.4993512,59.7418087],[71.2584667,59.7884833],[71.1793279,59.9070663],[70.9994869,59.8281589],[70.7765623,59.8697522],[70.3963009,59.8395797],[70.1342492,59.9499315],[70.0011084,59.9241961],[69.6511038,59.9098218],[69.6226734,59.9680044],[69.2697621,59.9895586],[69.1684935,59.9663002],[69.143464,59.8822922],[69.3090014,59.769649],[69.0513556,59.6895903],[68.7325727,59.5695796],[68.5734767,59.5885867],[68.5014339,59.4363797],[68.3949421,59.2981749],[68.2614316,59.2381091],[68.0994851,59.2031836],[67.7840562,59.2014379],[67.6503164,59.1603827],[67.6119457,59.1041454],[67.2998952,59.0241076],[67.0537092,58.9268384],[66.9686637,58.9721634],[66.7724719,58.923282],[66.7852384,58.6565453],[66.2908795,58.5944968],[65.9504599,58.6145443],[66.0000584,58.2486931],[66.1848568,58.0109699],[66.0415493,57.9929087],[65.984069,57.9448616],[65.8249863,57.9326348],[65.7947688,57.8747983],[65.53412,57.7621437],[65.4067547,57.8258214],[64.8330882,57.6482501],[64.9660585,57.6050704],[64.8271919,57.2931197],[65.0050861,57.2338124],[64.9625194,57.156659],[65.0561954,56.9039161],[65.2531476,56.9205059],[65.1696827,56.7640353],[64.9270552,56.7724002],[65.0220516,56.6435205],[64.9894829,56.5183665],[65.0934327,56.4411389],[65.1220021,56.3075734],[65.2492019,56.2765151],[65.4542258,56.2854284],[65.6831232,56.2696644],[65.6727864,56.2232183],[65.7780018,56.157672],[65.8418696,56.0689878],[66.0209714,55.993602],[66.1607653,56.066954],[66.3085503,56.0495431],[66.4517775,55.9595816],[66.6358636,56.0060675],[66.7638704,55.9756321],[67.3030462,55.9629002],[67.2783282,55.9388994],[67.4039196,55.7278551],[67.633784,55.7141461],[67.7942904,55.7287489],[67.9209436,55.6549636],[68.138859,55.7288343],[68.1887547,55.5891237],[68.3170032,55.5694005],[68.3218532,55.5073372],[68.6821485,55.3878968],[68.714266,55.3475192]]]},"properties":{"shapeName":"Tyumen Oblast","shapeISO":"RU-TYU","shapeID":"28173009B77673499236961","shapeGroup":"RUS","shapeType":"ADM1"}},
{"type":"Feature","geometry":{"type":"Polygon","coordinates":[[[44.8479393,43.5655338],[44.8332046,43.6817992],[44.8033927,43.8070486],[44.596925,43.8286943],[44.472547,43.8011845],[44.292523,43.809673],[44.2674355,43.7453232],[44.2971782,43.6894595],[44.4302108,43.6838109],[44.4753684,43.5829428],[44.4138794,43.4527146],[44.3334821,43.4440528],[44.1749304,43.3485999],[44.1463461,43.437676],[44.037769,43.3522063],[44.0982319,43.2671901],[43.9402362,43.2865376],[43.8617982,43.2641816],[43.8298745,43.3232655],[43.7033816,43.1311981],[43.6520372,43.1012119],[43.5715292,42.9429373],[43.4429628,42.9693803],[43.3984872,42.8969234],[43.5610472,42.8677058],[43.60891,42.813681],[43.778776,42.758044],[43.759004,42.655092],[43.836416,42.598723],[43.962712,42.547509],[44.01034,42.59137],[44.22484,42.630605],[44.319256,42.7225],[44.498974,42.701278],[44.514598,42.754273],[44.6799687,42.7559099],[44.6336969,42.8772538],[44.8536514,42.8355762],[44.8817182,42.9151093],[44.9538594,42.946579],[44.9574751,43.0489674],[44.6687208,43.2344163],[44.5707208,43.2360974],[44.5777037,43.4136031],[44.478436,43.4676932],[44.5033457,43.5879191],[44.6310674,43.6140893],[44.7952148,43.5967423],[44.8479393,43.5655338]]]},"properties":{"shapeName":"North Ossetia–Alania","shapeISO":"RU-SE","shapeID":"28173009B7235812138525","shapeGroup":"RUS","shapeType":"ADM1"}},
{"type":"Feature","geometry":{"type":"Polygon","coordinates":[[[42.3509694,53.8537291],[42.1436297,53.8027981],[42.1095328,53.5153395],[42.2555332,53.4853388],[42.301591,53.4258089],[42.2524238,53.3688674],[42.3795921,53.3273665],[42.420968,53.2717014],[42.5680154,53.1824702],[42.7548679,53.0182622],[42.9575548,52.9309463],[43.1936038,52.7172615],[43.220343,52.6367942],[43.0491699,52.5307607],[43.0240484,52.4867633],[43.0813296,52.404693],[43.0397059,52.3706346],[43.1432677,52.4384481],[43.3016769,52.4340224],[43.3361852,52.3751863],[43.5124508,52.4011487],[43.6734055,52.3923424],[43.7795213,52.4274779],[43.9104741,52.3964124],[44.0323929,52.327972],[44.3168048,52.3156314],[44.4018429,52.4070808],[44.5350634,52.4233884],[44.6133241,52.4807267],[44.8531157,52.4477209],[44.9515221,52.3567219],[45.0621218,52.3611419],[45.1482937,52.4185085],[45.3529763,52.3964687],[45.6214504,52.4776669],[45.7706885,52.4574912],[45.7941482,52.4162902],[45.9620979,52.3971506],[46.0043239,52.5079034],[46.1417219,52.5460531],[46.1669018,52.6079342],[46.267631,52.6095772],[46.3258992,52.6808429],[46.5716189,52.7022068],[46.7441761,52.6114097],[46.8010702,52.6208276],[46.7996855,52.6697628],[46.9401434,52.7219637],[46.970915,52.8096716],[46.9179142,52.920403],[46.9295285,53.170762],[46.8641727,53.1777127],[46.9081633,53.3626054],[46.7918338,53.3726778],[46.6497528,53.4687747],[46.5042894,53.4811053],[46.4506972,53.5395615],[46.4445181,53.6503032],[46.3764811,53.670359],[46.2793742,53.7903021],[46.1727202,53.7967353],[46.1852938,53.9119988],[46.0610862,53.9791448],[45.8136335,53.9757159],[45.6616752,53.9181537],[45.4154348,53.8978805],[45.3425846,53.8693105],[45.1830564,53.9682469],[45.0958209,53.952297],[44.8314587,53.9632515],[44.6032614,53.8716125],[44.6038241,53.798975],[44.7314126,53.7060374],[44.5866615,53.6662021],[44.4597679,53.6634654],[44.414121,53.6978572],[44.1487369,53.7043631],[43.9274522,53.770688],[43.9247815,53.8736564],[43.7464042,53.9594621],[43.6145245,53.9668323],[43.5363672,54.0145552],[43.4589218,53.9789497],[43.3115997,54.0241427],[43.1827778,53.968601],[43.1087313,53.8942429],[42.9320943,53.7957009],[42.8375979,53.8142323],[42.556252,53.8005011],[42.4985958,53.7347762],[42.3509694,53.8537291]]]},"properties":{"shapeName":"Penza Oblast","shapeISO":"RU-PNZ","shapeID":"28173009B59972517059449","shapeGroup":"RUS","shapeType":"ADM1"}},
{"type":"Feature","geometry":{"type":"Polygon","coordinates":[[[122.111783,53.4314965],[122.3416912,53.5022898],[122.4296585,53.4432483],[122.5961455,53.4638679],[122.8495123,53.4564373],[123.0599264,53.5075456],[123.1373138,53.4981214],[123.223038,53.5495921],[123.4793885,53.5278565],[123.6218382,53.5453489],[123.6855224,53.4983246],[123.8793642,53.4807228],[124.0613615,53.3987514],[124.1099497,53.3465035],[124.2323471,53.3778082],[124.3203496,53.3291717],[124.3697922,53.2527238],[124.4964696,53.2036616],[124.6368899,53.2071774],[124.7117256,53.1514201],[124.823912,53.1430901],[124.9754644,53.1957572],[125.1578079,53.2037569],[125.4981006,53.0884976],[125.6051735,53.0815844],[125.7276804,52.9439651],[125.8295396,52.8953718],[125.9392957,52.7632283],[126.0083476,52.7927389],[126.0678239,52.603246],[126.2016709,52.5309645],[126.3468763,52.3831303],[126.31113,52.328806],[126.3462437,52.2623661],[126.3003969,52.2061976],[126.4898672,52.1597358],[126.556576,52.1200941],[126.4382903,52.0254656],[126.4651444,51.9363783],[126.5378208,51.8850146],[126.6176986,51.7744288],[126.7156296,51.726943],[126.7086791,51.5686439],[126.8331336,51.5343801],[126.7757987,51.4438467],[126.8961333,51.408204],[126.9728659,51.2977818],[126.894245,51.2033372],[126.9176588,51.0570394],[127.1350859,50.9124531],[127.2331046,50.7739248],[127.2912978,50.7547066],[127.2874214,50.6637986],[127.3670005,50.573974],[127.2921928,50.4568265],[127.3530487,50.4434736],[127.325288,50.3351467],[127.380666,50.2851069],[127.6015333,50.2374648],[127.6033453,50.1808737],[127.5016447,50.0594152],[127.4990212,49.9719288],[127.5416564,49.917023],[127.5254343,49.819066],[127.6483485,49.7764308],[127.6872401,49.667035],[127.7982996,49.5934113],[127.8848179,49.569702],[127.9590478,49.5963876],[128.0344656,49.5555744],[128.3359386,49.5421359],[128.3669372,49.5837392],[128.5529286,49.6019577],[128.8021721,49.5502838],[128.860269,49.4895998],[128.9836595,49.4569225],[129.0734497,49.3535964],[129.1745703,49.3885157],[129.3778846,49.375674],[129.4302762,49.4416197],[129.5366434,49.3980359],[129.5482224,49.3090116],[129.6000276,49.2757781],[129.71048,49.2910916],[129.7495782,49.2044239],[129.8424364,49.1770552],[129.8584015,49.1083075],[130.2242955,48.865247],[130.421084,48.9039212],[130.5372987,48.8534576],[130.6299698,48.8814543],[130.7415098,48.9608522],[130.8644333,48.9940591],[131.0230503,48.9680109],[131.0170175,49.0371038],[131.0691019,49.169405],[131.183786,49.2273812],[131.3497721,49.2628234],[131.4200281,49.2554531],[131.5018377,49.4054623],[131.5240865,49.5723103],[131.4457226,49.6702726],[131.3699351,49.7195076],[131.4786506,49.7799478],[131.5205391,49.9034651],[131.3874029,49.9759013],[131.4300659,50.0516596],[131.3754456,50.1001533],[131.4421878,50.2028335],[131.3100478,50.3228087],[131.0470692,50.4334618],[130.930691,50.3900135],[130.9332011,50.4950976],[131.0264525,50.5774564],[130.907408,50.6695387],[130.7639695,50.6563908],[130.6727339,50.7422225],[130.8453836,50.8791209],[130.7569835,50.9562738],[130.7954988,51.0240915],[130.9270461,51.0277656],[130.9715473,51.1426683],[131.042859,51.2391232],[131.1616621,51.2504921],[131.2531086,51.3632978],[131.3605953,51.389378],[131.490443,51.3467111],[131.4676452,51.4862215],[131.3901401,51.5946682],[131.4317296,51.6883392],[131.6043229,51.6659604],[131.7798768,51.7004241],[131.8584914,51.7582656],[131.9562903,51.7453142],[132.0657055,51.8005089],[132.1179264,51.7785494],[132.2188754,51.8397837],[132.264218,51.8000982],[132.4190278,51.9054679],[132.4244836,51.9808711],[132.5332956,51.9763438],[132.5401042,52.0502494],[132.6458825,52.1142553],[132.7593271,52.1220527],[132.8182074,52.1628216],[133.0926961,52.1531264],[133.3259105,52.1935287],[133.4204497,52.233701],[133.3376641,52.32188],[133.3138842,52.4000074],[133.2371728,52.4501445],[133.3007537,52.5291831],[133.2292838,52.616671],[133.3171876,52.6810725],[133.5886369,52.6144262],[133.7084842,52.5586459],[133.8191426,52.566742],[133.8697049,52.514491],[133.9985101,52.5403582],[134.0975204,52.4816003],[134.1671888,52.5135733],[134.2924114,52.4611718],[134.6235992,52.4389359],[134.6218398,52.5738211],[134.752147,52.6796783],[134.5938816,52.8572054],[134.5945986,52.9008741],[134.7717703,53.0702486],[134.8627905,53.099726],[134.8139615,53.1578053],[134.8923108,53.2139074],[134.8686898,53.317917],[134.8003024,53.4010057],[134.8902709,53.4354717],[134.7297923,53.4913558],[134.7230905,53.5289524],[134.5312373,53.6214822],[134.2593076,53.5421712],[134.1952848,53.4822346],[133.9237724,53.4477362],[133.7943848,53.4912216],[133.7162657,53.4671976],[133.5990117,53.5512869],[133.1654585,53.4102344],[133.139159,53.3076753],[133.0279879,53.3065489],[132.8612009,53.2352757],[132.7705466,53.2497242],[132.4544399,53.2182533],[132.300443,53.23916],[132.0625114,53.2202958],[132.0380716,53.1578697],[131.8947503,53.1377614],[131.8265093,53.1740197],[131.8546878,53.2315784],[131.4415488,53.2213154],[131.5334407,53.3336604],[131.5110466,53.4326827],[131.4512727,53.5101096],[131.4914096,53.6023537],[131.4182646,53.6833799],[131.4441388,53.739173],[131.3452684,53.7830159],[131.0316878,53.8245994],[130.8964401,53.7833583],[130.8518485,53.8491673],[130.5877794,53.8784617],[130.3910223,53.9199677],[130.5026197,54.003311],[130.511178,54.1224156],[130.7593968,54.3019952],[130.9391629,54.339254],[131.0370367,54.291559],[131.1341566,54.3674654],[131.2316345,54.5586834],[131.1694721,54.635017],[131.2866467,54.6588115],[131.3948903,54.73728],[131.6184095,54.7937909],[131.6715376,54.7754465],[131.8101065,54.8614553],[132.0112728,54.9333453],[132.0172202,55.0264466],[132.1273982,55.0666606],[132.294485,55.062012],[132.4351352,55.0913688],[132.3371762,55.2223234],[132.3722031,55.2477069],[132.6114887,55.235266],[132.7736198,55.3478347],[132.9653406,55.4203396],[132.7632575,55.4562953],[132.6393721,55.5566418],[132.6615065,55.6264057],[132.5581523,55.709942],[132.4410574,55.7427815],[132.2580662,55.7405795],[132.1481934,55.6813032],[131.9471451,55.7071348],[131.773743,55.694409],[131.6361823,55.7089168],[131.5643492,55.6556792],[131.4844345,55.6972543],[131.3352452,55.6510162],[131.2157164,55.6941361],[131.0593308,55.6565533],[130.952768,55.7121765],[130.8500813,55.7124806],[130.6248239,55.76245],[130.5045536,55.7274248],[130.287782,55.7409755],[130.0010897,55.7132802],[129.9643044,55.7543487],[129.6678098,55.7778338],[129.4551767,55.7299464],[129.0478743,55.6926783],[129.0990795,55.6310364],[129.1009584,55.5395142],[129.0114921,55.4975034],[128.7030372,55.515137],[128.7016329,55.5623262],[128.5124426,55.5447806],[128.491531,55.5836734],[128.3046417,55.6905156],[128.2001529,55.7009944],[127.9243751,55.6620039],[127.8018303,55.6669319],[127.7337088,55.7312756],[127.5424642,55.6648397],[127.4587755,55.5780305],[127.3401299,55.6195196],[127.3214542,55.6878049],[126.9789882,55.7001096],[126.9262249,55.629892],[126.7873034,55.6274251],[126.6928114,55.6667117],[126.5437673,55.6407183],[126.5332195,55.5936795],[126.4144183,55.5600279],[126.2350333,55.6078366],[126.0960922,55.5897802],[126.0877625,55.667953],[125.9938362,55.7673871],[125.8036339,55.806601],[125.6168436,55.7794462],[125.5658836,55.7392586],[125.4448815,55.8163521],[125.448967,55.8511106],[125.2533487,55.9077606],[124.9110697,55.8418698],[124.7616851,55.8698987],[124.6397935,55.9376828],[124.5058873,55.8846481],[124.3883347,55.9936211],[124.3942783,56.0526357],[124.2144946,56.0841356],[124.2121789,56.1558973],[124.1210721,56.2308127],[124.0327608,56.2560086],[123.9208059,56.3878646],[123.7530021,56.4245365],[123.5630824,56.4100925],[123.1940515,56.4406722],[122.9019096,56.5566406],[122.7901524,56.5087233],[122.5715967,56.4854016],[122.4607598,56.5996173],[122.2954841,56.6407475],[122.1639431,56.7461905],[121.9895466,56.7625142],[121.835604,56.7404313],[121.6835315,56.7596004],[121.4593336,56.9705119],[121.1472088,56.9994293],[120.9054996,57.0605084],[120.7828287,57.0285215],[120.540383,57.0447445],[120.3293544,57.0210893],[120.0354444,56.9099395],[119.8561397,56.8960791],[119.7064925,56.8294074],[119.6553908,56.7570258],[119.7765961,56.7333972],[119.7969819,56.5966169],[119.9236126,56.5491102],[119.9494733,56.4927275],[120.0891851,56.5008282],[120.2544065,56.4477846],[120.2353792,56.4033273],[120.539248,56.2662729],[120.3037607,56.2023795],[120.1736164,56.2063263],[120.0325662,56.108902],[120.1306092,56.0228461],[120.0831886,55.935283],[120.2276464,55.9225835],[120.3402934,55.8826531],[120.4748242,55.9287667],[120.633166,55.9305672],[120.8558289,56.0216384],[120.98478,56.0423394],[121.0454079,56.0093286],[121.2126569,56.0278734],[121.2691048,55.9406747],[121.2467792,55.8801097],[121.3370998,55.8216828],[121.3171214,55.6592304],[121.36111,55.6072179],[121.336304,55.5301572],[121.4192575,55.4944622],[121.6074953,55.5257722],[121.6967436,55.6142566],[121.8994965,55.6195188],[121.9997279,55.4338744],[121.9852569,55.3125506],[121.9438176,55.2329387],[122.0325804,55.1961486],[121.9138763,55.1195226],[121.9596487,55.0005321],[121.6672067,54.8344976],[121.6403283,54.7647736],[121.7940488,54.7722323],[121.8799146,54.8030224],[121.9377924,54.7134221],[121.8891179,54.6545977],[121.9298657,54.569081],[122.1458196,54.4587554],[122.1289617,54.4131043],[121.9122889,54.3771375],[121.8776425,54.4236002],[121.7598624,54.4394385],[121.6558852,54.3578173],[121.7473949,54.2821052],[121.7121785,54.2285035],[121.765597,54.1763034],[121.6262392,54.0967082],[121.7590032,53.9493216],[121.8489561,53.9532746],[121.9463123,53.8266154],[121.9664713,53.6978698],[121.9477159,53.6166647],[122.111783,53.4314965]]]},"properties":{"shapeName":"Amur Oblast","shapeISO":"RU-AMU","shapeID":"28173009B24080199016459","shapeGroup":"RUS","shapeType":"ADM1"}},
{"type":"Feature","geometry":{"type":"Polygon","coordinates":[[[44.292523,43.809673],[44.2685698,43.9181546],[44.1439037,43.9284712],[44.1440452,43.970237],[43.9873376,43.9706842],[43.9221636,44.0203143],[43.7705002,43.9275269],[43.7448876,43.8194677],[43.4738702,43.8656198],[43.316639,43.7997601],[43.2250081,43.9590461],[43.1477107,43.8950757],[42.9732394,43.8978243],[42.8661055,43.8676908],[42.8547037,43.8018957],[42.6782891,43.809695],[42.6813728,43.7160462],[42.6026204,43.6562084],[42.4560743,43.621092],[42.4744252,43.5299161],[42.4028305,43.3928315],[42.4137762,43.2569824],[42.4477104,43.2198225],[42.660559,43.1405023],[42.7766211,43.1887713],[42.8529903,43.1789178],[42.9935592,43.1167278],[43.0509247,43.0192119],[43.18487,42.938667],[43.3984872,42.8969234],[43.4429628,42.9693803],[43.5715292,42.9429373],[43.6520372,43.1012119],[43.7033816,43.1311981],[43.8298745,43.3232655],[43.8617982,43.2641816],[43.9402362,43.2865376],[44.0982319,43.2671901],[44.037769,43.3522063],[44.1463461,43.437676],[44.1749304,43.3485999],[44.3334821,43.4440528],[44.4138794,43.4527146],[44.4753684,43.5829428],[44.4302108,43.6838109],[44.2971782,43.6894595],[44.2674355,43.7453232],[44.292523,43.809673]]]},"properties":{"shapeName":"Kabardino-Balkaria","shapeISO":"RU-KB","shapeID":"28173009B46612801043871","shapeGroup":"RUS","shapeType":"ADM1"}},
{"type":"Feature","geometry":{"type":"Polygon","coordinates":[[[38.68579896128843,46.8706987559266],[38.4423145,46.845572],[38.3950338,46.7476273],[38.577218,46.7261165],[38.5958381,46.6682848],[38.5071425,46.6427176],[38.3327836,46.6637544],[38.2686857,46.7262703],[38.059111,46.646985],[37.8983845,46.6349589],[37.808037,46.649518],[37.814032,46.540197],[37.8866694,46.4325867],[38.09715,46.397216],[38.1675335,46.3609865],[38.3649753,46.1997619],[38.58102,46.096447],[38.581825,46.038607],[38.472054,46.03982],[38.256899,46.167134],[38.187299,46.117668],[38.1550313,46.012302],[38.083535,46.058014],[37.978914,46.036991],[37.921083,45.961559],[37.838988,45.76221],[37.649322,45.686373],[37.603224,45.634129],[37.608176,45.485658],[37.5721402,45.4096326],[37.4476251,45.3463667],[37.1928569,45.3371758],[37.017652,45.383682],[36.857142,45.4509488],[36.7615824,45.4144058],[36.7970601,45.3083849],[36.929346,45.329524],[36.980191,45.280409],[36.865074,45.249325],[36.6032515,45.2097547],[36.6334479,45.1421151],[36.7332295,45.1100794],[36.918084,45.10048],[37.1308576,45.0360615],[37.2664345,44.9704696],[37.2973359,44.8888582],[37.4084905,44.7402411],[37.4829902,44.6943849],[37.736774,44.6497124],[37.8315929,44.7203139],[37.9311805,44.6453059],[37.970641,44.5769226],[38.0892381,44.5296908],[38.2031391,44.418123],[38.568628,44.349458],[38.7909825,44.2816024],[38.8620976,44.2016258],[39.0125718,44.150368],[39.1498098,44.0228324],[39.2955325,43.9419639],[39.4610162,43.788471],[39.6801646,43.638607],[39.731745,43.5684443],[39.8827523,43.4952403],[39.9143993,43.4250148],[40.0069111,43.3860403],[40.0906936,43.555579],[40.2614195,43.5855907],[40.4778211,43.5491264],[40.5662982,43.5191571],[40.6617756,43.5630484],[40.713345,43.532475],[40.7423973,43.6054304],[40.6756918,43.7162105],[40.8010235,43.9133102],[40.8857488,43.9446234],[40.9548535,44.14107],[41.0847882,44.0947128],[41.2911159,44.0854616],[41.2736208,44.0182329],[41.3932809,43.9856875],[41.4797499,44.0009256],[41.5507843,44.0961583],[41.6376676,44.1174282],[41.6989117,44.1711852],[41.7439797,44.2683772],[41.6336952,44.3778918],[41.736078,44.4736649],[41.5897072,44.5159289],[41.5519664,44.6181523],[41.4949328,44.5956913],[41.4270929,44.7084762],[41.5598862,44.7383883],[41.652161,44.9053179],[41.6539743,44.986253],[41.4564792,44.9882632],[41.3514443,45.0913906],[41.3534804,45.2230539],[41.0361393,45.2252918],[40.9804073,45.4224553],[40.9224905,45.4471008],[40.9231754,45.516862],[40.8460433,45.5169199],[40.8479682,45.694229],[41.1672375,45.6744391],[41.1693736,45.7596507],[41.2721359,45.7588342],[41.233466,45.8313933],[41.1611772,45.8798408],[41.1608983,45.9516883],[41.1218425,46.0596109],[41.0695134,46.1133303],[40.9791113,46.1178945],[40.925714,46.2299941],[40.7444897,46.2290633],[40.7435255,46.2855493],[40.5372676,46.2726677],[40.3240925,46.282976],[40.2722748,46.3144931],[40.2859941,46.4484447],[40.2214541,46.5378245],[40.0645551,46.5428474],[40.0644057,46.6280494],[40.1162904,46.7181868],[40.0632219,46.7719415],[39.5652247,46.8055966],[39.2625622,46.7942943],[39.2618455,46.7081987],[39.2090923,46.6205773],[39.0688002,46.6004134],[39.013991,46.6331961],[38.9020805,46.634822],[38.8958729,46.8263895],[38.6857387,46.8261368],[38.68579896128843,46.8706987559266]],[[38.6840182,44.9514152],[38.6897178,45.0599755],[38.7858694,45.0045624],[38.8977012,45.0537915],[39.0599388,44.9742876],[39.2231399,44.9902983],[39.3760523,45.0565539],[39.5442792,45.1871219],[39.6285617,45.216601],[39.6879161,45.154833],[39.9074272,45.0937598],[40.0691645,45.0965121],[40.1414008,45.1219633],[40.2765122,45.1055708],[40.527814,44.9334741],[40.6538162,44.6868679],[40.7334655,44.6081982],[40.7243936,44.5575646],[40.775739,44.4650237],[40.6612499,44.4827091],[40.6437306,44.6358057],[40.5684248,44.6544394],[40.56859,44.7388628],[40.4299974,44.7624618],[40.3731912,44.7174922],[40.4017664,44.6550444],[40.3402896,44.6270293],[40.3495819,44.5479173],[40.4829016,44.3153721],[40.3598294,44.2467453],[40.4294591,44.1141592],[40.4132942,44.0633136],[40.4766896,43.9590513],[40.3656669,43.7732688],[40.2168648,43.7791163],[40.1836709,43.8737801],[40.0933469,43.8452271],[39.9530508,43.9337719],[39.8514575,43.92423],[39.7777748,43.9617671],[39.8284936,44.0653433],[39.7685962,44.180348],[39.8650268,44.1843066],[39.8966401,44.1239254],[39.9933016,44.0764033],[40.0569377,44.1375559],[40.079547,44.2341005],[39.989763,44.2613097],[39.9598938,44.3486283],[39.8790917,44.3965421],[39.8848229,44.5550654],[39.9291282,44.5902936],[39.9100781,44.7130039],[40.0290165,44.7469979],[39.9339444,44.8838526],[39.8851475,45.0230499],[39.6961988,44.9516498],[39.6524243,45.0336827],[39.5147156,45.0472699],[39.4750283,44.9876669],[39.6457331,44.8880523],[39.5562681,44.8068616],[39.1458094,44.8359329],[39.0907591,44.8171631],[38.861918,44.8988213],[38.8157261,44.9438934],[38.6840182,44.9514152]]]},"properties":{"shapeName":"Krasnodar Krai","shapeISO":"RU-KDA","shapeID":"28173009B83675725671802","shapeGroup":"RUS","shapeType":"ADM1"}},
{"type":"Feature","geometry":{"type":"Polygon","coordinates":[[[38.2890021,51.2964678],[38.3369101,51.3041522],[38.2980023,51.5214561],[38.1832283,51.613487],[38.2241857,51.6999483],[38.3860518,51.6836818],[38.4824962,51.7245551],[38.3990563,51.7820032],[38.4463957,51.844548],[38.4291178,51.9447498],[38.2926106,51.9659404],[38.2419501,51.9228971],[38.1114619,51.9248975],[38.0504067,51.8876682],[37.8679126,51.9008852],[37.8217243,51.9757344],[37.7380345,52.0190843],[37.7102468,51.9702559],[37.5079344,52.0164849],[37.425341,51.9349918],[37.3295484,52.0081846],[37.1777132,52.0416957],[36.9937603,52.1074555],[36.7921743,52.1277428],[36.7723475,52.1612465],[36.496133,52.2324068],[36.4163599,52.3455069],[36.2993699,52.3809652],[36.1287345,52.3119602],[35.9515068,52.2780921],[35.8119957,52.2977722],[35.712413,52.2549392],[35.5954029,52.3836631],[35.606443,52.4373647],[35.4314343,52.4266583],[35.4020304,52.3742983],[35.2861633,52.3908283],[35.1518972,52.3360611],[35.0303644,52.3296245],[34.9241926,52.3699877],[34.9410699,52.3136587],[34.8633275,52.2531328],[34.8690133,52.2021188],[34.6828199,52.1872996],[34.7427739,52.0878924],[34.6226271,52.0405508],[34.5454711,52.0712841],[34.403542,51.9937751],[34.3641301,51.9416329],[34.3855484,51.8430753],[34.4358155,51.7326256],[34.1613343,51.6863448],[34.1672597,51.6456582],[34.2951694,51.5328001],[34.2223882,51.4287585],[34.2854119,51.3746756],[34.2376581,51.292331],[34.3309169,51.2398576],[34.3836677,51.27401],[34.4883043,51.2440628],[34.6631618,51.2449085],[34.7063249,51.1752852],[34.817314,51.1689109],[34.9512579,51.2266002],[35.1394819,51.2175262],[35.1254959,51.1609138],[35.1898099,51.054158],[35.3119568,51.081194],[35.4062444,51.0476691],[35.3520928,50.9733022],[35.5709072,50.9015572],[35.7340148,50.9766143],[35.8653093,50.9586104],[35.9962048,51.0700776],[35.9416261,51.1315483],[36.0649887,51.1586917],[36.3531379,51.0915981],[36.5433589,51.1218076],[36.6657259,51.0861371],[36.7907682,51.1602688],[36.9899851,51.1905953],[37.0351902,51.2350268],[37.1357565,51.2365984],[37.1599943,51.3196292],[37.3101619,51.3339883],[37.3837424,51.3845212],[37.7032064,51.357178],[37.847478,51.4297308],[37.9861804,51.4203583],[38.22819,51.3021309],[38.2890021,51.2964678]]]},"properties":{"shapeName":"Kursk Oblast","shapeISO":"RU-KRS","shapeID":"28173009B94971452660823","shapeGroup":"RUS","shapeType":"ADM1"}},
{"type":"Feature","geometry":{"type":"Polygon","coordinates":[[[29.8957068,58.4499903],[30.0564708,58.4438967],[30.1289128,58.5273955],[30.0725289,58.6283197],[30.1029094,58.724361],[30.3426391,58.7593801],[30.4064406,58.7028758],[30.6641786,58.7365756],[30.754794,58.8563776],[30.9224259,58.9215033],[31.0032754,59.0002923],[30.9560045,59.0332554],[31.0809047,59.0906791],[31.2186776,59.0082553],[31.3711461,59.0264716],[31.4811572,59.1015629],[31.4752343,59.1679303],[31.5856552,59.2356344],[31.52924,59.2847937],[31.5524043,59.369069],[31.683073,59.3691179],[31.751648,59.3244718],[31.906584,59.3760285],[31.9493897,59.4297145],[32.1216472,59.3708159],[32.199722,59.290302],[32.2978754,59.2787693],[32.282489,59.2007286],[32.4515951,59.1081353],[32.6537922,59.1180937],[32.7688559,59.2108189],[32.7324492,59.2714411],[32.8469212,59.348621],[32.9707249,59.3921968],[33.1551911,59.3838583],[33.2620624,59.3209324],[33.3484008,59.3852518],[33.6302949,59.3824943],[33.62203,59.3277983],[33.7566681,59.2932634],[33.8001013,59.2006653],[33.9359805,59.2118445],[34.0317391,59.1484329],[34.2841701,59.1781547],[34.5119558,59.1446458],[34.7223626,59.0848519],[34.8345926,59.1272535],[34.8633051,59.215629],[35.1769576,59.261219],[35.3929711,59.380897],[35.4316029,59.4272798],[35.3163168,59.5202749],[35.4936867,59.5357015],[35.4946596,59.6519007],[35.4073514,59.7194252],[35.3750267,59.8579005],[35.4463858,59.9775933],[35.3213866,59.9808019],[35.1555019,60.1519273],[35.1626278,60.2560323],[35.2379843,60.2913906],[35.2987609,60.6014393],[35.1755413,60.7700717],[35.2419531,60.8343389],[35.4616781,60.8569363],[35.5261669,60.9206332],[35.4769347,60.9855185],[35.5821697,61.0069165],[35.690202,61.1307114],[35.602303,61.178746],[35.3966247,61.1402641],[35.3521438,61.1764619],[35.3819662,61.2691206],[35.1785362,61.2409529],[34.7935102,61.2893373],[34.5457242,61.2756348],[34.4689564,61.1612831],[34.2445052,61.237268],[33.6694548,61.2332069],[33.551779,61.2136908],[33.4499037,61.1546037],[33.5891103,61.0653268],[33.7380387,61.1310228],[33.9201569,61.0889581],[33.7854243,60.9370301],[33.6078772,60.9585755],[33.2510154,60.8743076],[33.1576841,60.74547],[32.9230995,60.7170899],[32.9146966,60.6795685],[32.9632058,60.640407],[32.8948846,60.544824],[32.7837725,60.5064411],[32.6287516,60.5356829],[32.6065769,60.4724498],[32.6900058,60.3875737],[32.606901,60.2904084],[32.6133594,60.2077565],[32.4312003,60.1424133],[32.2318259,60.1198092],[32.1435434,60.1943646],[31.9432082,60.2305659],[31.7529981,60.2250997],[31.4999369,60.0618952],[31.5526866,59.9386629],[31.388728,59.8983087],[31.0740912,59.9295642],[31.0864815,60.1113139],[30.959131,60.1991417],[30.8642189,60.3992998],[30.69465,60.56504],[30.5064416,60.6225624],[30.5388417,60.7975842],[30.4270298,60.8571468],[30.3604277,60.9598515],[30.1843678,61.0614132],[29.8608907,61.1706669],[29.5829207,61.1779893],[29.563615,61.2248823],[29.424469,61.2564271],[29.3059283,61.3292931],[29.2330501,61.268169],[28.818984,61.1216471],[28.7137994,61.0445946],[28.6578963,60.9510944],[28.5246697,60.9571371],[28.1354613,60.7408695],[27.873414,60.604559],[27.8291565,60.5065813],[28.0012359,60.5083865],[28.2852177,60.579402],[28.3127014,60.6243101],[28.5622109,60.6770008],[28.6873156,60.7291288],[28.7451253,60.6650729],[28.65546,60.52752],[28.6728984,60.42963],[28.6246501,60.354423],[28.9933733,60.2378627],[29.017902,60.1815526],[29.3124626,60.1592865],[29.4566151,60.17096],[29.4891715,60.2243924],[29.7597865,60.2369867],[30.0180219,60.1442872],[30.3706651,60.0877197],[30.5131012,59.9705585],[30.4954193,59.891479],[30.6255997,59.7954788],[30.7494596,59.7486505],[30.4880143,59.6885926],[30.4675665,59.6394423],[30.2423983,59.670791],[30.2704956,59.7897905],[29.8234098,59.8690362],[29.6475389,59.9298568],[29.5355937,59.9587281],[29.1416912,59.9798194],[29.0573177,59.9559916],[29.0658478,59.8731155],[28.9674411,59.8123487],[28.7197012,59.7745158],[28.5512469,59.8406211],[28.4407435,59.7937245],[28.4292297,59.676287],[28.24425,59.67834],[28.19369,59.77211],[28.10419,59.79003],[27.99926,59.69413],[28.0832055,59.6136583],[28.0458828,59.4654958],[28.2100175,59.3703677],[28.1295321,59.2909405],[27.9541901,59.2703692],[27.8087055,59.1297296],[27.7377645,58.97789],[27.9907174,59.0155203],[28.2022721,58.9347933],[28.2943237,58.8261911],[28.3735375,58.8784481],[28.6219884,58.8645588],[28.7657924,58.8248407],[28.9734916,58.8051388],[29.055894,58.739799],[29.283283,58.6961447],[29.3309183,58.6128356],[29.5795625,58.5335535],[29.5510222,58.4797842],[29.7474055,58.4236665],[29.8957068,58.4499903]]]},"properties":{"shapeName":"Leningrad oblast","shapeISO":"RU-LEN","shapeID":"28173009B90810482533567","shapeGroup":"RUS","shapeType":"ADM1"}},
{"type":"Feature","geometry":{"type":"Polygon","coordinates":[[[46.7215443,56.9633925],[46.5939098,56.9302587],[46.3147661,56.9452468],[46.271665,56.9028647],[46.0986742,56.8632138],[45.9414013,56.8593825],[45.9259073,56.6792969],[45.8861506,56.6260664],[45.6682436,56.6113899],[45.6270508,56.5680213],[45.6619022,56.4609178],[45.766597,56.4256355],[45.9636657,56.4286888],[45.9203331,56.2564688],[45.9635288,56.1624991],[46.0525886,56.1148873],[46.0930452,56.0368212],[46.1852501,56.0316178],[46.2386522,56.0653792],[46.4731445,56.12291],[46.6026885,56.1319387],[46.6557031,56.0980241],[46.7996088,56.1915265],[46.9109419,56.2104265],[47.1505981,56.3154663],[47.3925228,56.3229859],[47.3797968,56.2272042],[47.4247726,56.1569945],[47.8927749,56.1179547],[47.9322391,56.0351523],[48.0348679,55.9425406],[48.1831055,55.9358528],[48.2197987,55.8750232],[48.3955848,55.8299327],[48.4154202,55.9148545],[48.6613326,55.9374074],[48.7142582,56.0483229],[48.8180191,56.0548704],[48.8486322,56.115987],[48.9476996,56.1390458],[48.984553,56.2005428],[48.9224213,56.2561808],[49.0318057,56.2846569],[49.0515639,56.3447899],[49.2158505,56.3900754],[49.3122893,56.3324108],[49.4555742,56.4255317],[49.5493882,56.4316803],[49.5694337,56.5028553],[49.7561028,56.5372145],[49.7505477,56.4629098],[49.8610596,56.4253132],[49.9333923,56.4968576],[50.0399342,56.4850333],[50.1600432,56.5306073],[50.202985,56.5832536],[50.0814235,56.6111768],[50.0609616,56.6592133],[50.1044368,56.7922586],[50.0410107,56.8522493],[49.8271824,56.888079],[49.673873,57.0473305],[49.6021143,57.0779707],[49.3915891,57.019305],[49.2761408,57.0345417],[49.1385238,57.1801873],[49.2146618,57.3123266],[49.0364204,57.2970011],[48.9493743,57.0826018],[48.825516,57.1657701],[48.5810644,57.172133],[48.4278753,57.1131516],[48.3289361,57.16609],[48.1611997,57.0528873],[48.133507,56.9925206],[47.7689031,57.0016367],[47.6634399,56.9837879],[47.6023514,56.9247713],[47.244699,56.8114652],[47.134223,56.8072737],[47.101874,56.9232065],[46.8193381,56.9211487],[46.7215443,56.9633925]]]},"properties":{"shapeName":"Mari El","shapeISO":"RU-ME","shapeID":"28173009B61240048498251","shapeGroup":"RUS","shapeType":"ADM1"}},
{"type":"Feature","geometry":{"type":"Polygon","coordinates":[[[37.0456319,55.1421745],[37.169879,55.1643393],[37.1633611,55.2315787],[37.4053152,55.2505764],[37.4052052,55.3361507],[37.5352652,55.4362787],[37.6003203,55.5753745],[37.6858456,55.5740918],[37.8360608,55.6512213],[37.9308738,55.729755],[37.8426549,55.7467345],[37.8373695,55.8224896],[37.7030517,55.8934116],[37.5786006,55.9114343],[37.3420223,55.8602068],[37.3128271,55.7863845],[37.417481,55.6807762],[37.0957269,55.6001139],[37.1270968,55.4873759],[36.8162398,55.5083513],[36.8031012,55.4408329],[36.8560564,55.3803316],[36.9864415,55.3155888],[36.9372397,55.2413907],[37.0456319,55.1421745]]]},"properties":{"shapeName":"Moscow","shapeISO":"RU-MOW","shapeID":"28173009B19676032168465","shapeGroup":"RUS","shapeType":"ADM1"}},
{"type":"Feature","geometry":{"type":"Polygon","coordinates":[[[38.6659818,54.256714],[38.7129832,54.3485324],[38.9406483,54.4079886],[38.7819367,54.4786308],[38.8267557,54.6064305],[38.9383896,54.6344734],[39.2342654,54.6415887],[39.2320554,54.7186113],[39.3352334,54.7629478],[39.4751663,54.9458661],[39.6253677,55.0250803],[39.804256,55.0052163],[39.8625646,55.1111421],[39.8378543,55.2045262],[39.9553693,55.2074332],[40.1546443,55.2643893],[40.1909226,55.3650073],[40.1413046,55.4507267],[40.1575354,55.5271377],[40.0488709,55.5264979],[40.0931635,55.6076894],[39.8864814,55.7609851],[39.8891021,55.8331955],[39.7321047,55.8423529],[39.6607636,55.7953936],[39.4700788,55.7735567],[39.3210723,55.8028116],[39.2803726,55.850979],[39.0751246,55.8687463],[39.0006818,55.9424111],[38.8257265,55.9287333],[38.7314302,55.9798749],[38.611132,55.9769048],[38.5864386,56.0535462],[38.3982421,56.271487],[38.4463183,56.3864841],[38.4008026,56.4539146],[38.2984363,56.4949604],[38.3587511,56.5732704],[38.3181307,56.658578],[38.3043538,56.7599757],[38.2442987,56.7934634],[38.1038361,56.7597247],[37.9927099,56.7673216],[37.9793752,56.8668954],[37.7984616,56.9088192],[37.7581847,56.949991],[37.5482181,56.9184464],[37.54146,56.8526736],[37.4429267,56.7965343],[37.1016405,56.7686119],[37.1542957,56.6905627],[37.148042,56.5876749],[37.0588483,56.5312525],[36.8130779,56.5791033],[36.7408072,56.546422],[36.1265917,56.3995134],[36.0735255,56.363181],[35.769391,56.3897676],[35.5996847,56.4777774],[35.4190046,56.3960357],[35.4767701,56.3655626],[35.4420069,56.2391893],[35.2845501,56.1249956],[35.3047358,56.0583108],[35.1484955,55.9575013],[35.1992791,55.8891257],[35.3281744,55.7948929],[35.304097,55.734377],[35.3868566,55.5946437],[35.3388021,55.538373],[35.274107,55.3310688],[35.3342215,55.271752],[35.4462712,55.2290131],[35.7411561,55.2955777],[35.8428331,55.2323148],[35.9588793,55.2417997],[36.1392558,55.1741348],[36.3280464,55.2159136],[36.4089683,55.3010053],[36.5351953,55.3070732],[36.6967066,55.2617681],[36.814461,55.1941061],[36.9372397,55.2413907],[36.9864415,55.3155888],[36.8560564,55.3803316],[36.8031012,55.4408329],[36.8162398,55.5083513],[37.1270968,55.4873759],[37.0957269,55.6001139],[37.417481,55.6807762],[37.3128271,55.7863845],[37.3420223,55.8602068],[37.5786006,55.9114343],[37.7030517,55.8934116],[37.8373695,55.8224896],[37.8426549,55.7467345],[37.9308738,55.729755],[37.8360608,55.6512213],[37.6858456,55.5740918],[37.6003203,55.5753745],[37.5352652,55.4362787],[37.4052052,55.3361507],[37.4053152,55.2505764],[37.1633611,55.2315787],[37.169879,55.1643393],[37.0456319,55.1421745],[37.1171475,55.0933516],[37.0958678,55.0324086],[37.1929945,54.9232556],[37.1655448,54.8665854],[37.2687091,54.8418015],[37.4563961,54.8388657],[37.67824,54.7190368],[37.7584263,54.7429998],[37.7788829,54.8322792],[37.9384692,54.8496734],[38.1184603,54.716841],[38.2564763,54.6637424],[38.4429431,54.6490817],[38.5165881,54.5914905],[38.3889417,54.5328416],[38.39772,54.475176],[38.5271007,54.3952643],[38.528514,54.2891088],[38.6659818,54.256714]]]},"properties":{"shapeName":"Moscow Oblast","shapeISO":"RU-MOS","shapeID":"28173009B74836580104791","shapeGroup":"RUS","shapeType":"ADM1"}},
{"type":"Feature","geometry":{"type":"Polygon","coordinates":[[[32.85344097698855,66.58325670184607],[33.0936001,66.5848601],[33.1881001,66.6731],[32.8639828,66.6941674],[32.7653482,66.7689572],[32.5360358,66.874327],[32.515506,67.015562],[32.2431595,67.1172532],[32.3417242,67.1616461],[32.605588,67.121489],[32.8034564,67.0554008],[32.79105,67.0242301],[32.9762276,66.898212],[33.5040395,66.7168368],[33.622208,66.7914039],[33.8135689,66.7558037],[33.9238152,66.6862289],[34.3566307,66.6634037],[34.3879032,66.585813],[34.5064129,66.5371549],[34.75111,66.6005599],[34.9106701,66.5924299],[35.2159401,66.4676156],[35.5538923,66.3837326],[35.9486201,66.3512801],[36.49425,66.28277],[36.8085618,66.2794322],[37.1473584,66.2417614],[37.5768269,66.1337783],[37.9266954,66.0832271],[38.28248,66.0570001],[38.76844,66.0730199],[38.87987,66.10254],[39.10524,66.1015999],[39.4710399,66.1829501],[39.99729,66.25427],[40.2471501,66.3631999],[40.55386,66.4497899],[40.6837981,66.5626092],[41.1166501,66.7607],[41.2208481,66.8298626],[41.2805599,66.95835],[41.3525671,67.0126833],[41.2996899,67.1377599],[41.3525701,67.1929901],[41.1443301,67.2160199],[41.0795301,67.2549],[41.1190299,67.4074501],[40.98985,67.4747101],[41.0374001,67.63388],[40.96266,67.7070801],[40.8138,67.71356],[40.6519799,67.8002599],[40.5103399,67.7336599],[40.2917499,67.8330599],[40.2899925,67.8935749],[39.87042,68.03276],[39.57825,68.0331601],[39.1864399,68.1893],[38.9271699,68.25936],[38.65615,68.3634799],[38.4654599,68.33651],[38.3133401,68.4219699],[38.09003,68.4912101],[37.9879201,68.5632301],[37.56496,68.7225799],[37.43157,68.73996],[37.18829,68.83478],[36.82933,68.9183302],[36.72491,68.9697299],[36.32546,69.05682],[36.2878,69.0966899],[35.9375768,69.1465637],[35.86986,69.1824801],[35.3782604,69.2263234],[35.1271351,69.2027298],[34.4578601,69.26896],[34.3119801,69.30273],[33.5948525,69.3012615],[33.4875609,69.3380218],[33.4972951,69.4030207],[33.1978385,69.4077011],[33.0725099,69.45248],[32.6262599,69.4657601],[32.3874399,69.5173601],[32.4016876,69.5615082],[32.0916672,69.5792231],[32.1554845,69.6427737],[32.82052,69.5681799],[32.9510701,69.5836],[33.0970391,69.6536255],[33.0952651,69.7389589],[32.6867973,69.7909619],[32.0543342,69.9431091],[31.8890592,69.9043867],[32.0390748,69.8135208],[31.77533,69.8318701],[31.68619,69.7052],[31.50706,69.68154],[31.31196,69.7344901],[30.88296,69.79071],[30.9455142,69.6774825],[30.9388023,69.5607373],[30.8177589,69.5291284],[30.5160703,69.540501],[30.224023,69.653127],[30.115103,69.4683413],[29.970436,69.407875],[29.724424,69.389639],[29.57299,69.318517],[29.286096,69.294096],[29.3127692,69.2292863],[29.24223,69.11306],[29.0567,69.01522],[28.929451,69.0519407],[28.4953735,68.9300403],[28.468076,68.8855137],[28.8014499,68.8693665],[28.7072131,68.732555],[28.4341202,68.5397946],[28.6478382,68.1959134],[29.3271337,68.0745162],[29.6593888,67.8029722],[30.0173409,67.6735689],[29.9305102,67.5228214],[29.5153646,67.2807937],[29.0732544,66.9961539],[29.0607529,66.8526928],[29.3225257,66.6628613],[30.6397881,66.6584353],[31.5758572,66.6540029],[31.6211615,66.5023781],[31.7919379,66.4952331],[31.8300299,66.3713752],[31.9369838,66.3510469],[32.3426614,66.3453928],[32.3603888,66.4751709],[32.5481494,66.4794872],[32.557279,66.5761015],[32.85344097698855,66.58325670184607]]]},"properties":{"shapeName":"Murmansk Oblast","shapeISO":"RU-MUR","shapeID":"28173009B70218250039968","shapeGroup":"RUS","shapeType":"ADM1"}},
{"type":"Feature","geometry":{"type":"MultiPolygon","coordinates":[[[[65.4740169,68.4179545],[65.6092211,68.4896092],[65.6518812,68.5833596],[65.436069,68.6467777],[65.398303,68.7780018],[64.8095134,68.8776575],[64.5572607,68.8676156],[64.6246374,68.9327364],[64.5389476,69.0287952],[64.7115378,69.0795757],[64.8595143,69.1726369],[65.0313867,69.2013731],[65.08344554719883,69.2592535283962],[64.3491099,69.4847999],[63.7663507,69.5922071],[63.1117639,69.6836434],[62.7339301,69.7175801],[62.0623006,69.7348444],[61.3741938,69.780717],[60.9038699,69.8556999],[60.72426,69.8104201],[60.7782399,69.7250499],[60.65833,69.65694],[60.3766944,69.6659254],[60.2113581,69.6208883],[60.2571714,69.4845521],[60.6503479,69.2365697],[60.9511244,69.0677447],[60.9682374,68.9626199],[60.8902379,68.8859107],[60.5094119,68.7075796],[60.0680547,68.671304],[59.9492869,68.6972978],[59.8060099,68.62147],[59.9896317,68.4520302],[59.8700252,68.3633091],[59.6886653,68.3140828],[59.1708618,68.3881078],[59.0926922,68.5538976],[59.1878301,68.6661801],[59.4441882,68.666047],[59.2809977,68.7595956],[59.3483115,68.7903761],[59.1621217,68.8844422],[58.8967701,68.91517],[58.87205,68.9754099],[58.0012777,68.811991],[58.0342524,68.7574221],[57.6462831,68.7281355],[57.4997122,68.6380351],[57.4964378,68.5920002],[57.3356952,68.5313241],[57.1049823,68.5190696],[56.9159823,68.5421483],[56.6135304,68.620051],[56.413599,68.5816901],[56.207262,68.5952889],[56.0060749,68.6424136],[55.6608638,68.5469978],[55.3882276,68.5476016],[54.9924999,68.4155099],[54.8615995,68.3007638],[54.9580732,68.2480236],[54.8657,68.1464301],[54.7053644,68.1616586],[54.5423301,68.27828],[54.2403482,68.322977],[54.0796399,68.23242],[53.93796,68.2093999],[53.8082006,68.2409945],[53.5228268,68.2535715],[53.3301801,68.2280401],[53.2024599,68.27458],[53.4252401,68.3609199],[53.7829901,68.33685],[53.9381506,68.3965779],[53.8687453,68.5445502],[53.71746,68.61798],[53.8600252,68.7028208],[53.8264569,68.7392441],[53.9935701,68.83627],[53.6859448,68.8698155],[53.58008,68.9207099],[53.3456301,68.8765599],[52.84273,68.7535899],[52.2854501,68.59522],[52.53835,68.56856],[52.7440501,68.47913],[52.6875899,68.4131401],[52.39845,68.3262499],[52.1643899,68.3544601],[52.29952,68.4560899],[52.1579201,68.5018899],[52.21572,68.57518],[51.7781,68.4974],[51.5654014,68.4855898],[51.2948628,68.3799521],[50.9046559,68.3344533],[50.7989269,68.3557505],[50.3050601,68.1743599],[49.8534123,68.0271629],[49.3903001,67.90159],[49.03228,67.8296099],[48.79978,67.84222],[48.78369,67.74927],[48.4590999,67.6344999],[48.3465801,67.6655199],[48.1358604,67.615368],[47.9992578,67.63064],[47.8401,67.5826601],[47.9409199,67.46367],[47.7721,67.33413],[47.8011699,67.25379],[47.6775388,67.1887508],[47.7483499,67.15314],[47.7356336,67.0000227],[47.5612123,66.8915654],[47.4437165,66.9177081],[47.2860601,66.88977],[46.6491091,66.8146651],[46.5725881,66.857543],[46.0183499,66.82475],[45.8018899,66.9037201],[45.6176793,67.0633695],[45.60726,67.1413299],[45.5192501,67.1758999],[45.13318,67.2515901],[44.9092471,67.32821],[44.9877499,67.4945101],[45.1738,67.5721299],[45.3077099,67.5739801],[45.361977,67.7138884],[45.5571002,67.7519771],[45.8481314,67.7538742],[46.3332801,67.82141],[46.69268,67.8083601],[46.656186,67.908838],[46.5236966,68.0458906],[46.52459,68.12938],[46.3084298,68.1866379],[45.8045369,68.4679155],[45.4894535,68.5222873],[44.9240976,68.5502096],[44.0842801,68.53075],[43.4280525,68.6690841],[43.2704424,68.6561896],[43.5537326,68.5251094],[44.0414099,68.37342],[44.20118,68.3031901],[44.2310537,68.2235961],[44.14961,68.00921],[44.1781854,67.960516],[44.09961,67.82129],[44.1347296,67.7445872],[44.0490156,67.6193974],[43.8085088,67.3503145],[43.7766109,67.198064],[43.9006835,67.1544962],[44.055861,67.1624438],[44.3016802,67.0656107],[44.4961901,66.9178499],[44.49105,66.8213201],[44.36344,66.7748501],[44.47802,66.67095],[44.3768269,66.522897],[44.25026291025682,66.43597027500539],[44.5207532,66.3616207],[44.5895235,66.2975766],[44.8549379,66.2305711],[45.2675407,66.178248],[45.7032904,66.0832669],[45.8484939,66.085428],[46.3471046,66.0382873],[46.7704491,65.9353427],[47.1447581,65.8213054],[47.4713459,65.8439348],[47.7383538,65.8209691],[47.7492265,65.9064585],[47.9110418,66.032277],[48.0291324,66.0132812],[48.0846471,66.1292538],[49.0004687,66.1135711],[50.3466287,66.4730566],[51.5449474,66.7749746],[51.4839203,66.83455],[51.6190835,66.9485348],[51.697632,66.920793],[52.0554072,67.0283568],[52.1522299,67.101172],[53.8754797,67.0014801],[54.9289298,67.0003751],[55.8878521,67.000388],[57.068064,67.000404],[58.8362898,67.0004279],[59.9781106,67.0004961],[61.320977,67.0006195],[61.3799254,66.9749687],[61.7160501,67.0305662],[61.7310612,67.0942243],[62.8656016,67.3700197],[62.9173023,67.4480675],[62.8377729,67.5169038],[62.9465509,67.6058391],[63.1096044,67.6455354],[63.4293787,67.7695346],[63.5543626,67.7330996],[63.7210185,67.7367122],[63.7061668,67.8051454],[63.925271,67.8510454],[63.9482002,67.9465803],[63.8775492,68.0287889],[64.2169206,68.1137871],[64.3740211,68.1344266],[64.4472622,68.1994235],[64.5796713,68.2036716],[64.528203,68.3257948],[64.8041731,68.409016],[65.019923,68.3824775],[65.1151104,68.4150534],[65.3187449,68.3952948],[65.4740169,68.4179545]]],[[[48.735500075,68.72630367940616],[48.84928,68.7146601],[49.1784001,68.7560101],[49.65172,68.8508899],[49.88257,68.9804901],[50.05231,69.12778],[50.2480201,69.1938],[50.05344,69.2844699],[49.7207399,69.36992],[49.33455,69.49053],[48.9812625,69.4968137],[48.74279,69.45983],[48.5431301,69.3851801],[48.3314178,69.2593889],[48.22081,69.03347],[48.22255,68.8773399],[48.6343101,68.7012299],[48.735500075,68.72630367940616]]],[[[58.54772119852454,70.3124],[58.8160899,70.23507],[58.4347401,70.23674],[58.6223901,70.16867],[58.6138,70.07775],[58.80012,69.9656499],[58.9571501,69.9303701],[59.06608,69.85728],[59.4509654,69.8884102],[59.68542,69.79704],[59.6030901,69.7235901],[59.99939,69.6627899],[60.2159879,69.6732317],[60.5007648,69.7244727],[60.5598164,69.7914674],[60.4540201,69.9292899],[60.28501,69.9680701],[60.0074599,70.08785],[59.5724299,70.22304],[59.3873199,70.3396499],[59.0609439,70.4504276],[58.79788,70.4244501],[58.7801799,70.36148],[58.54772119852454,70.3124]]]]},"properties":{"shapeName":"Nenets Autonomous Okrug","shapeISO":"RU-NEN","shapeID":"28173009B3082792446388","shapeGroup":"RUS","shapeType":"ADM1"}},
{"type":"Feature","geometry":{"type":"Polygon","coordinates":[[[30.9787568,56.9698974],[31.1009482,56.930977],[31.2413065,56.951509],[31.3961943,56.9093961],[31.6398078,56.9920084],[31.7252517,57.0920289],[31.9063319,57.086242],[32.1559239,57.1844184],[32.3272715,57.2257177],[32.5476214,57.3244537],[32.6316785,57.3348588],[32.7069194,57.4340253],[33.0783503,57.4661131],[33.2640333,57.4219199],[33.231411,57.5353698],[33.3010098,57.6291887],[33.4208621,57.7022684],[33.5692415,57.7134179],[33.5473517,57.8511639],[33.6840063,57.9056011],[33.6845553,58.0002821],[33.5285636,58.0584089],[33.6967984,58.1525356],[33.8153067,58.1391524],[34.1707654,58.2128455],[34.2233951,58.1872715],[34.4651138,58.155906],[34.6459924,58.078059],[34.7214947,58.0903025],[34.7366031,58.1721417],[34.821427,58.2311771],[35.0508879,58.1946154],[35.2571675,58.2741991],[35.3039366,58.4097689],[35.4706565,58.4099947],[35.6448817,58.4601697],[35.7327413,58.4340814],[35.9048245,58.4346827],[36.1816824,58.5116496],[36.2230943,58.5757432],[36.1069495,58.7164848],[35.8996065,58.7554145],[35.7832029,58.7536981],[35.7449925,58.8221298],[35.5792604,58.8103159],[35.4093862,58.84934],[35.2786601,58.7863327],[35.1319414,58.8683169],[35.1788602,58.9488188],[34.9622712,58.9482699],[34.8682924,58.9905945],[34.8649221,59.0555146],[34.7223626,59.0848519],[34.5119558,59.1446458],[34.2841701,59.1781547],[34.0317391,59.1484329],[33.9359805,59.2118445],[33.8001013,59.2006653],[33.7566681,59.2932634],[33.62203,59.3277983],[33.6302949,59.3824943],[33.3484008,59.3852518],[33.2620624,59.3209324],[33.1551911,59.3838583],[32.9707249,59.3921968],[32.8469212,59.348621],[32.7324492,59.2714411],[32.7688559,59.2108189],[32.6537922,59.1180937],[32.4515951,59.1081353],[32.282489,59.2007286],[32.2978754,59.2787693],[32.199722,59.290302],[32.1216472,59.3708159],[31.9493897,59.4297145],[31.906584,59.3760285],[31.751648,59.3244718],[31.683073,59.3691179],[31.5524043,59.369069],[31.52924,59.2847937],[31.5856552,59.2356344],[31.4752343,59.1679303],[31.4811572,59.1015629],[31.3711461,59.0264716],[31.2186776,59.0082553],[31.0809047,59.0906791],[30.9560045,59.0332554],[31.0032754,59.0002923],[30.9224259,58.9215033],[30.754794,58.8563776],[30.6641786,58.7365756],[30.4064406,58.7028758],[30.3426391,58.7593801],[30.1029094,58.724361],[30.0725289,58.6283197],[30.1289128,58.5273955],[30.0564708,58.4438967],[29.8957068,58.4499903],[29.9166474,58.3105054],[29.685597,58.2107156],[29.6715254,58.1347853],[29.9293333,58.0408804],[29.8851486,57.9690007],[30.0714986,57.9588478],[30.2002868,57.8947855],[30.289228,57.9105585],[30.5432464,57.86385],[30.4522603,57.6879995],[30.5188092,57.6424714],[30.6806267,57.6440539],[30.5427523,57.5466256],[30.423359,57.4242068],[30.5410427,57.3040899],[30.7456628,57.2632079],[30.6301841,57.1739019],[30.687549,57.1490246],[30.6756525,57.0041561],[30.8490914,56.9322005],[30.9787568,56.9698974]]]},"properties":{"shapeName":"Novgorod Oblast","shapeISO":"RU-NGR","shapeID":"28173009B16533507618293","shapeGroup":"RUS","shapeType":"ADM1"}},
{"type":"Feature","geometry":{"type":"Polygon","coordinates":[[[85.1159569,54.43783],[84.9311654,54.6087717],[85.0040514,54.6798591],[84.901792,54.727083],[85.0026573,54.8000059],[85.088096,54.81637],[84.971513,54.9448037],[84.8370133,54.99691],[84.9055964,55.0586782],[84.9271886,55.1636081],[84.8182678,55.2270907],[84.9127293,55.2751613],[84.859235,55.3752637],[84.6938533,55.3728054],[84.620791,55.4042164],[84.7556479,55.467454],[84.7839083,55.5241673],[84.741812,55.6422076],[84.5400453,55.7180522],[84.6077714,55.7996464],[84.4690135,55.8730312],[84.5711958,56.004842],[84.4478947,56.0415709],[84.3425631,55.980996],[84.2100021,56.0598686],[84.0864491,56.0184015],[83.9502448,56.0150555],[83.8068018,55.8973189],[83.7353593,55.786027],[83.5854043,55.6707651],[83.4157123,55.7263587],[83.3151567,55.7033118],[83.210779,55.7303187],[83.3770236,55.9178962],[83.2295709,56.0120055],[83.2213241,56.0861635],[83.1288949,56.1214208],[83.2130951,56.1947047],[83.0648401,56.2304766],[83.1929881,56.3279879],[83.1442188,56.3759431],[83.2883744,56.4427966],[83.108747,56.5503077],[83.0445207,56.5199606],[82.8630747,56.5350144],[82.8184427,56.4372005],[82.5261034,56.4074842],[82.3403658,56.3573031],[81.9919038,56.3335472],[81.5734033,56.2418883],[81.2202737,56.5375928],[80.2635167,56.4224455],[79.5885764,56.9231601],[79.1982139,57.001034],[78.4320825,57.1173424],[78.4475134,57.1653867],[77.7827973,57.1740583],[76.9478818,57.1682808],[76.6955829,57.2127836],[76.0947282,57.2353136],[76.1992123,56.9482216],[76.2636563,56.8874402],[76.2891444,56.6971197],[76.1360945,56.6619216],[76.035876,56.6082744],[75.9607657,56.5074558],[75.9729293,56.4570926],[76.0853441,56.4429156],[76.0821255,56.3253473],[76.1724646,56.2818753],[76.3027434,56.1556197],[76.1386144,56.121431],[76.0140151,56.1636772],[75.9595448,56.1151033],[75.7315793,56.1126353],[75.6534124,56.036933],[75.5313883,56.0088387],[75.2624275,55.8441218],[75.3693743,55.7406646],[75.2301934,55.7309059],[75.1154612,55.6859772],[75.2454219,55.6382626],[75.1407693,55.583898],[75.3217371,55.4980497],[75.1622604,55.4471264],[75.0915368,55.3766335],[75.1776108,55.3524169],[75.2763198,55.2429478],[75.2533419,55.1512374],[75.3705887,55.068434],[75.3801185,54.9914163],[75.3308154,54.913586],[75.4928234,54.8842814],[75.5460485,54.8170625],[75.6406611,54.8096882],[75.6863816,54.7011545],[75.8248462,54.6664227],[75.8044885,54.5408842],[75.6908306,54.5481475],[75.6887772,54.1226252],[76.2013926,54.2597987],[76.2572897,54.3592714],[76.475925,54.3182396],[76.6748056,54.344999],[76.7297592,54.4180291],[76.9289614,54.4577679],[76.8602013,54.3611444],[76.8785671,54.3017602],[76.7564658,54.161826],[76.6450202,54.1244476],[76.44044,54.1673306],[76.434915,54.1225724],[76.5378313,53.9998526],[76.8290166,53.8494607],[77.3391279,53.5949318],[77.9065061,53.29141],[77.8891426,53.3673743],[77.9224283,53.4484096],[77.9103656,53.5724644],[78.1087448,53.5761242],[78.2324067,53.6168551],[78.2586642,53.5088334],[78.3632249,53.4755521],[78.4217035,53.5123353],[78.6446885,53.5131975],[78.6520925,53.5823173],[78.7922055,53.6583542],[78.9420881,53.6766374],[79.0406401,53.6526804],[79.25787,53.6773163],[79.4218173,53.6781622],[79.6395902,53.7436991],[79.6236994,53.7945381],[79.7589923,53.835498],[79.8496577,53.8910806],[80.0931794,53.9905106],[80.050758,54.0447297],[80.1916334,54.0794639],[80.218595,54.0315194],[80.4597615,54.1155699],[80.5348934,54.1695466],[80.7971163,54.2575696],[80.8121569,54.3433616],[80.9517245,54.375455],[80.9789207,54.304086],[81.0877821,54.1961424],[81.1266517,54.1173423],[81.4676176,54.0756577],[81.5657007,54.004292],[81.8325389,53.9642994],[81.8363903,53.8711],[81.7210567,53.8433349],[81.7876976,53.7230102],[81.9420699,53.7134878],[82.1874204,53.6379929],[82.3373428,53.5278978],[82.4869823,53.4939691],[82.5021258,53.5473106],[82.6655532,53.6423025],[82.6210752,53.6692613],[82.760436,53.7497528],[82.714469,53.7775176],[83.0886125,53.9906407],[83.1978437,54.0658048],[83.3061014,54.0648664],[83.3491966,53.9342806],[83.488263,53.9783164],[83.4759464,54.0632094],[83.5541405,54.1092291],[83.9015241,54.0948609],[84.1876019,54.1722011],[84.4597605,54.1458656],[84.5483466,54.1625597],[84.5760162,54.2358862],[84.798624,54.3446864],[84.8441692,54.3418796],[85.1159569,54.43783]]]},"properties":{"shapeName":"Novosibirsk Oblast","shapeISO":"RU-NVS","shapeID":"28173009B27844369294009","shapeGroup":"RUS","shapeType":"ADM1"}},
{"type":"Feature","geometry":{"type":"Polygon","coordinates":[[[75.1094284,58.5757191],[74.9511062,58.4935862],[74.9131129,58.4308855],[74.6614441,58.3450042],[74.6285856,58.2882876],[74.4554941,58.2420327],[74.2196308,58.1362977],[73.47897,58.1439471],[73.1282875,58.1553042],[72.9477614,58.0697813],[72.8675594,58.0014169],[72.1671564,58.0146979],[72.0902322,58.0860088],[71.9833466,58.1155452],[71.2619172,58.0526546],[71.2060173,58.1130135],[71.2378378,58.3278587],[71.3034385,58.3908376],[71.0880875,58.4783752],[70.8527739,58.5292706],[70.4304134,57.9521643],[70.3923358,57.7824647],[70.5576862,57.7187411],[70.5988642,57.5772224],[70.6856931,57.5155409],[70.5783499,57.458047],[70.4182356,57.4151139],[70.3723492,57.3294369],[70.4588305,57.2823991],[70.6065416,57.2800581],[70.653759,57.1989978],[70.7808226,57.275989],[70.7867952,57.3649791],[71.0650087,57.3508922],[71.0529049,57.2935754],[71.1156045,57.2023978],[71.2294102,57.1746569],[71.2972964,57.0852445],[71.604991,56.9329288],[71.6773289,56.7652232],[71.5813706,56.7434917],[71.5537291,56.6702905],[71.381898,56.6788789],[71.3698867,56.631768],[71.1205262,56.6529553],[71.0845983,56.5241657],[70.9841329,56.4622363],[70.8010868,56.4513167],[70.9274662,56.3792339],[70.9282427,56.3170539],[70.7322287,56.2531271],[70.9023656,56.1122831],[70.8674118,55.962189],[70.8085397,55.9026219],[70.4806123,55.9059668],[70.4717396,55.8512732],[70.6025653,55.8371729],[70.5317255,55.6943726],[70.5634571,55.6507321],[70.7100919,55.625407],[70.7569723,55.5847221],[70.6733726,55.4905289],[70.56696,55.4938692],[70.4395957,55.4075246],[70.4987393,55.3308145],[70.4611977,55.2858259],[70.6241,55.2503],[70.6996,55.287],[70.8043,55.2694],[70.9924,55.0669],[71.0092,54.9651],[70.9601,54.8859],[71.0992,54.7136],[71.2936,54.6662],[71.2884,54.6016],[71.1724,54.5734],[71.1739,54.4571],[71.2267,54.3494],[70.9983,54.3338],[71.0736,54.2723],[71.0732,54.2021],[71.1794006,54.0945994],[71.296101,54.1849449],[71.4909726,54.1584962],[71.4899,54.0971],[71.7227,54.1038],[71.7555,54.2522],[72.0617,54.2005],[72.1743,54.1223],[72.2197,54.1753],[72.0975,54.2148],[72.1888754,54.3546235],[72.2797727,54.3172058],[72.2990291,54.1868145],[72.4191828,54.1510323],[72.3789,54.1054],[72.4331,54.0447],[72.3752,53.9462],[72.4932699,53.9034694],[72.556,53.9797],[72.6931,53.9554],[72.6744,54.0449],[72.5309,54.043],[72.6087934,54.1368406],[72.9945809,54.098412],[73.0669683,53.985537],[73.3,53.9431],[73.5104,53.9378],[73.5187982,54.0032498],[73.7678789,54.0538215],[73.6910819,53.8560661],[73.4530853,53.8760982],[73.4491302,53.8073197],[73.3555681,53.7661596],[73.3227207,53.6760738],[73.2384251,53.5675771],[73.3978845,53.5221518],[73.438715,53.4354965],[73.6455058,53.552916],[73.6667641,53.6132817],[73.8213453,53.578387],[73.901147,53.6512214],[74.0717464,53.6295859],[74.2868504,53.5607783],[74.2914512,53.4914903],[74.3905984,53.4559828],[74.4865,53.5694],[74.4210381,53.593317],[74.4584161,53.6909322],[74.6335,53.669],[74.6737,53.7553],[74.7632,53.7437],[74.7946,53.8245],[74.9740595,53.8226286],[75.0465813,53.7926967],[75.3774621,53.9595564],[75.4351924,54.0094844],[75.375585,54.0701043],[75.5290132,54.115068],[75.6887772,54.1226252],[75.6908306,54.5481475],[75.8044885,54.5408842],[75.8248462,54.6664227],[75.6863816,54.7011545],[75.6406611,54.8096882],[75.5460485,54.8170625],[75.4928234,54.8842814],[75.3308154,54.913586],[75.3801185,54.9914163],[75.3705887,55.068434],[75.2533419,55.1512374],[75.2763198,55.2429478],[75.1776108,55.3524169],[75.0915368,55.3766335],[75.1622604,55.4471264],[75.3217371,55.4980497],[75.1407693,55.583898],[75.2454219,55.6382626],[75.1154612,55.6859772],[75.2301934,55.7309059],[75.3693743,55.7406646],[75.2624275,55.8441218],[75.5313883,56.0088387],[75.6534124,56.036933],[75.7315793,56.1126353],[75.9595448,56.1151033],[76.0140151,56.1636772],[76.1386144,56.121431],[76.3027434,56.1556197],[76.1724646,56.2818753],[76.0821255,56.3253473],[76.0853441,56.4429156],[75.9729293,56.4570926],[75.9607657,56.5074558],[76.035876,56.6082744],[76.1360945,56.6619216],[76.2891444,56.6971197],[76.2636563,56.8874402],[76.1992123,56.9482216],[76.0947282,57.2353136],[75.9654111,57.3936944],[75.8482675,57.3858005],[75.7041245,57.6249966],[75.5500391,57.6252185],[75.5657616,57.9345851],[75.071473,58.1167928],[75.2424887,58.2026148],[75.0566645,58.3391532],[75.3768351,58.4541007],[75.1094284,58.5757191]]]},"properties":{"shapeName":"Omsk Oblast","shapeISO":"RU-OMS","shapeID":"28173009B55503329301013","shapeGroup":"RUS","shapeType":"ADM1"}},
{"type":"Feature","geometry":{"type":"Polygon","coordinates":[[[35.9911887,53.6262728],[35.9091121,53.6406502],[35.8225181,53.5876468],[35.7949638,53.5247601],[35.6296666,53.5415863],[35.5417548,53.4443767],[35.3841617,53.397573],[35.3835638,53.3373935],[35.1410996,53.2791226],[35.1218838,53.1542301],[35.2639625,53.1119144],[35.2935738,53.0583158],[35.2400674,52.9945637],[34.9604766,52.9488433],[34.8303732,52.8640122],[34.9440939,52.7931973],[35.0714004,52.6686063],[34.9915552,52.5071596],[34.9226068,52.5124144],[34.8484389,52.3980467],[34.9241926,52.3699877],[35.0303644,52.3296245],[35.1518972,52.3360611],[35.2861633,52.3908283],[35.4020304,52.3742983],[35.4314343,52.4266583],[35.606443,52.4373647],[35.5954029,52.3836631],[35.712413,52.2549392],[35.8119957,52.2977722],[35.9515068,52.2780921],[36.1287345,52.3119602],[36.2993699,52.3809652],[36.4163599,52.3455069],[36.496133,52.2324068],[36.7723475,52.1612465],[36.7921743,52.1277428],[36.9937603,52.1074555],[37.1777132,52.0416957],[37.3295484,52.0081846],[37.425341,51.9349918],[37.5079344,52.0164849],[37.7102468,51.9702559],[37.7380345,52.0190843],[37.8009717,52.1692463],[37.8511209,52.2132559],[38.0580293,52.2974421],[37.8908968,52.4282653],[37.9340625,52.4676851],[37.8029048,52.5139033],[37.7751827,52.5895697],[37.8242767,52.6320336],[37.8103315,52.7081818],[37.8912589,52.7404892],[37.8319047,52.9496278],[37.8664693,53.0122167],[37.8243407,53.0863768],[37.7309729,53.1279542],[37.6401347,53.0957661],[37.5730187,53.176849],[37.5758987,53.2487147],[37.4398634,53.2943097],[37.1581253,53.2580451],[37.095798,53.2861524],[36.9149186,53.2794562],[36.784136,53.2958146],[36.6356262,53.420219],[36.4945912,53.3882885],[36.2878999,53.5175551],[36.0812349,53.5695881],[35.9911887,53.6262728]]]},"properties":{"shapeName":"Oryol Oblast","shapeISO":"RU-ORL","shapeID":"28173009B3932420572168","shapeGroup":"RUS","shapeType":"ADM1"}},
{"type":"Feature","geometry":{"type":"Polygon","coordinates":[[[29.4566151,60.17096],[29.5977189,60.1968834],[29.9208934,60.1474532],[29.9641831,60.0113831],[30.1792598,59.9859279],[30.234548,59.913376],[30.1385078,59.8621941],[30.0230682,59.8611038],[29.7719437,59.9267661],[29.6475389,59.9298568],[29.8234098,59.8690362],[30.2704956,59.7897905],[30.2423983,59.670791],[30.4675665,59.6394423],[30.4880143,59.6885926],[30.7494596,59.7486505],[30.6255997,59.7954788],[30.4954193,59.891479],[30.5131012,59.9705585],[30.3706651,60.0877197],[30.0180219,60.1442872],[29.7597865,60.2369867],[29.4891715,60.2243924],[29.4566151,60.17096]]]},"properties":{"shapeName":"Saint Petersburg","shapeISO":"RU-SPE","shapeID":"28173009B8796515134902","shapeGroup":"RUS","shapeType":"ADM1"}},
{"type":"Feature","geometry":{"type":"MultiPolygon","coordinates":[[[[146.118087,43.4589544],[146.1847309,43.4816633],[146.1349356,43.5489036],[146.0664615,43.5269897],[146.118087,43.4589544]]],[[[146.60602326788495,43.7644223],[146.7658262,43.7523404],[146.9160723,43.8321342],[146.8400714,43.8886929],[146.7223443,43.8355775],[146.586387,43.8070415],[146.60602326788495,43.7644223]]],[[[145.5467852,43.9346902],[145.4074432,43.8428574],[145.4335765,43.7208704],[145.558457,43.7254473],[145.5751804,43.8408265],[145.6373401,43.9015742],[145.7890713,43.9485855],[145.8222077,44.0253607],[145.9448518,44.152267],[146.0404672,44.1855425],[146.1122407,44.2633855],[146.2874904,44.2766322],[146.3911408,44.3608709],[146.5324778,44.3831674],[146.5537281,44.4305697],[146.3460035,44.417014],[146.1576689,44.5117827],[146.0793333,44.4709364],[145.9875398,44.3183509],[145.8874115,44.2490809],[145.7423574,44.0954011],[145.7386985,44.0490294],[145.5467852,43.9346902]]],[[[147.65635,44.99468608041107],[147.785014,44.947568],[147.9111038,44.9651009],[147.9802066,45.0014726],[148.0954616,45.1099732],[148.317797,45.2210767],[148.4949173,45.2562921],[148.5724933,45.3164351],[148.656703,45.3362567],[148.7770351,45.3225426],[148.8765076,45.3880475],[148.8338814,45.461201],[148.840656,45.5476933],[148.6520126,45.5373457],[148.4864845,45.4200749],[148.4431938,45.3508518],[148.3428048,45.2905066],[148.1065541,45.2565139],[148.0114745,45.288585],[147.9618284,45.414411],[147.8491694,45.3644616],[147.8700571,45.2236571],[147.7294845,45.1908881],[147.6909975,45.0953435],[147.5274531,45.0986162],[147.5175534,44.9969186],[147.3941815,44.9180263],[147.2726386,44.8722004],[147.1934363,44.7628097],[147.178981,44.6879156],[147.0742555,44.6369742],[146.875295,44.4986366],[146.8723774,44.4394915],[146.9828583,44.445335],[147.0414797,44.530897],[147.1089846,44.5690824],[147.2076954,44.5708703],[147.3341405,44.7134803],[147.495061,44.7865307],[147.597351,44.853774],[147.65635,44.99468608041107]]],[[[154.6463505,49.2737354],[154.8197278,49.2924039],[154.8372691,49.3651095],[154.8140644,49.4742644],[154.8876461,49.5307709],[154.9102959,49.6065417],[154.8173389,49.6316247],[154.6454549,49.4021591],[154.6131181,49.3319191],[154.6463505,49.2737354]]],[[[154.0381709,48.7298219],[154.1673862,48.8157475],[154.2278562,48.8828861],[154.1004351,48.8859535],[154.0381709,48.7298219]]],[[[156.2310941,50.6652735],[156.4118964,50.6379146],[156.5079996,50.7591206],[156.4832465,50.8678323],[156.2003005,50.7686755],[156.2310941,50.6652735]]],[[[155.6639264,50.8607663],[155.6586975,50.8992494],[155.5310308,50.9226332],[155.4608455,50.8786769],[155.5233444,50.8099716],[155.6590227,50.8073553],[155.6639264,50.8607663]]],[[[155.85452483081724,50.6250114278221],[155.771332,50.4724966],[155.6502645,50.3777574],[155.388168,50.3396004],[155.3428721,50.2819444],[155.2032126,50.2812164],[155.2612636,50.1596134],[155.2299688,50.0487021],[155.3307727,50.0585133],[155.4266104,50.0164262],[155.4757793,50.1137051],[155.59936,50.1797101],[155.7551372,50.1809885],[155.8877888,50.2463016],[156.0377717,50.4629504],[156.1661366,50.5088837],[156.1705371,50.6002642],[156.1249655,50.6509266],[156.1563983,50.7414754],[156.0335101,50.7678866],[155.8616701,50.6557506],[155.85452483081724,50.6250114278221]]],[[[149.98403285,46.02918703091574],[149.8912037,45.9782904],[149.7770496,45.8549144],[149.6703083,45.8491231],[149.484276,45.6692643],[149.4565638,45.6129141],[149.525325,45.5758367],[149.6484136,45.6162433],[149.8627133,45.7786624],[150.0023977,45.8211188],[150.169781,45.9280007],[150.1881911,45.9855312],[150.3854391,46.1296348],[150.4999642,46.1873486],[150.4040072,46.2250957],[150.2184958,46.1887526],[150.1825627,46.1035199],[150.0617813,46.0932939],[149.98403285,46.02918703091574]]],[[[151.8749,46.86210294675768],[151.7231106,46.8551967],[151.7991168,46.7685184],[151.8770947,46.8321983],[152.0244116,46.8985556],[152.0554972,46.9969983],[151.9257427,46.9427468],[151.8749,46.86210294675768]]],[[[141.85503578519547,46.40615],[141.9320639,46.0984492],[141.9250775,46.0422337],[142.0274693,45.93102],[142.1736733,46.0193596],[142.2483132,46.2037906],[142.24875,46.27225],[142.4067227,46.5860923],[142.4618508,46.6573732],[142.5733807,46.71821],[142.7311813,46.7305096],[142.770555,46.6076311],[142.8931594,46.626897],[143.2174866,46.5756273],[143.33875,46.46675],[143.3301326,46.4281341],[143.4229485,46.2095092],[143.5064352,46.2255772],[143.56425,46.34625],[143.51025,46.71525],[143.482,46.814],[143.35275,46.7925],[143.2204027,46.8259305],[143.0925,46.915],[143.017365,47.0908097],[143.043,47.1465],[143.0153702,47.2515519],[142.9406524,47.3531198],[142.755526,47.443608],[142.59675,47.6155],[142.5262702,47.7777985],[142.5101712,47.8981997],[142.5441167,48.0615823],[142.7515,48.557],[142.828,48.7025],[142.979123,48.8977386],[142.9482342,49.0610699],[143.02825,49.168],[143.1655807,49.2464503],[143.30025,49.2895],[143.6188099,49.3173221],[143.9437833,49.2765374],[144.1501432,49.2121884],[144.341016,49.0329753],[144.4145662,49.0089318],[144.5229942,48.926132],[144.6532816,48.7760293],[144.66575,48.8815],[144.42525,49.0115],[144.281,49.24475],[144.22225,49.41975],[144.24,49.50025],[144.1335,49.617],[144.121,49.75475],[143.9875,49.98575],[143.99775,50.01875],[143.88175,50.1635],[143.7565,50.402],[143.6975,50.589],[143.7,50.657],[143.6203156,50.947],[143.51875,51.23625],[143.37675,51.3535],[143.473,51.36525],[143.43675,51.49525],[143.3530833,51.5225105],[143.209025,51.511019],[143.2525,51.68],[143.30875,51.745],[143.2295,51.86975],[143.1455,51.8805],[143.151,51.975],[143.09975,52.11125],[143.13975,52.16025],[143.1595,52.28375],[143.122,52.35075],[143.22925,52.49825],[143.3165,52.58225],[143.3242045,52.8335485],[143.211,52.88325],[143.1655,52.99675],[143.08375,53.11575],[143.0585,53.217],[143.08175,53.34125],[143.18225,53.33],[143.13475,53.226],[143.26275,53.165],[143.20825,53.31275],[143.113,53.47775],[143.0144624,53.5864603],[142.8884529,53.8850622],[142.9078678,53.9902394],[142.9776618,54.0351419],[142.97225,54.141],[142.786,54.31175],[142.6705194,54.3596593],[142.5197992,54.2921411],[142.31875,54.2735],[142.413655,54.1572867],[142.69675,53.93925],[142.69275,53.86675],[142.585,53.71775],[142.78625,53.712],[142.717,53.634],[142.6329668,53.6890279],[142.476,53.65975],[142.635,53.543],[142.4431991,53.3849906],[142.3231355,53.3659036],[142.224741,53.4249874],[142.20475,53.53375],[141.8557998,53.4298244],[141.765241,53.377904],[141.8302558,53.1617328],[141.9215354,53.0313311],[141.859391,52.8845301],[141.8259509,52.5505645],[141.628,52.3205],[141.6433045,52.223328],[141.6941238,52.166111],[141.6314112,52.0734276],[141.6759479,51.9807238],[141.6395415,51.8765621],[141.7408271,51.8523585],[141.8275008,51.7828573],[141.7548859,51.7131262],[141.92375,51.5685],[142.0637053,51.486248],[142.0825271,51.3972741],[142.17225,51.31475],[142.1946584,51.2111452],[142.24925,51.155],[142.2335,51],[142.0866658,50.8218075],[142.0475,50.51675],[142.15325,50.365],[142.1735239,50.0470836],[142.1435149,50.0212067],[142.1375,49.89325],[142.167,49.8045],[142.1296048,49.4536367],[142.0705,49.341],[142.092,49.22875],[142.03,49.14225],[142.04025,49.08725],[141.9788924,48.8787183],[141.8574754,48.7932551],[141.872,48.676],[142.1435715,48.3243716],[142.17925,48.03975],[142.2013022,47.9731443],[142.0876941,47.8616954],[142.0649123,47.77439],[141.9624135,47.6209787],[141.9650635,47.4471422],[141.9973913,47.3558617],[141.9669819,47.2950509],[142.0319523,47.2314216],[142.0581012,47.0784123],[141.974996,46.8970564],[141.8102482,46.5993231],[141.85503578519547,46.40615]]]]},"properties":{"shapeName":"Sakhalin Oblast","shapeISO":"RU-SAK","shapeID":"28173009B36269087375583","shapeGroup":"RUS","shapeType":"ADM1"}},
{"type":"Feature","geometry":{"type":"MultiPolygon","coordinates":[[[[110.89857733518835,73.7660490204933],[110.96623065188602,73.6983322347295],[111.2827285,73.6092453],[111.0011018,73.5563368],[110.5313536,73.4343335],[110.1372643,73.3838281],[110.5306443,73.3170058],[110.6244236,73.2548331],[110.3558259,73.199234],[110.4681671,73.1504562],[110.8501602,73.1606703],[110.7455163,73.1029426],[110.8601685,73.0543792],[110.6665631,72.9910897],[110.8730556,72.9444534],[110.6457024,72.8937321],[110.6566845,72.791381],[110.7613597,72.6477116],[111.0271879,72.5631678],[111.178717,72.5577578],[111.2910577,72.4866073],[111.0374733,72.4402027],[111.0101998,72.3902202],[111.4387956,72.3172622],[111.6670149,72.2575321],[111.5823109,72.2262995],[111.8954864,72.1286457],[112.0006953,72.1244001],[112.0005142,71.4023082],[112.2205754,71.3779367],[112.469258,71.276587],[112.7197223,71.2547761],[112.5208968,71.1761694],[112.5995765,71.1091931],[112.3559823,71.0711757],[112.1841289,71.0132753],[112.0305049,71.0530602],[111.9463223,70.9788639],[111.4787982,70.9288248],[111.3259384,70.8562352],[111.0342156,70.8408294],[110.846758,70.7819086],[110.5172121,70.7641284],[110.5057055,70.7113184],[110.1233639,70.6356788],[110.1336077,70.4651107],[110.0626046,70.3978598],[109.6437656,70.3727735],[109.5755751,70.2524475],[109.3043332,70.2098719],[109.3032956,70.1444506],[109.5255718,69.9915996],[109.4000948,69.9581301],[109.3831067,69.8259809],[109.2011068,69.754623],[108.9446245,69.7705993],[108.8001991,69.8305155],[108.2487331,69.8544031],[107.8442673,69.6863738],[107.6064811,69.6604991],[106.8574263,69.5232709],[106.630677,69.5279684],[106.4874116,69.5811634],[106.3441962,69.4781527],[106.1428602,69.4094049],[106.9055509,68.8590421],[106.9206816,68.2541645],[106.870384,67.8357942],[106.8744891,67.6675407],[106.8220388,67.3340928],[106.6784279,67.251076],[106.5053238,67.2755833],[106.3421433,67.200771],[106.0692288,67.1666862],[106.0667427,67.1173302],[105.8725655,67.0294381],[105.5115574,67.0171222],[105.6989888,66.9252049],[106.0806637,66.8954169],[105.9856338,66.8015026],[106.2446874,66.6895254],[106.2374614,66.5633378],[106.3309613,66.4749706],[106.1486582,66.4091747],[106.0955446,66.3362025],[106.1104072,66.1929357],[106.3376144,66.1484062],[106.5169242,66.001149],[106.4649479,65.931961],[106.4914835,65.7983875],[106.4280596,65.7630813],[106.4280501,65.664566],[106.7203653,65.5876372],[106.7037516,65.539858],[106.9678887,65.5082838],[106.776138,65.387228],[106.5448957,65.3794405],[106.4394621,65.3195064],[106.4193947,65.2289928],[106.1612748,65.0931408],[105.9504653,65.0399006],[106.0709249,64.9803939],[105.9244767,64.9003506],[105.7821521,64.6680128],[105.7095287,64.6022234],[105.7926563,64.5271692],[105.9855703,64.5341006],[106.2563467,64.4470511],[106.5541459,64.4602338],[106.6525366,64.5295156],[106.7411217,64.4222771],[106.8857587,64.4403229],[107.1333773,64.3510102],[107.2565096,64.3454248],[107.3699288,64.2610638],[107.641299,64.3107003],[107.8922081,64.1963551],[108.0589305,64.1879042],[108.085664,64.2464676],[108.3608637,64.2646399],[108.5028273,64.3062912],[108.5247233,64.1487571],[108.6130074,64.0687971],[108.7640466,64.0092092],[108.7116967,63.9363248],[108.7983444,63.8908045],[108.7318353,63.8420142],[108.4964657,63.8223502],[108.2873328,63.8366525],[108.2993152,63.7160506],[108.1440044,63.6039453],[108.4950583,63.6364149],[108.7201999,63.6184549],[108.9372508,63.5756874],[109.0812381,63.5770651],[109.3193318,63.393414],[109.4116728,63.3678694],[109.4819798,63.0159188],[109.5268037,62.9181226],[109.6657556,62.8321535],[109.5079875,62.7950143],[109.4796654,62.6908269],[109.3781514,62.6074037],[109.254805,62.5987245],[109.2983548,62.5216295],[109.4308538,62.4735911],[109.6679023,62.4353917],[109.9109303,62.4370209],[109.8899071,62.3705298],[109.9868362,62.3195694],[109.9185878,62.2600604],[110.0045505,62.1860474],[109.8867327,62.1260489],[109.815796,62.0227569],[109.6422561,61.9276874],[109.600187,61.745473],[109.8595008,61.5667598],[109.8089111,61.4778834],[109.8391554,61.4251676],[109.7617958,61.3317],[109.9972133,61.3147167],[110.111251,61.2778856],[110.2220928,61.1682515],[110.381295,61.2013455],[110.5239421,61.1796925],[110.5422918,61.0877951],[110.4579158,60.9816271],[110.2618651,60.8446326],[110.288624,60.7019808],[110.099332,60.6943984],[110.1381722,60.59693],[109.907127,60.4613952],[109.9487785,60.4168899],[109.8046507,60.3364414],[109.7403173,60.2485549],[109.6925982,60.0767107],[109.7550814,60.026996],[109.6747404,59.9866769],[109.6625964,59.8760335],[109.5633238,59.8442394],[109.474766,59.7676334],[109.543439,59.6672949],[109.2522713,59.4669061],[109.3428864,59.4171679],[109.2398044,59.3814848],[109.291664,59.3165247],[109.4526001,59.3130182],[109.5053523,59.1965064],[109.6252664,59.1674184],[109.6175052,59.0833327],[109.7273889,59.0905523],[109.8119438,59.0042531],[110.2394224,58.9999264],[110.3993192,59.0572148],[110.4746728,59.0463664],[110.6036144,59.1403731],[110.5486032,59.183345],[110.7205423,59.2809018],[111.0423279,59.2225145],[111.2177286,59.2037328],[111.2972375,59.2775754],[111.4511492,59.2923534],[111.6498208,59.2238485],[111.7901906,59.2979799],[111.8989149,59.3036849],[112.0788947,59.392533],[112.2512919,59.5283998],[112.3405911,59.4255881],[112.2754425,59.373139],[112.3619264,59.3104117],[112.5363006,59.3454214],[112.6438066,59.2812638],[112.505704,59.2382251],[112.4478494,59.1362389],[112.4415387,58.9181291],[112.5247314,58.8940824],[112.5992058,58.9923008],[112.5316265,59.0750651],[112.7518686,59.0519294],[112.8051384,59.1269959],[112.931538,59.1568832],[113.1096063,59.1508008],[113.4290535,59.2477733],[113.5272494,59.3428848],[113.4320364,59.3787401],[113.4633848,59.4322916],[113.6145012,59.515156],[113.5913,59.5947577],[113.7611565,59.617057],[113.9697047,59.6909222],[114.0969768,59.7652502],[114.2167254,59.7846357],[114.297153,59.890731],[114.5295256,59.9836148],[114.496649,60.0695661],[114.651151,60.1790643],[114.7747049,60.2025351],[114.9002447,60.1852304],[114.9867507,60.2145315],[115.1452071,60.3659855],[115.0960249,60.4132319],[115.3008251,60.5137562],[115.3694573,60.4919114],[115.696606,60.5490351],[115.8724466,60.5230974],[116.0134138,60.4664718],[116.2701816,60.4082045],[116.3246235,60.3747263],[116.5409745,60.3899827],[116.6085459,60.2951326],[116.7592768,60.2795897],[117.1038045,60.0277189],[117.2641057,60.0574232],[117.3471902,60.0242052],[117.0085682,59.9168418],[117.0964016,59.8692852],[117.2237932,59.8741694],[117.2055437,59.6814042],[117.1120637,59.6098122],[117.2492326,59.5138976],[117.4386076,59.5251921],[117.4979413,59.4926395],[117.7833077,59.5583027],[117.8263142,59.4454634],[117.9686506,59.4973442],[118.0339949,59.6293182],[118.239862,59.6404045],[118.346144,59.6150414],[118.3618116,59.5256238],[118.6066582,59.453214],[118.7612836,59.4282663],[118.8173839,59.3295854],[118.670814,59.1866081],[118.7138277,59.0498238],[118.8215139,59.0507749],[118.8725227,58.9648693],[118.766741,58.8950011],[118.8730029,58.8271443],[118.8617246,58.7312074],[118.7768023,58.6113866],[118.9918856,58.56155],[119.131251,58.4878888],[119.0632831,58.3634956],[119.1386737,58.292535],[119.116842,58.238128],[119.1629109,58.1693535],[119.1639855,58.0314565],[119.0915646,57.9130077],[119.1033731,57.8322832],[119.0458302,57.7645223],[119.1669549,57.7184085],[119.1798435,57.5894291],[119.4207169,57.6209524],[119.4864316,57.5494825],[119.3928189,57.4852408],[119.419936,57.3959289],[119.586803,57.304075],[119.6027533,57.2360378],[119.6911587,57.1749643],[119.5725678,57.0764545],[119.6901096,56.9858127],[119.7910584,56.9800332],[119.8561397,56.8960791],[120.0354444,56.9099395],[120.3293544,57.0210893],[120.540383,57.0447445],[120.7828287,57.0285215],[120.9054996,57.0605084],[121.1472088,56.9994293],[121.4593336,56.9705119],[121.6835315,56.7596004],[121.835604,56.7404313],[121.9895466,56.7625142],[122.1639431,56.7461905],[122.2954841,56.6407475],[122.4607598,56.5996173],[122.5715967,56.4854016],[122.7901524,56.5087233],[122.9019096,56.5566406],[123.1940515,56.4406722],[123.5630824,56.4100925],[123.7530021,56.4245365],[123.9208059,56.3878646],[124.0327608,56.2560086],[124.1210721,56.2308127],[124.2121789,56.1558973],[124.2144946,56.0841356],[124.3942783,56.0526357],[124.3883347,55.9936211],[124.5058873,55.8846481],[124.6397935,55.9376828],[124.7616851,55.8698987],[124.9110697,55.8418698],[125.2533487,55.9077606],[125.448967,55.8511106],[125.4448815,55.8163521],[125.5658836,55.7392586],[125.6168436,55.7794462],[125.8036339,55.806601],[125.9938362,55.7673871],[126.0877625,55.667953],[126.0960922,55.5897802],[126.2350333,55.6078366],[126.4144183,55.5600279],[126.5332195,55.5936795],[126.5437673,55.6407183],[126.6928114,55.6667117],[126.7873034,55.6274251],[126.9262249,55.629892],[126.9789882,55.7001096],[127.3214542,55.6878049],[127.3401299,55.6195196],[127.4587755,55.5780305],[127.5424642,55.6648397],[127.7337088,55.7312756],[127.8018303,55.6669319],[127.9243751,55.6620039],[128.2001529,55.7009944],[128.3046417,55.6905156],[128.491531,55.5836734],[128.5124426,55.5447806],[128.7016329,55.5623262],[128.7030372,55.515137],[129.0114921,55.4975034],[129.1009584,55.5395142],[129.0990795,55.6310364],[129.0478743,55.6926783],[129.4551767,55.7299464],[129.6678098,55.7778338],[129.9643044,55.7543487],[130.0010897,55.7132802],[130.287782,55.7409755],[130.5045536,55.7274248],[130.6248239,55.76245],[130.8500813,55.7124806],[130.952768,55.7121765],[130.964553,55.8000077],[130.8602198,55.9150994],[130.9355354,55.9635961],[130.8966929,56.0186421],[130.9715212,56.0802176],[130.9912868,56.1675847],[131.1113715,56.2417666],[131.139749,56.2983115],[131.0973772,56.3840436],[131.2221156,56.5208445],[131.4082785,56.5092434],[131.4920974,56.5658779],[131.6925102,56.5262862],[131.7007814,56.6905274],[131.8316812,56.7427458],[131.7079919,56.8959863],[131.605968,56.9557524],[131.4302587,57.1383352],[131.3334821,57.1869127],[131.2023333,57.2032898],[131.2553285,57.2987904],[131.5088213,57.2681517],[131.6087507,57.3093624],[131.6062839,57.4282004],[131.7807729,57.5386161],[131.8491163,57.622865],[131.9421621,57.6167091],[132.068427,57.6817197],[132.0509713,57.7312513],[131.8793323,57.8154827],[131.7992127,57.9324525],[131.5806773,58.0385575],[131.4952038,58.1704938],[131.5567261,58.2115319],[131.8287236,58.1667404],[132.0662743,58.049308],[132.1047847,58.1220594],[131.9984737,58.1503933],[132.1114361,58.2784304],[132.1984008,58.2546284],[132.2263051,58.3862284],[132.1754766,58.4895554],[132.386507,58.5612508],[132.5465112,58.6596893],[132.534671,58.8208782],[132.6681231,58.9101226],[132.7772449,58.8870267],[132.8449082,58.9931743],[132.7650017,59.0073658],[132.9889546,59.158992],[133.1709727,59.2414102],[133.2719168,59.2266888],[133.4858989,59.3103915],[133.5724884,59.2510181],[133.7475407,59.228344],[133.8565758,59.2572096],[134.077362,59.2560169],[134.1837026,59.2185301],[134.365691,59.2022581],[134.4774076,59.1444805],[134.5625092,59.2030861],[134.7164152,59.2047005],[134.8425094,59.1366018],[134.9886064,59.1649124],[135.1932512,59.1143835],[135.3023845,59.2027439],[135.2609297,59.2339603],[135.4378295,59.3969575],[135.613066,59.4878388],[135.8264478,59.5261066],[135.9475674,59.4588135],[136.0898828,59.4195513],[136.3173511,59.4238105],[136.6729036,59.3458575],[137.2983429,59.4956134],[137.449793,59.6131379],[137.4911844,59.6808377],[137.6319783,59.7513027],[137.9743405,59.7723452],[138.0804769,59.7467897],[138.0212035,59.6707794],[138.2175955,59.6539794],[138.2720962,59.7057733],[138.1757035,59.8267875],[138.2624216,60.0688055],[138.2132163,60.2778135],[138.3067885,60.3130819],[138.3165382,60.4913072],[138.3968392,60.6206545],[138.3975259,60.7230031],[138.2069218,60.8570347],[138.2690917,60.9549151],[138.3439805,60.9778023],[138.3246547,61.0617177],[138.651092,61.2269866],[138.6491378,61.2973067],[138.7349266,61.3368837],[138.9265586,61.3175609],[139.0395484,61.3456473],[139.091365,61.4351346],[139.2803306,61.4276518],[139.3893109,61.4865075],[139.5537578,61.4736093],[139.6485899,61.5622508],[139.6922933,61.6622423],[139.9375587,61.8040244],[139.9525456,61.9365287],[140.1163345,61.9687937],[140.2759878,62.0378078],[140.3271799,62.1518431],[140.2917074,62.2681966],[140.3413796,62.3737933],[140.4120524,62.4134365],[140.6282718,62.403972],[140.7399868,62.5092082],[141.0613248,62.4898341],[141.1395247,62.3994342],[141.2797873,62.4009035],[141.4928694,62.2867346],[141.5535597,62.1637873],[141.833325,62.017922],[142.0662822,62.0409678],[142.1453196,62.0755105],[142.2669647,62.017924],[142.2635741,61.9722939],[142.4170904,61.9437943],[142.4673135,61.8919661],[142.6861798,61.9654854],[143.0064718,61.9148424],[143.1046726,62.0147279],[143.1359087,62.1040045],[143.4003582,62.0278108],[143.6091263,62.0360109],[143.6423552,61.8578705],[143.9187757,61.9595892],[143.9985367,61.8915831],[143.944683,61.7549859],[144.2524242,61.7405084],[144.4119543,61.8332999],[144.515905,61.8451661],[144.5829793,61.9732057],[144.7364197,62.0454828],[144.7365254,62.0954088],[144.9916615,62.1680608],[145.2020169,62.2989568],[145.1475374,62.4756885],[145.2802019,62.5244836],[145.4374152,62.5308711],[145.4295932,62.7071291],[145.3530524,62.7466965],[145.4095154,62.8666726],[145.2495105,63.1610062],[145.2578624,63.2428751],[145.4404576,63.3786985],[145.4683036,63.5263033],[145.675889,63.6735286],[145.6456246,63.786216],[145.5859992,63.8280358],[146.1656837,63.927209],[146.2203122,64.0044678],[146.3334877,64.0700999],[146.368627,64.1858811],[146.5427092,64.1893556],[146.6856685,64.1526999],[147.0120517,64.1334244],[147.2548444,64.0267088],[147.3589478,64.055362],[147.4017535,64.1295722],[147.6415321,64.1783422],[147.7327595,64.1151841],[147.6532485,64.0350446],[147.8046444,63.9952126],[147.7850773,63.9544597],[148.0183431,63.9361357],[148.1160967,64.0149894],[148.1596924,64.1025039],[148.313133,64.2228933],[148.0722535,64.3489378],[148.0947252,64.4277042],[148.2249114,64.4422302],[148.327615,64.5280792],[148.5011986,64.5098103],[148.5557132,64.4503643],[148.7087233,64.4022031],[149.0411354,64.4314749],[149.3394921,64.3767547],[149.4747485,64.4040785],[149.5806374,64.4704639],[149.8712632,64.5623698],[150.1411646,64.4649668],[150.0167709,64.350929],[150.2336319,64.2132029],[150.6424284,64.1700134],[150.6753309,64.2679976],[150.6395904,64.3377412],[150.9939559,64.3329851],[151.3716968,64.366406],[151.4968738,64.4258124],[151.8136344,64.4700633],[152.0477624,64.4679234],[152.1421532,64.3789885],[152.447419,64.3955318],[152.3589145,64.5082497],[152.7270618,64.6231757],[152.8472834,64.7013926],[152.8080071,64.7431322],[152.5859152,64.8112923],[152.5193136,64.9766294],[152.6302237,65.0605082],[152.6614704,65.1684827],[152.7978211,65.2068309],[153.1834749,65.2702398],[153.1900353,65.295752],[153.5005334,65.3457365],[153.5882857,65.3996663],[153.442342,65.48533],[153.5770823,65.6898427],[153.4837063,65.7479717],[153.5321837,65.8103029],[153.7547273,65.8708521],[153.9566732,65.8730488],[154.2668415,65.8063281],[154.4156575,65.9501509],[154.3649563,66.1033992],[154.3944927,66.1828483],[154.5859518,66.2179855],[154.8016738,66.1749062],[154.946317,66.1105839],[155.2626796,66.1814039],[155.3723764,66.1295884],[155.6590157,66.1219528],[155.8129296,66.1473781],[155.9484706,66.0677569],[156.3461481,66.061141],[156.4270205,66.0382719],[156.6442727,66.148031],[156.7665671,66.1224558],[157.0025199,66.0125566],[156.9673652,65.9604567],[157.083926,65.9146006],[157.3351585,65.8918272],[157.4587041,65.9366256],[157.444713,66.0002414],[157.621411,66.0226846],[157.7449364,66.0994588],[158.1882912,66.1426034],[158.2877093,66.1007228],[158.5006968,66.0935023],[158.4322566,66.2033702],[158.5434444,66.3352353],[158.3688735,66.4303095],[158.5043914,66.4629005],[158.5350208,66.5484311],[158.6362401,66.5664245],[158.7112201,66.6890767],[158.9348677,66.768745],[158.787335,66.8938705],[158.8154147,66.9404196],[158.7117643,67.0383888],[158.3983979,67.1001761],[158.0931552,67.2276823],[157.8113721,67.3083253],[157.9077079,67.420455],[157.7305655,67.5180018],[157.8100906,67.6745681],[157.937497,67.7180396],[158.1177003,67.7019398],[158.3642175,67.7247625],[158.2494881,67.8244918],[158.1060308,67.8217213],[158.1035656,67.9140215],[158.213386,67.9404952],[158.3723906,68.0761619],[158.6469845,68.1274068],[158.9017978,68.1030033],[159.2632307,68.1908855],[159.3966832,68.1901839],[160.0638246,68.2671387],[160.5214561,68.2448837],[160.7317102,68.2479893],[161.0287567,68.2844242],[161.3272916,68.3685815],[161.6483867,68.3749334],[161.7106462,68.3454681],[161.9567386,68.3596916],[162.3937479,68.2745913],[162.5479502,68.3330411],[162.6165632,68.4373204],[162.5638244,68.483344],[162.7516852,68.5839546],[162.6031912,68.6875305],[162.5916083,68.7776316],[162.7993705,68.8228542],[162.7265287,68.9285394],[162.5795496,68.9612108],[162.5319074,69.1056384],[162.7724733,69.1813515],[162.5137185,69.3277756],[162.5436289,69.3729607],[162.3494998,69.4063869],[162.4320791,69.4542064],[162.3223333,69.5285336],[162.4704441,69.6556354],[162.0618731,69.5620196],[161.9844949,69.5053153],[161.8399561,69.5011077],[161.4832437,69.3408487],[161.6270959,69.2756447],[161.4773375,69.240003],[161.5341574,69.1722366],[161.4934737,69.0571866],[161.6668517,68.8814321],[161.5923506,68.8333229],[161.3635234,68.7902753],[161.4641893,68.7145082],[161.2365663,68.6579163],[161.2321031,68.7474489],[161.3668573,68.8845398],[161.354841,68.9784615],[160.9795892,69.0760921],[160.9624913,69.2472686],[161.0455425,69.2847357],[161.0104764,69.4287316],[161.02892,69.5322346],[160.8175994,69.6395522],[160.469387,69.6414432],[160.251485,69.7063488],[160.1014005,69.7090505],[159.8198805,69.7739326],[159.6771075,69.8743552],[159.8598318,69.9762368],[159.926375,70.1066385],[160.0955877,70.2528743],[159.9391316,70.4714762],[159.7920033,70.5834898],[159.5752279,70.6940682],[158.9700054,70.8618624],[158.4356224,70.9584326],[157.8188881,71.0244744],[157.018231,71.07582],[156.6115921,71.0606508],[156.1127501,71.076707],[155.8609084,71.0699094],[154.3925876,70.9475742],[153.7160445,70.8573939],[153.5351712,70.8609968],[152.8771625,70.8097863],[152.5318492,70.8183856],[152.1450085,70.885745],[152.0609292,70.9815576],[151.7292813,71.2393869],[151.5312856,71.3164121],[151.1064255,71.3882941],[150.4926263,71.3310328],[150.7099982,71.4470661],[150.4916271,71.5111746],[150.0482909,71.5115904],[150.0037612,71.6416086],[149.9048681,71.6607558],[149.5508338,71.6413993],[149.3219193,71.6913942],[148.9737854,71.668026],[149.090832,71.7615718],[149.2809479,71.8336798],[149.519594,71.8783052],[149.7038444,71.7468232],[150.0756426,71.8253509],[150.1014105,71.9020346],[149.9290612,72.0186605],[149.4143532,72.1782664],[148.3852718,72.3191623],[147.9888486,72.313293],[147.614279,72.3269989],[147.1073619,72.2958071],[146.8185175,72.1723363],[146.6395378,72.0481508],[146.12978,71.7986222],[145.7893901,71.7047557],[145.6803618,71.7228154],[145.473234,71.6601345],[145.0508973,71.6534094],[144.9491265,71.697522],[145.2282383,71.8326672],[145.0273267,71.9060914],[145.2060251,71.92585],[145.3735897,71.8678158],[145.8386885,71.9348048],[145.8033333,72.0298906],[145.6291709,72.0934811],[145.7790415,72.1803196],[146.2427067,72.1523127],[146.3468385,72.106418],[146.008019,72.0146713],[145.9717866,71.9025766],[146.2585458,71.9759808],[146.6499332,72.1398386],[146.9525655,72.2972431],[146.4977464,72.3109895],[145.2796262,72.2575354],[144.7670325,72.2195807],[144.5599503,72.1570787],[144.4941796,72.2283761],[144.7935783,72.4037932],[145.2380757,72.4298752],[145.3787221,72.3522953],[145.6792628,72.3388789],[146.3381804,72.3372951],[146.5241714,72.3851412],[145.9891986,72.4718727],[145.5606983,72.5258311],[144.6617865,72.6023355],[144.4445133,72.6291975],[143.5019036,72.6833584],[142.1784215,72.7071324],[141.7568819,72.7368709],[141.3381119,72.841864],[140.7422702,72.8774993],[140.7653026,72.796277],[140.9670503,72.7074996],[141.1675897,72.6576115],[141.2591232,72.589808],[140.9767001,72.5536937],[140.8968895,72.510617],[140.5419165,72.4700043],[139.75348,72.495664],[139.571637,72.4818964],[139.1526159,72.2499408],[139.1996701,72.1759944],[139.4010025,72.1485228],[139.6142167,72.2228021],[139.8498437,72.2203578],[140.0397768,72.2667333],[140.2770364,72.18189],[139.7400965,72.0399024],[139.7090871,71.9497417],[139.7880235,71.8637429],[139.7839082,71.7181751],[139.8721525,71.6034561],[140.075268,71.5116542],[139.9339961,71.4598036],[139.4760055,71.4920807],[139.4456307,71.4299798],[139.2371762,71.4027215],[139.1146813,71.5740946],[138.8372193,71.6331514],[138.2460963,71.5765776],[137.9350575,71.3829143],[138.0396456,71.290958],[138.28919,71.2672211],[137.851315,71.1500061],[137.5226183,71.3071946],[137.5509004,71.3432842],[137.326853,71.4053448],[137.1325441,71.4164056],[136.8757871,71.5335469],[136.6218914,71.5132732],[136.588087,71.5793412],[136.3298898,71.5883041],[135.9583468,71.6459601],[135.6491966,71.6355301],[134.9927839,71.5114038],[134.7030069,71.4014793],[134.3891316,71.3619815],[134.0714173,71.3798031],[133.54167,71.4674763],[133.1637696,71.5946918],[132.9580358,71.7379117],[132.7792855,71.7639413],[132.7802662,71.9485139],[132.5600356,71.8700698],[132.3003781,71.6814886],[132.1866651,71.5595643],[131.9496344,71.2058272],[131.7951097,71.1213483],[131.8212133,71.0667307],[131.6184741,70.8574173],[131.3251819,70.7229509],[131.070518,70.7061092],[130.9350186,70.7651489],[130.9311178,70.8403151],[130.8114695,70.8693274],[130.5833175,70.8515493],[130.3879806,70.8978501],[130.1630713,71.0619482],[129.8648401,71.0709807],[129.7378675,71.2226483],[129.4660837,71.3018767],[129.3672464,71.4666569],[129.2463892,71.5956364],[128.9677141,71.5784412],[128.8870526,71.6448147],[129.4725774,71.7641133],[129.2473574,71.7949409],[129.0967195,71.7462715],[128.7356281,71.7696716],[128.6995291,71.8495466],[128.5061788,71.9547462],[128.5103682,72.0372219],[128.2916245,72.128028],[128.1226043,72.1564748],[127.8819386,72.2564469],[127.795299,72.3251904],[127.3143151,72.3959263],[126.6235443,72.4201799],[126.6290535,72.5107553],[126.9272261,72.5461546],[127.2716497,72.6402891],[127.4034118,72.6987547],[127.7605262,72.7008833],[127.8537329,72.7607184],[128.276342,72.794487],[128.3012433,72.9502986],[128.7033277,73.0177051],[128.7723439,73.1220308],[128.9334528,73.1934248],[128.6444499,73.2478033],[128.2811649,73.2494176],[128.4410003,73.3477613],[128.1026833,73.4101999],[127.7282509,73.3786354],[127.8300835,73.4660893],[127.3444809,73.4577088],[127.3561025,73.5045678],[127.0468624,73.5221145],[127.0071669,73.42308],[126.6325666,73.367024],[126.4357394,73.4235062],[126.4167929,73.5012588],[126.1544528,73.509378],[125.6843822,73.4699966],[125.6087092,73.5362018],[125.241918,73.542127],[125.2283554,73.6353008],[125.0459311,73.6754856],[124.5328241,73.7303426],[124.3553839,73.7966013],[124.2405754,73.6976061],[124.0486643,73.6647649],[124.0158849,73.5973615],[123.6829697,73.6026699],[123.3265331,73.5448601],[123.4422699,73.4461418],[123.3677009,73.3430529],[123.522339,73.2402573],[123.6282767,73.1131811],[123.3970142,73.0516964],[123.4285895,72.9870826],[123.3167327,72.9201208],[123.1341817,72.9033871],[122.9467226,72.9805893],[122.7637037,73.0127833],[122.5381857,72.9961944],[123,72.8881174],[122.6448248,72.8402994],[122.2334191,72.8797638],[121.7531399,72.9511468],[121.4261878,72.9600296],[121.133055,72.9239422],[120.6970045,72.9688738],[119.855203,73.0137454],[119.696215,72.9898875],[119.5293239,73.0409135],[119.0988495,73.0888417],[118.5102482,73.1771884],[118.3885151,73.2879248],[118.3831574,73.3814874],[118.5782339,73.4680155],[118.7789135,73.4556761],[118.8100906,73.5379614],[118.6272255,73.5619499],[117.9783101,73.5788069],[117.409539,73.5707571],[117.1941807,73.6061927],[116.5210657,73.6711414],[116.3300865,73.6547846],[116.0790047,73.6832247],[115.464719,73.710848],[115.0063626,73.6060829],[114.5547201,73.5806314],[114.3177547,73.5983365],[113.9699284,73.5489629],[113.5217183,73.5072767],[113.5426767,73.4641259],[113.8707094,73.3462417],[113.5813289,73.3143168],[113.1930318,73.4524351],[113.4581895,73.6323647],[113.1807781,73.8645419],[112.8294058,73.9747387],[112.99718,73.8071747],[112.8119235,73.7175899],[112.2979858,73.7010641],[111.6443127,73.7601028],[111.3187487,73.8526888],[110.9916657,73.8129384],[110.89857733518835,73.7660490204933]]],[[[161.4406691878681,68.90635],[161.5335786,68.9022652],[161.5294171,68.9748478],[161.4383597,69.0618747],[161.4547601,69.183628],[161.2402713,69.2301889],[161.1155546,69.1220817],[161.1532045,69.0545635],[161.331282,69.0282975],[161.5041184,68.9473116],[161.4406691878681,68.90635]]],[[[161.4543387,69.4515815],[161.6664064,69.4756042],[161.6629732,69.5779155],[161.4933339,69.6165253],[161.4087815,69.5557924],[161.4543387,69.4515815]]],[[[161.4152658,69.4751227],[161.398443,69.5333046],[161.0954607,69.4472381],[161.1042154,69.3820531],[161.2414576,69.2315265],[161.4243973,69.2907717],[161.3465429,69.4192659],[161.4152658,69.4751227]]],[[[137.4610375,71.48299129231715],[137.6220179,71.4737902],[137.7471698,71.4095814],[138.019236,71.4988588],[137.9837639,71.5732505],[137.3767672,71.5876347],[137.2322602,71.5157251],[137.4610375,71.48299129231715]]],[[[129.0233375,72.20311133177815],[129.451591,72.3018958],[129.0316901,72.3440558],[128.8702826,72.3111843],[129.0233375,72.20311133177815]]],[[[128.3202125,72.31413205317354],[128.6916982,72.2865854],[128.7464451,72.3330377],[128.1464183,72.3892357],[128.3202125,72.31413205317354]]],[[[127.265525,72.51634170084671],[126.9491412,72.5332159],[126.7193847,72.4990245],[126.7073808,72.4362489],[127.0035067,72.4265312],[127.265525,72.51634170084671]]],[[[129.0235375,72.40786274803438],[129.227654,72.3959227],[129.3374983,72.4461003],[128.9785146,72.4604376],[129.0235375,72.40786274803438]]],[[[127.96885,72.52943086102384],[127.8041086,72.5245686],[127.6668999,72.4478009],[127.8893442,72.3970361],[128.1429541,72.4090244],[128.8335667,72.374904],[129.0359783,72.3840414],[128.9548028,72.4555792],[128.7261508,72.4519464],[128.5537348,72.5064406],[128.1616078,72.554111],[127.96885,72.52943086102384]]],[[[136.2342841,75.6237711],[136.0002486,75.6706758],[135.7261854,75.8160366],[135.6071033,75.6727629],[135.6073188,75.5096214],[135.5173314,75.4300758],[135.579418,75.3660374],[135.873282,75.3752445],[136.0555705,75.4425126],[135.958282,75.4796983],[136.2342841,75.6237711]]],[[[146.2501,75.34726901747185],[146.2899244,75.2697433],[146.1340536,75.2235135],[146.3291179,75.1642374],[146.7023729,75.1132377],[147.1210294,75.007485],[147.6860916,74.9539789],[148.1129969,74.7945703],[148.7110618,74.7372698],[149.1735845,74.7278243],[149.6894854,74.7615202],[150.0658698,74.8176113],[150.6297239,74.8613589],[150.695384,75.0077064],[150.5845425,75.0822965],[150.3860499,75.1162108],[150.2408258,75.1866358],[149.3398476,75.26127],[148.716853,75.1935449],[148.5322034,75.2511268],[148.5656768,75.3735793],[148.3689011,75.4020091],[147.9508581,75.3957936],[147.61932,75.440618],[147.4099434,75.427665],[147.3010098,75.3477028],[147.1311033,75.3193741],[146.7900526,75.3509401],[146.653034,75.427864],[146.7497437,75.5126909],[146.5155439,75.5866155],[146.2490875,75.4052625],[146.2501,75.34726901747185]]],[[[112.4999,74.51852251311556],[112.0147829,74.5449204],[112.0830973,74.4221545],[111.9535862,74.3360487],[111.6053533,74.3598397],[111.5251727,74.2885887],[111.6777282,74.2404315],[111.9929193,74.209469],[112.2077525,74.1353286],[112.8342916,74.0786613],[112.9845149,74.1839168],[113.2046781,74.2089407],[113.4623604,74.4027542],[113.4051036,74.450331],[113.086019,74.5067183],[112.4999,74.51852251311556]]],[[[148.9756247,76.6529844],[149.1991497,76.632193],[149.202495,76.7412787],[148.8392088,76.7253044],[148.5310823,76.6350257],[148.9756247,76.6529844]]],[[[143.4376,74.99592393006498],[142.6474943,75.1078147],[142.2085871,75.3643125],[142.1067685,75.5090683],[142.2344251,75.6203345],[142.533271,75.7248857],[142.7709447,75.7373009],[143.0558229,75.7061484],[143.0826772,75.6187669],[142.5722889,75.4622266],[142.5273691,75.3419228],[142.7467312,75.2972022],[142.9855244,75.1353074],[143.3719788,75.0503438],[143.7807203,75.0664269],[144.084337,75.0115781],[144.3893601,75.0506188],[144.726289,75.1481556],[144.8394347,75.2933611],[144.7791964,75.3713284],[144.8566096,75.4289643],[145.1752085,75.4972208],[145.260472,75.5692148],[144.8917523,75.6292986],[144.6237535,75.7000581],[144.3964551,75.7065935],[144.0413453,75.801392],[143.7003791,75.8449603],[143.4347895,75.8439508],[143.0959618,75.7983168],[142.608908,75.8564872],[141.7845373,76.110469],[141.4045592,76.0258665],[141.0481808,76.0035929],[140.9686309,75.9346334],[141.0359056,75.7394933],[141.185791,75.6265273],[140.9483225,75.5936447],[140.3927882,75.6393638],[140.4660601,75.7899877],[139.9924617,75.8325591],[139.8621972,75.9120324],[139.4263843,76.0522248],[139.1761644,76.0882444],[138.8426405,76.2008409],[138.268345,76.1194164],[138.119754,76.0055643],[137.6525794,75.9891215],[137.4414924,75.8809132],[137.6107691,75.7927128],[137.1566046,75.7257623],[137.2793272,75.5836352],[137.2977395,75.4705131],[137.1715438,75.4254197],[137.4754649,75.3765733],[137.2460093,75.3173209],[136.9307515,75.3428975],[136.9698121,75.2505754],[137.3883169,75.0522812],[137.8710676,74.9381155],[138.1752967,74.7577501],[138.6565419,74.7173568],[139.034194,74.6404812],[139.2427202,74.6420075],[139.4558028,74.7061552],[139.5987505,74.8357761],[139.5553289,74.9314431],[139.7772614,74.9447915],[140.1891726,74.8047014],[140.8410442,74.8832406],[141.5537494,74.9292987],[141.8736892,74.9997696],[141.9740682,74.9179982],[142.3594178,74.813607],[142.6655584,74.8247762],[142.9294473,74.8697429],[143.472233,74.8880294],[143.681354,74.9303527],[143.4376,74.99592393006498]]],[[[142.03135,73.26107229853322],[142.4979607,73.2188047],[142.7104473,73.2294263],[143.230151,73.1814086],[143.4845282,73.2125117],[143.511098,73.4865364],[143.1948095,73.6292799],[142.8147526,73.7327729],[142.6241936,73.8080638],[142.2849282,73.8504882],[142.0655232,73.9081569],[141.579779,73.8750153],[141.3077678,73.8318931],[141.1548806,73.8581155],[140.9777016,73.8046503],[140.7011863,73.5521661],[140.3608526,73.4420615],[139.8342598,73.4308978],[139.9855233,73.3422246],[140.543081,73.4239852],[140.9397787,73.405728],[141.4177153,73.3169233],[142.03135,73.26107229853322]]],[[[140.6249,73.89618571755852],[140.9806869,73.9805347],[141.0735419,74.0647883],[141.0725087,74.2247387],[140.8716652,74.2681209],[140.4190508,74.2564277],[140.2010921,74.2013257],[140.1752221,74.0737456],[140.3778855,73.9321232],[140.6249,73.89618571755852]]],[[[136.0693978,73.9201782],[136.2705197,73.9812083],[136.0749856,74.0659744],[135.6008171,74.2228983],[135.4482808,74.1587622],[135.6904453,74.1010794],[135.7644247,74.030803],[136.0693978,73.9201782]]]]},"properties":{"shapeName":"Sakha Republic","shapeISO":"RU-SA","shapeID":"28173009B48058606062294","shapeGroup":"RUS","shapeType":"ADM1"}},
{"type":"Feature","geometry":{"type":"Polygon","coordinates":[[[47.4314503,50.3779161],[47.541827,50.4609116],[47.6121537,50.4636776],[47.7624506,50.3409821],[47.8284003,50.3277339],[47.9387786,50.2425079],[48.0090944,50.1421016],[48.0952102,50.1000135],[48.1316273,49.9980206],[48.2689583,49.8596811],[48.4504364,49.8350949],[48.7456185,49.921354],[48.9033674,50.0184663],[48.8090227,50.1704328],[48.7320665,50.257163],[48.6585183,50.5279007],[48.6521878,50.6010634],[48.8139517,50.5954781],[49.0093035,50.6825667],[49.1260307,50.7847803],[49.4198555,50.849118],[49.4077984,50.9616099],[49.3388959,50.9872484],[49.3937116,51.0903299],[49.5628364,51.1099948],[49.7762888,51.107179],[49.9111002,51.2010725],[50.0386824,51.2512514],[50.2513442,51.2812995],[50.3739105,51.332945],[50.3381985,51.3820107],[50.4968553,51.4277585],[50.5425866,51.4644457],[50.5377167,51.5890327],[50.6360228,51.6291513],[50.8125697,51.6491706],[50.7681628,51.7730366],[50.701438,51.8196575],[50.7017199,51.9329733],[50.5200581,51.9937717],[50.3522727,51.9819839],[50.2153667,52.0361683],[50.1595926,52.0906825],[49.9996309,52.1728929],[49.7980819,52.1727488],[49.7423242,52.2489077],[49.6593505,52.2822213],[49.6379196,52.3400503],[49.5202017,52.3957638],[49.3480016,52.3987162],[49.3521398,52.4647338],[49.1714504,52.4997605],[48.9123297,52.4684569],[48.8341741,52.5419788],[48.7270156,52.5430127],[48.6929793,52.6395362],[48.5743951,52.6273274],[48.5192262,52.676613],[48.3494252,52.661996],[48.3755747,52.7681616],[48.4286324,52.8144069],[48.1970225,52.7686027],[48.1147736,52.7954014],[48.0637983,52.6759763],[47.9337412,52.6465792],[47.8971016,52.7245959],[47.8124106,52.7363388],[47.722508,52.5682894],[47.5403054,52.6104966],[47.2065746,52.5475067],[47.1326317,52.5856359],[46.9861329,52.5860561],[46.9807631,52.6377204],[46.8010702,52.6208276],[46.7441761,52.6114097],[46.5716189,52.7022068],[46.3258992,52.6808429],[46.267631,52.6095772],[46.1669018,52.6079342],[46.1417219,52.5460531],[46.0043239,52.5079034],[45.9620979,52.3971506],[45.7941482,52.4162902],[45.7706885,52.4574912],[45.6214504,52.4776669],[45.3529763,52.3964687],[45.1482937,52.4185085],[45.0621218,52.3611419],[44.9515221,52.3567219],[44.8531157,52.4477209],[44.6133241,52.4807267],[44.5350634,52.4233884],[44.4018429,52.4070808],[44.3168048,52.3156314],[44.0323929,52.327972],[43.9104741,52.3964124],[43.7795213,52.4274779],[43.6734055,52.3923424],[43.5124508,52.4011487],[43.3361852,52.3751863],[43.3016769,52.4340224],[43.1432677,52.4384481],[43.0397059,52.3706346],[42.9420978,52.3365604],[42.8888451,52.2120605],[42.7672026,52.1551209],[42.7646047,52.0180149],[42.7131966,51.996037],[42.7126063,51.8856198],[42.6499878,51.7909837],[42.5218466,51.7196826],[42.5208613,51.5961217],[42.5661247,51.5380442],[42.7504497,51.4924119],[42.8325327,51.3924617],[42.880894,51.2330252],[43.1947412,51.1106332],[43.358549,50.9987129],[43.5617035,51.0606322],[43.6526657,51.0534294],[43.6944555,51.1076163],[43.8837725,51.1103498],[43.9225897,51.1617195],[44.0184589,51.159168],[44.0575968,51.1039962],[44.1849781,51.093224],[44.2281989,51.1989823],[44.3453734,51.1743262],[44.4774146,51.2113678],[44.571332,51.1233836],[44.643812,51.1782937],[44.8991943,51.1154692],[44.9930715,51.1456376],[45.0874185,51.0789531],[45.1923894,51.0434446],[45.2041053,50.9684815],[45.3257703,50.8623109],[45.2760313,50.7213515],[45.2313137,50.6980071],[45.1933551,50.5851985],[45.4896963,50.6048677],[45.7076326,50.5860256],[45.6786011,50.6670254],[45.7442228,50.7573025],[45.8930324,50.7499878],[46.0354346,50.6652147],[46.0614602,50.5261663],[46.278413,50.5276966],[46.3476009,50.5553607],[46.4653069,50.546156],[46.4583596,50.6171552],[46.5684964,50.6148387],[46.6256976,50.6809432],[46.7421044,50.6587099],[46.8707675,50.5772154],[46.9124195,50.4896723],[47.2056141,50.5092213],[47.2045777,50.4298806],[47.2721761,50.3790654],[47.4314503,50.3779161]]]},"properties":{"shapeName":"Saratov Oblast","shapeISO":"RU-SAR","shapeID":"28173009B21415173479872","shapeGroup":"RUS","shapeType":"ADM1"}},
{"type":"Feature","geometry":{"type":"Polygon","coordinates":[[[30.9251324,55.6226252],[30.95218,55.49443],[30.93467,55.39985],[30.8305905,55.3341764],[30.9235233,55.2006601],[30.9962407,55.1442775],[30.9526786,54.997555],[30.83476,54.90752],[30.7515697,54.8095246],[30.9533836,54.7432297],[31.0119213,54.6747102],[31.1733271,54.6707301],[31.2040692,54.6198286],[31.0919389,54.5056604],[31.23259,54.46627],[31.3185,54.33761],[31.31352,54.24851],[31.49248,54.16148],[31.8981045,54.0829484],[31.8539576,54.0045012],[31.8917451,53.9661731],[31.7719472,53.8085118],[31.8685964,53.7824881],[32.1001084,53.8145905],[32.2080495,53.7995665],[32.3563202,53.7392058],[32.4606829,53.7376525],[32.4989513,53.6811348],[32.4258,53.60744],[32.5422706,53.5167911],[32.75711,53.45818],[32.7627809,53.4242773],[32.8818409,53.435501],[32.862497,53.5087238],[32.9524228,53.6057307],[33.2987694,53.8166476],[33.2474464,53.8884803],[33.2803237,53.9386079],[33.4087091,53.9462891],[33.5071262,54.0162959],[33.4542879,54.0829683],[33.5728626,54.1239014],[33.6294456,54.187207],[33.6041887,54.2424084],[33.6887519,54.3223222],[33.6291577,54.3708768],[33.6342315,54.4774135],[33.7606964,54.5648768],[33.9854675,54.5799223],[34.1815837,54.520074],[34.444682,54.5166374],[34.5206895,54.598645],[34.5116304,54.6776706],[34.6276894,54.6608812],[34.7897114,54.707565],[34.9067194,54.7677402],[34.8668012,54.8888825],[35.0326136,54.9414137],[35.273302,55.1190384],[35.3342215,55.271752],[35.274107,55.3310688],[35.3388021,55.538373],[35.3868566,55.5946437],[35.304097,55.734377],[35.3281744,55.7948929],[35.1992791,55.8891257],[35.1484955,55.9575013],[35.0651889,55.9808867],[34.8449996,55.9587379],[34.7450448,55.9778568],[34.6315004,55.9131831],[34.5232369,55.9391726],[34.3815485,56.0226778],[34.3221383,55.9945029],[34.1582501,56.063054],[34.0855314,56.0267888],[33.9155051,56.0670541],[33.8216516,55.9620737],[33.6718883,55.9542293],[33.6480694,55.8444846],[33.4871034,55.7607796],[33.1960366,55.7027922],[33.1172367,55.6364963],[32.9880166,55.666816],[32.8428001,55.6534213],[32.7650502,55.6786217],[32.4034015,55.6927048],[32.2486281,55.6696047],[32.0915037,55.6872791],[32.0340033,55.7661081],[31.8444098,55.7757181],[31.7767892,55.6989429],[31.6530023,55.7347982],[31.4831337,55.7186423],[31.311021,55.7422128],[31.2031261,55.7277089],[31.1207486,55.7579168],[30.9251324,55.6226252]]]},"properties":{"shapeName":"Smolensk Oblast","shapeISO":"RU-SMO","shapeID":"28173009B31773571872137","shapeGroup":"RUS","shapeType":"ADM1"}},
{"type":"Feature","geometry":{"type":"Polygon","coordinates":[[[41.1608983,45.9516883],[41.1611772,45.8798408],[41.233466,45.8313933],[41.2721359,45.7588342],[41.1693736,45.7596507],[41.1672375,45.6744391],[40.8479682,45.694229],[40.8460433,45.5169199],[40.9231754,45.516862],[40.9224905,45.4471008],[40.9804073,45.4224553],[41.0361393,45.2252918],[41.3534804,45.2230539],[41.3514443,45.0913906],[41.4564792,44.9882632],[41.6539743,44.986253],[41.652161,44.9053179],[41.5598862,44.7383883],[41.4270929,44.7084762],[41.4949328,44.5956913],[41.5519664,44.6181523],[41.5897072,44.5159289],[41.736078,44.4736649],[41.9245723,44.4961103],[41.9208206,44.4098745],[42.0296533,44.3527496],[42.2145351,44.3512738],[42.3413922,44.3108866],[42.4790363,44.3250327],[42.5534177,44.3683184],[42.6085684,44.3118498],[42.4411547,44.1700926],[42.3351649,44.1325125],[42.3034082,44.0291368],[42.3762448,43.9724671],[42.4813346,43.9803947],[42.5845675,44.0263773],[42.6602013,43.9374359],[42.6782891,43.809695],[42.8547037,43.8018957],[42.8661055,43.8676908],[42.9732394,43.8978243],[43.1477107,43.8950757],[43.2250081,43.9590461],[43.316639,43.7997601],[43.4738702,43.8656198],[43.7448876,43.8194677],[43.7705002,43.9275269],[43.9221636,44.0203143],[43.9873376,43.9706842],[44.1440452,43.970237],[44.1439037,43.9284712],[44.2685698,43.9181546],[44.292523,43.809673],[44.472547,43.8011845],[44.596925,43.8286943],[44.8033927,43.8070486],[44.8332046,43.6817992],[44.8912767,43.6591239],[44.9933596,43.7216004],[45.0656947,43.7203238],[45.0539422,43.9582513],[45.2017545,43.9572933],[45.2011412,43.8764474],[45.4384542,43.8758653],[45.4397494,44.0077115],[45.4906809,44.0076503],[45.5029861,44.1756877],[45.1147647,44.1927015],[45.1366723,44.2537973],[45.3715098,44.2901445],[45.4290863,44.4288026],[45.3584139,44.4646549],[45.2267404,44.4675183],[45.2607203,44.5893439],[45.4123297,44.5941606],[45.6555365,44.8036917],[45.6134741,44.8739849],[45.7051159,44.9773628],[45.5900272,45.1257838],[45.1363463,45.3060591],[44.7933118,45.429244],[44.4517259,45.5070773],[44.3190474,45.5513016],[44.1812216,45.6354095],[44.0885848,45.7864196],[43.9193729,45.9439519],[43.7486041,45.9789186],[43.4697402,45.988886],[43.3597375,46.0331104],[43.3103639,46.0898798],[43.0017463,46.1693216],[42.9317874,46.2360616],[42.7364862,46.0905844],[42.6720445,46.0898914],[42.5573593,46.0083295],[42.3180347,45.9697239],[42.3296764,46.1352187],[42.1706684,46.1099034],[42.1515694,45.9430799],[42.0829478,45.9663519],[41.71441,45.9824283],[41.3928064,45.9972041],[41.3930819,45.9523072],[41.1608983,45.9516883]]]},"properties":{"shapeName":"Stavropol Krai","shapeISO":"RU-STA","shapeID":"28173009B89423349656391","shapeGroup":"RUS","shapeType":"ADM1"}},
{"type":"Feature","geometry":{"type":"Polygon","coordinates":[[[90.4867326,52.1958711],[90.3498204,52.2014931],[90.1434428,52.1484879],[90.1589793,52.062576],[90.045184,51.9736428],[90.0796333,51.7308617],[89.9522071,51.7554953],[89.695579,51.5554027],[89.6328165,51.5475796],[89.4396727,51.6067744],[89.2364734,51.5541193],[89.2638243,51.6412419],[89.0958338,51.6271687],[89.0733959,51.5886206],[88.7915312,51.5537609],[89.0088756,51.3942587],[88.9603487,51.2435256],[89.049849,51.159806],[89.0555549,51.0463952],[89.1937316,50.9818091],[89.2976053,50.8851981],[89.3986631,50.8505251],[89.4857928,50.7376516],[89.5326172,50.7200002],[89.6440483,50.5813071],[89.8487567,50.5265194],[89.8649086,50.469675],[89.707322,50.3841209],[89.4968353,50.3639125],[89.4095587,50.3364439],[89.3437683,50.2642445],[89.3672552,50.1819508],[89.5172112,50.1932128],[89.5858927,50.0820433],[89.6147145,49.9391823],[89.5935703,49.9122873],[89.7335532,49.9479314],[89.8827582,49.9529969],[90.0172992,49.9904665],[90.0023,50.0542],[90.1652129,50.1081636],[90.2852042,50.1109159],[90.3888877,50.1926407],[90.5807,50.2439],[90.7308,50.2434],[90.7064,50.3129],[90.903,50.4084],[91.0932,50.436],[91.16,50.4201],[91.2933,50.4696],[91.4094,50.4506],[91.4582,50.552],[91.6491,50.5885],[91.6489,50.6424],[91.8403,50.7353],[92.0717018,50.6958247],[92.270169,50.7293577],[92.3581,50.8851],[92.4587,50.79],[92.5793,50.7906],[92.5883,50.7259],[92.7272,50.7165],[92.7877,50.8056],[93.0089,50.7932],[93.0203,50.7132],[92.9594,50.6619],[93.0103,50.6062],[93.225,50.5898],[93.3974566,50.6345041],[93.7034139,50.5862228],[93.8561745,50.6010518],[94.2404069,50.58776],[94.3439322,50.4917354],[94.389113,50.2151191],[94.5220615,50.1726343],[94.6148431,50.0353979],[94.7606522,50.0549165],[94.9991642,50.0443101],[95.0815791,49.9629121],[95.4259162,49.9576412],[95.531028,49.8972854],[95.5722698,49.9442833],[95.7955507,49.9641339],[95.8441665,50.043625],[96.0174563,50.0033551],[96.2607079,49.9765846],[96.4171262,49.8768889],[96.5143355,49.9430519],[96.6005398,49.8772868],[96.7408797,49.9075723],[96.9988065,49.8883025],[97.0101282,49.8333643],[97.2311136,49.7429299],[97.4216235,49.7806963],[97.5805751,49.8584465],[97.5548377,49.9226236],[97.7804,49.9936],[97.8978,49.984],[98.0699,50.0359],[98.11,50.1313],[98.3081298,50.3232941],[98.2726581,50.4100375],[98.3272775,50.4742473],[98.2739913,50.5381346],[98.1463777,50.5750817],[98.008,50.6692],[97.9786,50.7841],[97.9980907,50.8761627],[97.8579936,50.9595889],[97.865774,51.0460036],[97.962,51.2758],[97.9535,51.3342],[98.0501,51.4502],[98.2241,51.4567],[98.2341,51.5476],[98.3785,51.7398],[98.5214,51.7784],[98.7643,51.8699],[98.8065,52.0255],[98.8615,52.1361],[98.9691966,52.1426389],[98.7424605,52.2903925],[98.6323867,52.42237],[98.8289863,52.5430925],[98.7871341,52.6058448],[98.9389088,52.6709582],[98.9498119,52.7871264],[98.8516289,52.8270118],[98.9355143,52.9372252],[99.1216716,52.8730672],[99.2307715,52.8679448],[99.2304397,52.963329],[98.999776,53.0274058],[99.0141521,53.1021839],[98.6658391,53.1537271],[98.637103,53.1012221],[98.3121096,53.0948273],[98.3154305,53.1863542],[98.1923731,53.2460063],[98.0028283,53.2495227],[97.8660659,53.3467041],[97.58953,53.3766879],[97.603163,53.425308],[97.4565613,53.4554648],[97.2977306,53.57986],[97.0099082,53.6530114],[96.8964171,53.7253954],[96.7423335,53.7267942],[96.6883296,53.6463366],[96.6277203,53.5569188],[96.4402781,53.5357611],[96.2411328,53.6194641],[96.232057,53.5171466],[95.9671272,53.4912811],[95.724491,53.5150354],[95.6480859,53.4547556],[95.439324,53.3996162],[95.2841321,53.4100593],[95.2128128,53.4681743],[95.0358688,53.3661207],[94.954593,53.404864],[94.7202904,53.3762929],[94.6183446,53.33111],[94.7165034,53.2407991],[94.6023286,53.1656388],[94.5832824,52.9965421],[94.4932315,52.8916667],[94.296925,52.898276],[94.1671661,52.8337754],[94.0935751,52.73854],[94.0931426,52.6762583],[93.9992052,52.6493109],[93.9433627,52.5661963],[93.7540817,52.427726],[93.7654454,52.3811365],[93.6870924,52.3163655],[93.658847,52.1994858],[93.4721626,52.1710227],[93.3377513,52.1280586],[93.1190359,51.9664843],[92.9576773,51.9157823],[92.8906116,51.84355],[92.6938328,51.8509032],[92.6447003,51.81216],[92.4809608,51.7907318],[92.2552097,51.8226563],[92.082001,51.7732877],[91.9140643,51.8245595],[91.8043994,51.8865792],[91.6350971,51.8794503],[91.5479421,51.9088973],[91.3553024,51.8914575],[91.1792108,51.9024042],[91.0723638,51.9518904],[90.8493428,51.9003845],[90.7144126,52.0902885],[90.6330286,52.0937252],[90.4867326,52.1958711]]]},"properties":{"shapeName":"Tuva","shapeISO":"RU-TY","shapeID":"28173009B55293521919285","shapeGroup":"RUS","shapeType":"ADM1"}},
{"type":"Feature","geometry":{"type":"Polygon","coordinates":[[[31.4831337,55.7186423],[31.6530023,55.7347982],[31.7767892,55.6989429],[31.8444098,55.7757181],[32.0340033,55.7661081],[32.0915037,55.6872791],[32.2486281,55.6696047],[32.4034015,55.6927048],[32.7650502,55.6786217],[32.8428001,55.6534213],[32.9880166,55.666816],[33.1172367,55.6364963],[33.1960366,55.7027922],[33.4871034,55.7607796],[33.6480694,55.8444846],[33.6718883,55.9542293],[33.8216516,55.9620737],[33.9155051,56.0670541],[34.0855314,56.0267888],[34.1582501,56.063054],[34.3221383,55.9945029],[34.3815485,56.0226778],[34.5232369,55.9391726],[34.6315004,55.9131831],[34.7450448,55.9778568],[34.8449996,55.9587379],[35.0651889,55.9808867],[35.1484955,55.9575013],[35.3047358,56.0583108],[35.2845501,56.1249956],[35.4420069,56.2391893],[35.4767701,56.3655626],[35.4190046,56.3960357],[35.5996847,56.4777774],[35.769391,56.3897676],[36.0735255,56.363181],[36.1265917,56.3995134],[36.7408072,56.546422],[36.8130779,56.5791033],[37.0588483,56.5312525],[37.148042,56.5876749],[37.1542957,56.6905627],[37.1016405,56.7686119],[37.4429267,56.7965343],[37.54146,56.8526736],[37.5482181,56.9184464],[37.7581847,56.949991],[37.7984616,56.9088192],[37.9793752,56.8668954],[37.9927099,56.7673216],[38.1038361,56.7597247],[38.2442987,56.7934634],[38.108268,56.87657],[38.1941995,56.9025335],[38.2581814,57.0421342],[38.2428018,57.1173065],[38.1497269,57.225286],[38.3134268,57.2599137],[38.2747475,57.3679988],[38.1164879,57.331665],[38.0167971,57.3362861],[37.8046768,57.4478527],[37.8533561,57.5882183],[37.637172,57.6681597],[37.6491681,57.7030034],[37.3799674,57.837475],[37.4075515,57.939816],[37.6052252,58.0770297],[37.5828353,58.1618916],[37.4376189,58.1877781],[37.4351021,58.2760025],[37.3686056,58.3384329],[37.624237,58.4204566],[37.6280474,58.4830954],[37.4139735,58.5834688],[37.3648949,58.646456],[37.2026695,58.7475822],[37.1832203,58.8263266],[37.0709593,58.8631393],[36.7819568,58.800159],[36.8291932,58.7421068],[36.6564285,58.6941453],[36.6282298,58.620638],[36.5303192,58.6004611],[36.503051,58.5154785],[36.1816824,58.5116496],[35.9048245,58.4346827],[35.7327413,58.4340814],[35.6448817,58.4601697],[35.4706565,58.4099947],[35.3039366,58.4097689],[35.2571675,58.2741991],[35.0508879,58.1946154],[34.821427,58.2311771],[34.7366031,58.1721417],[34.7214947,58.0903025],[34.6459924,58.078059],[34.4651138,58.155906],[34.2233951,58.1872715],[34.1707654,58.2128455],[33.8153067,58.1391524],[33.6967984,58.1525356],[33.5285636,58.0584089],[33.6845553,58.0002821],[33.6840063,57.9056011],[33.5473517,57.8511639],[33.5692415,57.7134179],[33.4208621,57.7022684],[33.3010098,57.6291887],[33.231411,57.5353698],[33.2640333,57.4219199],[33.0783503,57.4661131],[32.7069194,57.4340253],[32.6316785,57.3348588],[32.5476214,57.3244537],[32.3272715,57.2257177],[32.1559239,57.1844184],[31.9063319,57.086242],[31.7252517,57.0920289],[31.6398078,56.9920084],[31.3961943,56.9093961],[31.2413065,56.951509],[31.1009482,56.930977],[30.9787568,56.9698974],[30.9759623,56.9117924],[30.7513731,56.7745395],[30.8878596,56.6451716],[31.0645592,56.6211354],[31.0124029,56.4929609],[31.2296981,56.4084263],[31.2282851,56.3417565],[31.4669165,56.2584923],[31.4493941,56.1333853],[31.5080086,56.0549073],[31.3502653,55.9427009],[31.416307,55.8909431],[31.4067705,55.8059502],[31.4831337,55.7186423]]]},"properties":{"shapeName":"Tver Oblast","shapeISO":"RU-TVE","shapeID":"28173009B63182593849600","shapeGroup":"RUS","shapeType":"ADM1"}},
{"type":"Feature","geometry":{"type":"Polygon","coordinates":[[[51.4440082,56.1273758],[51.64364,56.1223863],[51.3975445,56.0319094],[51.4174254,55.9602418],[51.8129609,55.927019],[52.0552774,55.9489049],[52.2343115,55.9483452],[52.2065274,56.0202734],[52.319793,56.0726176],[52.4579493,56.0821738],[52.5586778,56.0354691],[52.7358922,56.006141],[52.8111046,56.0827117],[52.8383064,56.1902438],[52.7376289,56.2212474],[52.5841011,56.2222582],[52.7779682,56.3978328],[52.9240809,56.4007959],[52.9831414,56.5345861],[53.0988249,56.5008693],[53.0064631,56.4291841],[52.9687396,56.2798934],[52.9998663,56.1775523],[53.0641477,56.1298083],[53.3328297,56.0621063],[53.3703409,56.1024242],[53.306748,56.2503581],[53.4471157,56.2711956],[53.5753319,56.2369808],[53.5680523,56.1257314],[53.4556504,56.0832356],[53.4516071,56.0185959],[53.2000025,55.9260132],[53.2406185,55.8721666],[53.3480525,55.8553032],[53.6974777,55.9255983],[53.8181919,55.972239],[53.8453601,56.044852],[54.0357823,56.0220814],[54.0879202,56.1083299],[54.1995402,56.2008647],[54.3978011,56.2644097],[54.377579,56.3787016],[54.328795,56.4828947],[54.2440863,56.4581653],[54.0509518,56.6035793],[53.8410198,56.5967205],[53.8849682,56.6625326],[53.7940682,56.7991103],[53.8791145,56.8085057],[53.9769561,56.7512553],[54.0612749,56.7782507],[54.147327,56.9165727],[54.2282865,56.9916371],[54.3414313,56.9732185],[54.436131,57.0310043],[54.3138033,57.0799187],[54.3478412,57.1584113],[54.311169,57.3060434],[54.1422728,57.3165309],[54.1549161,57.4010673],[54.2924748,57.4325295],[54.143876,57.4839475],[53.9923345,57.5882108],[54.0560548,57.6805838],[54.1483495,57.7071614],[54.1364685,57.9579789],[53.9899368,58.0697129],[53.8812993,58.2001161],[53.7854626,58.2366074],[53.8866803,58.31436],[53.7725752,58.4206437],[53.7855993,58.4555384],[53.6209226,58.4742556],[53.3736509,58.3842816],[53.2136919,58.4013614],[53.1795088,58.5006874],[52.892691,58.5336182],[52.8430745,58.3928789],[52.3278577,58.4358071],[52.1699908,58.4885538],[51.9647054,58.4530881],[51.855233,58.3741055],[51.8177997,58.2849187],[51.7227803,58.2502841],[51.6870707,58.1767064],[51.7994777,58.121359],[51.8976838,58.0123137],[51.8246336,57.9138839],[51.9542489,57.7668644],[51.8831044,57.6975404],[51.8323071,57.5714146],[51.5301135,57.4582632],[51.4004219,57.4682121],[51.1652542,57.4407617],[51.1241646,57.2432772],[51.208393,57.2000636],[51.2198297,57.0860254],[51.3121296,57.0193933],[51.3452933,56.9423661],[51.5198551,56.8833219],[51.4834147,56.7990731],[51.3913728,56.7665667],[51.3932016,56.6668951],[51.1804232,56.6846373],[51.1375595,56.5292419],[51.1973504,56.4339244],[51.4037909,56.286327],[51.391023,56.2324785],[51.4440082,56.1273758]]]},"properties":{"shapeName":"Udmurtia","shapeISO":"RU-UD","shapeID":"28173009B34434912986355","shapeGroup":"RUS","shapeType":"ADM1"}},
{"type":"Feature","geometry":{"type":"Polygon","coordinates":[[[37.2687091,54.8418015],[37.1655448,54.8665854],[37.1929945,54.9232556],[37.0958678,55.0324086],[37.1171475,55.0933516],[37.0456319,55.1421745],[36.9372397,55.2413907],[36.814461,55.1941061],[36.6967066,55.2617681],[36.5351953,55.3070732],[36.4089683,55.3010053],[36.3280464,55.2159136],[36.1392558,55.1741348],[35.9588793,55.2417997],[35.8428331,55.2323148],[35.7411561,55.2955777],[35.4462712,55.2290131],[35.3342215,55.271752],[35.273302,55.1190384],[35.0326136,54.9414137],[34.8668012,54.8888825],[34.9067194,54.7677402],[34.7897114,54.707565],[34.6276894,54.6608812],[34.5116304,54.6776706],[34.5206895,54.598645],[34.444682,54.5166374],[34.1815837,54.520074],[33.9854675,54.5799223],[33.7606964,54.5648768],[33.6342315,54.4774135],[33.6291577,54.3708768],[33.6887519,54.3223222],[33.6041887,54.2424084],[33.6294456,54.187207],[33.5728626,54.1239014],[33.4542879,54.0829683],[33.5071262,54.0162959],[33.7091505,54.0245652],[33.8192588,53.9848273],[33.8062203,53.8963904],[34.0457027,53.8621203],[34.2011817,53.9121524],[34.3692006,53.7321432],[34.4973373,53.6721546],[34.5197125,53.5008434],[34.6442514,53.3813955],[34.9625529,53.3763928],[35.1410996,53.2791226],[35.3835638,53.3373935],[35.3841617,53.397573],[35.5417548,53.4443767],[35.6296666,53.5415863],[35.7949638,53.5247601],[35.8225181,53.5876468],[35.9091121,53.6406502],[35.9911887,53.6262728],[36.0740036,53.6818608],[35.9574068,53.7195611],[35.9835551,53.9081472],[36.2171286,54.0891483],[36.2419248,54.2155325],[36.3948799,54.224235],[36.5450613,54.2797199],[36.8124489,54.2718299],[36.9668461,54.2916582],[36.9311418,54.3429833],[36.9720748,54.4293659],[36.8762924,54.4472359],[36.9057935,54.5612439],[36.9824157,54.60535],[37.141602,54.567225],[37.2453161,54.7121035],[37.2300217,54.8057914],[37.2687091,54.8418015]]]},"properties":{"shapeName":"Kaluga Oblast","shapeISO":"RU-KLU","shapeID":"28173009B99237675212372","shapeGroup":"RUS","shapeType":"ADM1"}},
{"type":"Feature","geometry":{"type":"Polygon","coordinates":[[[37.8664693,53.0122167],[37.8319047,52.9496278],[37.8912589,52.7404892],[37.8103315,52.7081818],[37.8242767,52.6320336],[37.7751827,52.5895697],[37.8029048,52.5139033],[37.9340625,52.4676851],[37.8908968,52.4282653],[38.0580293,52.2974421],[37.8511209,52.2132559],[37.8009717,52.1692463],[37.7380345,52.0190843],[37.8217243,51.9757344],[37.8679126,51.9008852],[38.0504067,51.8876682],[38.1114619,51.9248975],[38.2419501,51.9228971],[38.2926106,51.9659404],[38.3996189,51.9874854],[38.5555474,52.0555312],[38.7417642,52.0416918],[38.877206,52.0965504],[39.0150115,51.9848125],[39.0868805,52.0343557],[39.2994071,52.1030461],[39.4731718,52.0735494],[39.5031507,51.9741256],[39.840761,51.9210766],[39.9287582,51.9703636],[40.0424667,51.9522193],[40.1271229,51.9855836],[40.3093609,51.9445195],[40.3540185,51.965474],[40.5341401,51.9456923],[40.6114466,52.0325151],[40.6048658,52.0969081],[40.6963044,52.2297316],[40.5722582,52.2776702],[40.5127909,52.3549027],[40.2933635,52.3919637],[40.2963167,52.4412965],[39.9766778,52.5968023],[39.9292547,52.7202461],[40.0832708,52.7545943],[40.0957512,52.8794691],[40.0371737,52.8940456],[40.155331,53.0462375],[40.0969813,53.2757277],[40.1706936,53.3126215],[40.1427353,53.3812343],[39.9899189,53.4039632],[39.9331575,53.5136172],[39.7452047,53.5828362],[39.595049,53.5306412],[39.5585535,53.4402377],[39.3566282,53.3944588],[39.1890404,53.3935882],[39.0539995,53.5792271],[38.9375218,53.5741746],[38.7229179,53.5291442],[38.7637548,53.3575287],[38.5479052,53.3275958],[38.5775602,53.1884617],[38.6710489,53.1295685],[38.5624281,52.9956358],[38.4921935,53.0364989],[38.3706544,52.9899554],[38.230784,52.9945093],[38.1222778,53.0544372],[37.9250366,53.055766],[37.8664693,53.0122167]]]},"properties":{"shapeName":"Lipetsk Oblast","shapeISO":"RU-LIP","shapeID":"28173009B5502896824563","shapeGroup":"RUS","shapeType":"ADM1"}},
{"type":"Feature","geometry":{"type":"Polygon","coordinates":[[[144.7364197,62.0454828],[144.9878214,62.0519193],[145.0524805,61.9968427],[145.2108034,61.9641447],[145.29382,62.0027353],[145.5385883,61.9498582],[145.6527308,61.9938421],[145.6678614,62.0461898],[145.9654182,62.0044941],[146.3476967,61.8414452],[146.3891282,61.743088],[146.572679,61.6502758],[146.5809093,61.5317226],[146.7397525,61.4686054],[146.6998899,61.302982],[146.7574825,61.2098571],[146.7533607,61.0945101],[146.705414,60.9493641],[146.5032747,60.9409814],[146.52209,60.8679428],[146.4503511,60.7567712],[146.4440248,60.671125],[146.3212914,60.662591],[146.063997,60.7088281],[145.9309393,60.6191036],[145.7136085,60.5949776],[145.6550898,60.5288346],[145.5288512,60.4948295],[145.574393,60.3355584],[145.6369639,60.2648458],[145.8574111,60.1702718],[145.9789025,60.2024915],[146.2173136,60.208566],[146.3723866,60.2505872],[146.4846312,60.1927645],[146.5004422,60.1233499],[146.6891123,60.0872943],[146.7021387,59.9715536],[146.8007701,59.9050548],[146.9422268,59.9518586],[147.0392704,59.947898],[147.1182617,59.8861985],[147.2167891,59.7353255],[147.1292266,59.6970111],[147.1739933,59.6460622],[147.1025509,59.4703457],[147.1097053,59.4089208],[146.9416411,59.3683841],[147.2509396,59.3352994],[147.4804014,59.2458007],[147.8782349,59.3852993],[148.2023375,59.4092009],[148.3961422,59.3791212],[148.4693539,59.2468084],[148.5781511,59.239698],[148.8439525,59.279998],[148.7178014,59.379799],[148.7121024,59.4537483],[148.8488347,59.5419652],[148.9318368,59.4526003],[149.1748722,59.4819414],[149.0757605,59.6297049],[149.3401181,59.7200241],[149.5470399,59.7575782],[149.7902829,59.7395468],[150.1355503,59.6597494],[150.3291381,59.6436075],[150.6024757,59.5404229],[150.7723145,59.5632836],[150.7504586,59.4340536],[150.9116585,59.4451011],[150.9599023,59.4827153],[150.891775,59.5497523],[151.0597001,59.5825867],[151.2612423,59.5629493],[151.4085345,59.6053393],[151.5204078,59.5054704],[151.6300568,59.4799577],[151.7675948,59.341748],[152.0095023,59.2640743],[152.1405159,59.3047524],[152.3221384,59.2296054],[152.1098945,59.1491986],[151.7544205,59.1290504],[151.4326735,59.1636466],[151.3182312,59.1051021],[151.1823665,59.0848328],[151.2657185,58.9356498],[151.3625823,58.8562717],[151.6292322,58.8477285],[151.8449802,58.8805746],[152.0716875,58.888654],[152.1437479,58.9741317],[152.2946721,59.0115151],[152.5158146,58.9891111],[152.5480476,58.9513464],[152.7341499,58.9073268],[152.8914164,58.9172655],[153.0144475,59.0663784],[153.322584,59.0871308],[153.3743998,59.2326242],[153.5868687,59.2154588],[153.8387064,59.1683333],[153.9433525,59.0696023],[154.0996985,59.0644419],[154.2888761,59.0857375],[154.3328597,59.1938268],[154.5027028,59.2211564],[154.7042533,59.1427916],[154.79517,59.1853848],[155.1675867,59.1926987],[155.1553654,59.2917275],[155.2100088,59.3471376],[155.0873739,59.3908895],[155.0127191,59.4776976],[154.7927666,59.4639914],[154.6461787,59.5421515],[154.2936835,59.4373913],[154.1709253,59.4480968],[154.077728,59.5043634],[154.2141217,59.600943],[154.2581214,59.6878267],[154.2158624,59.783926],[154.2457333,59.889976],[154.4285463,59.9028147],[154.4733018,59.9668663],[154.4109229,60.0665993],[154.5839321,60.105197],[154.958369,60.3651458],[155.1479507,60.4140435],[155.2419536,60.4862198],[155.4582256,60.533226],[155.4881471,60.5811862],[155.7236564,60.6557074],[155.9191453,60.7522146],[155.9033483,60.8060724],[155.9587412,60.9234163],[156.1129142,61.0181642],[156.3808473,61.1509962],[156.6227012,61.2075651],[156.6228197,61.3718265],[156.6883296,61.5277659],[156.8264824,61.5194781],[156.9475391,61.5606614],[157.0340065,61.6477134],[157.2515086,61.6932739],[157.4695399,61.7842944],[157.8126673,61.7824268],[158.0415156,61.7287287],[158.2499996,61.8221167],[158.7037411,61.8376594],[158.8048234,61.8157102],[158.97219,61.9217303],[159.1566516,61.9216202],[159.3656631,61.887593],[159.4138621,61.7890836],[159.5253679,61.7646178],[159.5324012,61.6786138],[159.8626351,61.7046576],[159.9291982,61.7315995],[160.0306599,61.8460132],[160.298347,61.9404661],[160.3907347,61.8732231],[160.4100406,61.7613886],[160.2715469,61.6947495],[160.2779978,61.5599788],[160.110741,61.4997075],[160.1070409,61.4421986],[159.9337766,61.2937759],[160.0031776,61.101624],[159.8390447,60.9724975],[159.9314311,60.944894],[160.1922348,61.0398248],[160.3610154,61.0381013],[160.3731923,60.9658114],[160.2460257,60.8506099],[160.2517492,60.7353972],[160.1599502,60.6463982],[160.2841646,60.6112272],[160.4040528,60.7042023],[160.6574306,60.7511937],[160.7897578,60.7287839],[160.9100538,60.8973322],[161.1761104,60.9893402],[161.3089714,61.0577253],[161.3979484,61.1559254],[161.5620439,61.184784],[161.6680375,61.2811661],[161.7825689,61.3007043],[161.9166742,61.3771792],[162.2234585,61.516152],[162.2223938,61.5460839],[162.4659339,61.6648445],[162.4671637,61.803877],[162.2983407,61.9442275],[162.4914303,61.9549959],[162.5244722,62.0832153],[162.1680108,62.1491845],[162.4042505,62.239548],[162.6904017,62.2528612],[162.7862347,62.3117851],[162.7813842,62.4509641],[162.6811902,62.5712773],[162.8274295,62.6611701],[162.6585915,62.6977284],[162.5645587,62.8302128],[162.2795585,62.9033284],[162.3043714,63.0645296],[162.7559445,63.1660049],[162.7492163,63.3850406],[162.9710385,63.4803691],[162.9960491,63.6244085],[162.9020077,63.6438534],[162.8567783,63.7229173],[162.7436902,63.7423625],[162.723658,63.819938],[162.8434959,63.8492995],[162.9542109,63.9229048],[162.8234832,64.0086622],[162.8018886,64.1033812],[162.8673959,64.1626818],[162.9906779,64.185611],[163.1797474,64.1573111],[163.2727627,64.3012844],[163.3407262,64.2992393],[163.4144516,64.445768],[163.1975377,64.5344304],[163.1773606,64.6190654],[163.2648238,64.6933387],[162.9619,64.6568306],[162.7524805,64.6621859],[162.6501067,64.7409798],[162.4223036,64.7620938],[162.3189794,64.7436611],[161.8481135,64.8246414],[161.7543629,64.9108683],[161.7180851,65.0030012],[161.5183937,65.0500716],[161.3177042,65.1484907],[161.0187899,65.1784266],[160.8682875,65.1433442],[160.6747253,65.1492939],[160.5122882,65.2034104],[160.3281517,65.3214529],[160.2088264,65.3621889],[160.2409447,65.4329527],[160.0926818,65.5022327],[159.8055618,65.5364301],[159.7101225,65.5816257],[158.9518409,65.7272298],[158.8982301,65.8138525],[159.0281808,65.9877878],[159.260315,66.1641002],[159.2155221,66.2162326],[158.9015938,66.2650986],[158.7231004,66.3159943],[158.5434444,66.3352353],[158.4322566,66.2033702],[158.5006968,66.0935023],[158.2877093,66.1007228],[158.1882912,66.1426034],[157.7449364,66.0994588],[157.621411,66.0226846],[157.444713,66.0002414],[157.4587041,65.9366256],[157.3351585,65.8918272],[157.083926,65.9146006],[156.9673652,65.9604567],[157.0025199,66.0125566],[156.7665671,66.1224558],[156.6442727,66.148031],[156.4270205,66.0382719],[156.3461481,66.061141],[155.9484706,66.0677569],[155.8129296,66.1473781],[155.6590157,66.1219528],[155.3723764,66.1295884],[155.2626796,66.1814039],[154.946317,66.1105839],[154.8016738,66.1749062],[154.5859518,66.2179855],[154.3944927,66.1828483],[154.3649563,66.1033992],[154.4156575,65.9501509],[154.2668415,65.8063281],[153.9566732,65.8730488],[153.7547273,65.8708521],[153.5321837,65.8103029],[153.4837063,65.7479717],[153.5770823,65.6898427],[153.442342,65.48533],[153.5882857,65.3996663],[153.5005334,65.3457365],[153.1900353,65.295752],[153.1834749,65.2702398],[152.7978211,65.2068309],[152.6614704,65.1684827],[152.6302237,65.0605082],[152.5193136,64.9766294],[152.5859152,64.8112923],[152.8080071,64.7431322],[152.8472834,64.7013926],[152.7270618,64.6231757],[152.3589145,64.5082497],[152.447419,64.3955318],[152.1421532,64.3789885],[152.0477624,64.4679234],[151.8136344,64.4700633],[151.4968738,64.4258124],[151.3716968,64.366406],[150.9939559,64.3329851],[150.6395904,64.3377412],[150.6753309,64.2679976],[150.6424284,64.1700134],[150.2336319,64.2132029],[150.0167709,64.350929],[150.1411646,64.4649668],[149.8712632,64.5623698],[149.5806374,64.4704639],[149.4747485,64.4040785],[149.3394921,64.3767547],[149.0411354,64.4314749],[148.7087233,64.4022031],[148.5557132,64.4503643],[148.5011986,64.5098103],[148.327615,64.5280792],[148.2249114,64.4422302],[148.0947252,64.4277042],[148.0722535,64.3489378],[148.313133,64.2228933],[148.1596924,64.1025039],[148.1160967,64.0149894],[148.0183431,63.9361357],[147.7850773,63.9544597],[147.8046444,63.9952126],[147.6532485,64.0350446],[147.7327595,64.1151841],[147.6415321,64.1783422],[147.4017535,64.1295722],[147.3589478,64.055362],[147.2548444,64.0267088],[147.0120517,64.1334244],[146.6856685,64.1526999],[146.5427092,64.1893556],[146.368627,64.1858811],[146.3334877,64.0700999],[146.2203122,64.0044678],[146.1656837,63.927209],[145.5859992,63.8280358],[145.6456246,63.786216],[145.675889,63.6735286],[145.4683036,63.5263033],[145.4404576,63.3786985],[145.2578624,63.2428751],[145.2495105,63.1610062],[145.4095154,62.8666726],[145.3530524,62.7466965],[145.4295932,62.7071291],[145.4374152,62.5308711],[145.2802019,62.5244836],[145.1475374,62.4756885],[145.2020169,62.2989568],[144.9916615,62.1680608],[144.7365254,62.0954088],[144.7364197,62.0454828]]]},"properties":{"shapeName":"Magadan Oblast","shapeISO":"RU-MAG","shapeID":"28173009B2185273376578","shapeGroup":"RUS","shapeType":"ADM1"}},
{"type":"Feature","geometry":{"type":"Polygon","coordinates":[[[45.8136335,53.9757159],[46.0610862,53.9791448],[46.1852938,53.9119988],[46.1727202,53.7967353],[46.2793742,53.7903021],[46.3764811,53.670359],[46.4445181,53.6503032],[46.4506972,53.5395615],[46.5042894,53.4811053],[46.6497528,53.4687747],[46.7918338,53.3726778],[46.9081633,53.3626054],[46.8641727,53.1777127],[46.9295285,53.170762],[46.9179142,52.920403],[46.970915,52.8096716],[46.9401434,52.7219637],[46.7996855,52.6697628],[46.8010702,52.6208276],[46.9807631,52.6377204],[46.9861329,52.5860561],[47.1326317,52.5856359],[47.2065746,52.5475067],[47.5403054,52.6104966],[47.722508,52.5682894],[47.8124106,52.7363388],[47.8971016,52.7245959],[47.9337412,52.6465792],[48.0637983,52.6759763],[48.1147736,52.7954014],[48.1970225,52.7686027],[48.4286324,52.8144069],[48.5798166,52.8644305],[48.5228265,52.9494448],[48.359834,52.9573242],[48.3637754,53.0553589],[48.2491915,53.0656203],[48.1117787,53.204457],[48.1480099,53.2437586],[47.9439296,53.3339911],[47.9351961,53.3668612],[48.0985371,53.4858037],[48.3693885,53.4738506],[48.4065076,53.563752],[48.3683684,53.6428281],[48.484647,53.6443974],[48.5170218,53.7345787],[48.6695172,53.7053108],[48.7821864,53.73168],[48.9948077,53.706596],[48.9956093,53.8749451],[49.3116129,53.87249],[49.7032785,53.8301934],[50.0226972,53.8182945],[50.0372747,53.8802855],[49.92765,53.889398],[50.1139993,54.019708],[50.2235279,54.069159],[50.1986838,54.1343018],[50.242466,54.2839199],[50.103772,54.4237065],[50.0924594,54.5065998],[49.686127,54.5775998],[49.5587293,54.5647709],[49.551035,54.6680609],[49.4797294,54.6885621],[49.4760724,54.778521],[49.2836379,54.8889341],[49.1206002,54.7981792],[48.8817796,54.7960204],[48.8817414,54.625206],[48.4651534,54.6252108],[48.2806832,54.6634256],[48.211251,54.7235696],[48.0980012,54.7385634],[47.9034658,54.6963972],[47.717752,54.7350285],[47.6166411,54.5575939],[47.5393428,54.530415],[47.3555895,54.6273954],[47.2908087,54.6742674],[47.2678667,54.6734858],[46.9686018,54.6800543],[46.8000857,54.6381937],[46.6584356,54.6731002],[46.4430232,54.7616591],[46.4217256,54.6883012],[46.5249537,54.6552023],[46.5358833,54.3991427],[46.7230155,54.4001161],[46.6845181,54.3043363],[46.3858495,54.2335833],[46.3427551,54.191543],[46.0642328,54.1708563],[45.8973705,54.0635238],[45.8136335,53.9757159]]]},"properties":{"shapeName":"Ulyanovsk Oblast","shapeISO":"RU-ULY","shapeID":"28173009B42697300509311","shapeGroup":"RUS","shapeType":"ADM1"}},
{"type":"Feature","geometry":{"type":"Polygon","coordinates":[[[41.7927633,55.10142],[41.8605275,55.2411095],[41.9725209,55.2866048],[42.0166677,55.3774387],[42.1668709,55.4439947],[42.0942653,55.4887519],[42.0641765,55.6122436],[42.1366646,55.6817531],[42.2957243,55.7731727],[42.393333,55.788542],[42.5038524,55.8783586],[42.7142825,55.9894628],[42.7023709,56.1011161],[42.9669189,56.1454623],[42.8187633,56.189275],[42.7611224,56.2474022],[42.773942,56.3317891],[42.6141822,56.4067341],[42.3915122,56.4483482],[42.2184686,56.4404814],[42.1173319,56.3685408],[41.9794375,56.3735747],[41.9485421,56.4815856],[41.677381,56.4965796],[41.032232,56.4903775],[40.8889443,56.5142804],[40.7672337,56.594363],[40.4906011,56.5836981],[40.4584371,56.5349351],[40.2674137,56.4880618],[40.2255101,56.4398189],[40.102725,56.4802229],[39.9493044,56.4668879],[39.9517692,56.5222706],[39.862355,56.5945352],[39.896586,56.7066578],[39.8470448,56.7631075],[39.6666027,56.8033545],[39.4916692,56.7472131],[39.4020479,56.7710162],[39.3365395,56.7397533],[39.332853,56.5955854],[39.2656875,56.5397517],[39.1186077,56.5778673],[38.9301653,56.543006],[38.8101735,56.5956712],[38.6317078,56.5828661],[38.413349,56.678882],[38.3181307,56.658578],[38.3587511,56.5732704],[38.2984363,56.4949604],[38.4008026,56.4539146],[38.4463183,56.3864841],[38.3982421,56.271487],[38.5864386,56.0535462],[38.611132,55.9769048],[38.7314302,55.9798749],[38.8257265,55.9287333],[39.0006818,55.9424111],[39.0751246,55.8687463],[39.2803726,55.850979],[39.3210723,55.8028116],[39.4700788,55.7735567],[39.6607636,55.7953936],[39.7321047,55.8423529],[39.8891021,55.8331955],[39.8864814,55.7609851],[40.0931635,55.6076894],[40.0488709,55.5264979],[40.1575354,55.5271377],[40.1413046,55.4507267],[40.1909226,55.3650073],[40.3580682,55.289607],[40.5271953,55.3023474],[40.6129549,55.2177744],[40.9031384,55.2376511],[41.0020913,55.2718809],[41.0595259,55.206549],[41.2944163,55.2336963],[41.4419717,55.1444621],[41.5372402,55.172984],[41.6572198,55.1120514],[41.7927633,55.10142]]]},"properties":{"shapeName":"Vladimir Oblast","shapeISO":"RU-VLA","shapeID":"28173009B91128253561055","shapeGroup":"RUS","shapeType":"ADM1"}},
{"type":"Feature","geometry":{"type":"Polygon","coordinates":[[[47.0721637,60.8444806],[46.8204439,60.8815628],[46.8236771,60.9631258],[46.3128211,60.9958486],[46.2995236,60.9687421],[45.7594135,61.0112187],[45.8090082,61.1615338],[45.3384055,61.1951177],[45.2511365,60.8940405],[44.9250305,60.9107854],[44.1598025,60.9650345],[44.180954,61.0614927],[43.7829489,61.0371818],[43.7349468,60.8810554],[43.544626,60.8579098],[43.5237345,60.7663757],[43.1351428,60.8092006],[42.9949785,60.7298914],[42.9196916,60.8136875],[42.658296,60.8879468],[42.5663344,60.8194677],[42.3760921,60.7683892],[42.1736894,60.7862588],[42.1115983,60.835738],[41.9564212,60.8469614],[41.9438097,60.9052493],[41.7685152,60.8733824],[41.5091093,60.8952254],[41.4246612,60.8180249],[41.3424618,60.6875446],[41.1408311,60.6358162],[41.0851314,60.6660387],[40.7851379,60.7153413],[40.7210597,60.7806229],[40.5748683,60.7196556],[40.4535386,60.7773373],[40.333945,60.6990998],[40.1859379,60.6713781],[39.8856037,60.6539301],[39.7588749,60.7411875],[39.3399872,60.6897336],[39.214777,60.722377],[39.143225,60.6799408],[38.8741141,60.7665828],[38.8072835,60.7084909],[38.6199587,60.7163616],[38.5867278,60.7976756],[38.4049459,60.8067274],[38.3922987,60.892972],[38.2179497,60.9310507],[38.2113777,61.063861],[38.1236487,61.1605075],[37.8729078,61.2904871],[37.8238882,61.4004395],[37.8167399,61.5298114],[37.7056442,61.5397142],[37.3046105,61.5101189],[37.0299721,61.6142319],[36.8837833,61.5625203],[36.584329,61.5394596],[36.4593389,61.4071577],[36.4461752,61.3281953],[36.352783,61.2521752],[36.4273086,61.2039624],[36.3979616,61.146777],[36.2043214,61.0715358],[36.1086634,61.0843521],[36.0052352,60.9612234],[35.8124905,60.9402315],[35.6236374,60.8940681],[35.5261669,60.9206332],[35.4616781,60.8569363],[35.2419531,60.8343389],[35.1755413,60.7700717],[35.2987609,60.6014393],[35.2379843,60.2913906],[35.1626278,60.2560323],[35.1555019,60.1519273],[35.3213866,59.9808019],[35.4463858,59.9775933],[35.3750267,59.8579005],[35.4073514,59.7194252],[35.4946596,59.6519007],[35.4936867,59.5357015],[35.3163168,59.5202749],[35.4316029,59.4272798],[35.3929711,59.380897],[35.1769576,59.261219],[34.8633051,59.215629],[34.8345926,59.1272535],[34.7223626,59.0848519],[34.8649221,59.0555146],[34.8682924,58.9905945],[34.9622712,58.9482699],[35.1788602,58.9488188],[35.1319414,58.8683169],[35.2786601,58.7863327],[35.4093862,58.84934],[35.5792604,58.8103159],[35.7449925,58.8221298],[35.7832029,58.7536981],[35.8996065,58.7554145],[36.1069495,58.7164848],[36.2230943,58.5757432],[36.1816824,58.5116496],[36.503051,58.5154785],[36.5303192,58.6004611],[36.6282298,58.620638],[36.6564285,58.6941453],[36.8291932,58.7421068],[36.7819568,58.800159],[37.0709593,58.8631393],[37.1832203,58.8263266],[37.2026695,58.7475822],[37.3648949,58.646456],[37.4139735,58.5834688],[37.6280474,58.4830954],[37.6942583,58.5233217],[37.7121462,58.6256771],[37.8983611,58.6152461],[37.9834815,58.7071152],[38.0645543,58.730111],[38.412961,58.726816],[38.5572912,58.7728275],[38.6738807,58.7455923],[38.9232629,58.7333315],[38.9410131,58.8055711],[39.017627,58.8491974],[38.9441779,58.9074224],[39.1241245,58.9509897],[39.2348807,58.9153342],[39.7823517,58.8379686],[39.8709576,58.7524058],[40.0144329,58.7359678],[40.0883027,58.5951981],[40.1858729,58.5551344],[40.4421592,58.537225],[40.608548,58.5854113],[40.7825567,58.5941028],[40.9300717,58.5763356],[41.0522037,58.6067719],[41.2300566,58.7410445],[41.1558851,58.8030865],[41.2588102,58.8381784],[41.1757432,58.9335539],[41.268229,58.9920019],[41.3490271,58.9519442],[41.5252116,59.0412723],[41.7144203,59.0849444],[42.0013366,59.1047317],[42.0903393,59.1559197],[42.0986631,59.2498199],[41.9513543,59.2611453],[41.986462,59.3929004],[42.0348625,59.4295489],[42.216254,59.4084831],[42.2027667,59.3275476],[42.3483884,59.3046294],[42.636381,59.3281847],[42.6923988,59.2235034],[42.7920814,59.1739958],[43.1752058,59.2630049],[43.2842262,59.2430211],[43.4206936,59.2913023],[43.6108971,59.1898009],[43.6926174,59.2591497],[44.0906779,59.2340881],[44.1902208,59.1701201],[45.0396438,59.1218125],[45.0562626,59.1982976],[45.3338961,59.1838839],[45.3404683,59.2160421],[45.9790284,59.1716485],[46.020292,59.3239468],[46.1657655,59.353715],[46.368871,59.3424842],[46.4089108,59.6186453],[46.78983,59.5930865],[46.7971597,59.6236037],[47.1178224,59.5989686],[47.1528776,59.7522331],[46.9223493,59.7654974],[47.0347724,60.1263806],[46.8908201,60.0757953],[46.7608796,60.0619867],[46.5885219,60.0803516],[46.3779758,60.1320925],[46.3296264,60.2147662],[46.4215442,60.2644385],[46.6359846,60.2627003],[46.7630253,60.2336791],[46.8163414,60.2974479],[46.7584567,60.3647805],[46.8717273,60.4142044],[46.8738358,60.513505],[46.9526118,60.535232],[47.0131406,60.6245411],[47.0721637,60.8444806]]]},"properties":{"shapeName":"Vologda Oblast","shapeISO":"RU-VLG","shapeID":"28173009B96664025860642","shapeGroup":"RUS","shapeType":"ADM1"}},
{"type":"Feature","geometry":{"type":"Polygon","coordinates":[[[40.9300717,58.5763356],[40.7825567,58.5941028],[40.608548,58.5854113],[40.4421592,58.537225],[40.1858729,58.5551344],[40.0883027,58.5951981],[40.0144329,58.7359678],[39.8709576,58.7524058],[39.7823517,58.8379686],[39.2348807,58.9153342],[39.1241245,58.9509897],[38.9441779,58.9074224],[39.017627,58.8491974],[38.9410131,58.8055711],[38.9232629,58.7333315],[38.6738807,58.7455923],[38.5572912,58.7728275],[38.412961,58.726816],[38.0645543,58.730111],[37.9834815,58.7071152],[37.8983611,58.6152461],[37.7121462,58.6256771],[37.6942583,58.5233217],[37.6280474,58.4830954],[37.624237,58.4204566],[37.3686056,58.3384329],[37.4351021,58.2760025],[37.4376189,58.1877781],[37.5828353,58.1618916],[37.6052252,58.0770297],[37.4075515,57.939816],[37.3799674,57.837475],[37.6491681,57.7030034],[37.637172,57.6681597],[37.8533561,57.5882183],[37.8046768,57.4478527],[38.0167971,57.3362861],[38.1164879,57.331665],[38.2747475,57.3679988],[38.3134268,57.2599137],[38.1497269,57.225286],[38.2428018,57.1173065],[38.2581814,57.0421342],[38.1941995,56.9025335],[38.108268,56.87657],[38.2442987,56.7934634],[38.3043538,56.7599757],[38.3181307,56.658578],[38.413349,56.678882],[38.6317078,56.5828661],[38.8101735,56.5956712],[38.9301653,56.543006],[39.1186077,56.5778673],[39.2656875,56.5397517],[39.332853,56.5955854],[39.3365395,56.7397533],[39.4020479,56.7710162],[39.3740366,56.8199614],[39.4373805,56.9015941],[39.5534212,56.9599244],[39.5627688,57.0350097],[39.7383823,57.0835058],[39.8459118,57.1709044],[40.031508,57.2087308],[40.193111,57.2038735],[40.2625083,57.2862511],[40.430464,57.2858292],[40.4445333,57.4381093],[40.4056299,57.4934517],[40.5248015,57.5929701],[40.6319845,57.5688201],[40.718094,57.6621025],[40.6470845,57.7275182],[40.6511894,57.7990449],[40.5976725,57.8971095],[40.6746709,57.9826431],[40.8090874,58.0066258],[40.8971,58.1111048],[40.8825662,58.1767129],[40.9664248,58.2023985],[41.0374424,58.2837143],[41.1934982,58.3410022],[41.0483412,58.441757],[41.0192011,58.5417391],[40.9300717,58.5763356]]]},"properties":{"shapeName":"Yaroslavl Oblast","shapeISO":"RU-YAR","shapeID":"28173009B38848907206629","shapeGroup":"RUS","shapeType":"ADM1"}},
{"type":"Feature","geometry":{"type":"Polygon","coordinates":[[[42.880894,51.2330252],[42.8325327,51.3924617],[42.7504497,51.4924119],[42.5661247,51.5380442],[42.5208613,51.5961217],[42.4828178,51.6313687],[42.3442934,51.5880843],[42.2291416,51.7191986],[42.0706263,51.6574484],[41.959807,51.656305],[41.8435863,51.7087496],[41.6359089,51.7329958],[41.5852241,51.769251],[41.4286662,51.7723462],[41.3071156,51.8019484],[41.2961993,51.7383011],[41.0156713,51.7168173],[40.8819312,51.7389077],[40.9486153,51.8608519],[40.8456971,51.9219825],[40.5341401,51.9456923],[40.3540185,51.965474],[40.3093609,51.9445195],[40.1271229,51.9855836],[40.0424667,51.9522193],[39.9287582,51.9703636],[39.840761,51.9210766],[39.5031507,51.9741256],[39.4731718,52.0735494],[39.2994071,52.1030461],[39.0868805,52.0343557],[39.0150115,51.9848125],[38.877206,52.0965504],[38.7417642,52.0416918],[38.5555474,52.0555312],[38.3996189,51.9874854],[38.2926106,51.9659404],[38.4291178,51.9447498],[38.4463957,51.844548],[38.3990563,51.7820032],[38.4824962,51.7245551],[38.3860518,51.6836818],[38.2241857,51.6999483],[38.1832283,51.613487],[38.2980023,51.5214561],[38.3369101,51.3041522],[38.2890021,51.2964678],[38.3352773,51.2561434],[38.4342917,51.28578],[38.4838288,51.162307],[38.411662,51.1659836],[38.3876861,51.0770564],[38.4840683,51.0771723],[38.5880106,51.0121562],[38.6993554,51.0221275],[38.8047842,50.9838526],[38.8783552,50.9097388],[38.7404425,50.90494],[38.7114818,50.7919797],[38.7789868,50.7189654],[38.8548846,50.7156984],[39.1192702,50.6245934],[39.0147833,50.4554537],[39.044122,50.3163526],[39.1177916,50.2680591],[39.1598141,50.1409061],[39.2229822,50.0458753],[39.1799425,49.8888021],[39.28522,49.75536],[39.47868,49.75656],[39.59129,49.71828],[39.6603,49.61494],[39.80604,49.55795],[39.95212,49.59709],[40.1353917,49.6171021],[40.2774855,49.6284086],[40.3746286,49.5875192],[40.5492808,49.5809606],[40.6369672,49.6729919],[40.778987,49.6672342],[40.9210054,49.7004876],[41.047121,49.8091857],[41.082125,49.9433706],[41.192887,50.0117763],[41.2977546,50.0214715],[41.3836604,50.1138648],[41.2889344,50.1632396],[41.4009945,50.2028059],[41.5221765,50.362572],[41.420479,50.4988927],[41.447823,50.6062207],[41.3466781,50.711609],[41.1688737,50.7763145],[41.3927999,50.8424072],[41.4710783,50.949908],[41.7728538,51.0155595],[41.8578154,51.1589833],[41.9280966,51.1941254],[42.087336,51.1479658],[42.2939942,51.1370026],[42.5955249,51.1530823],[42.7083918,51.2476078],[42.880894,51.2330252]]]},"properties":{"shapeName":"Voronezh Oblast","shapeISO":"RU-VOR","shapeID":"28173009B2687808218031","shapeGroup":"RUS","shapeType":"ADM1"}},
{"type":"Feature","geometry":{"type":"MultiPolygon","coordinates":[[[[84.4408595,62.1956567],[84.6981416,62.390519],[84.9225526,62.4760768],[84.899726,62.5574818],[85.0991627,62.6412261],[85.2142488,62.7985078],[85.3670938,62.8790889],[85.5150935,62.8985655],[85.5029622,62.9816261],[85.6198492,63.0344732],[85.4989953,63.1530129],[85.5678726,63.2836843],[85.6884276,63.3724954],[85.4194169,63.3653016],[85.417437,63.4372333],[85.2816612,63.5198915],[85.0783864,63.5339442],[85.3048559,63.6514448],[85.3290719,63.7964066],[85.4820254,63.9142515],[85.7520504,64.001927],[85.9670458,64.0485007],[85.9335748,64.1320144],[86.007285,64.2720845],[85.921623,64.4316463],[85.8042869,64.496899],[85.907316,64.574106],[85.8193722,64.6799252],[85.8337133,64.7843345],[85.5278842,64.8522196],[85.3145237,64.789896],[85.1311308,64.7963394],[84.95958,64.8358536],[85.032215,64.9100793],[84.846489,64.9447159],[84.4388008,64.9062862],[84.3218476,64.920113],[84.2883521,65.1040607],[84.3834799,65.2018508],[84.5424181,65.244356],[84.567119,65.3170418],[84.4934062,65.3902526],[84.5094179,65.4774381],[84.2827373,65.617595],[84.2792205,65.6842108],[84.1514552,65.6947785],[83.9665085,65.7922506],[83.5633949,65.7619789],[83.4735049,65.8145292],[83.5486598,65.9023716],[83.3110261,65.9862849],[83.2694472,66.0492286],[83.3563028,66.119352],[83.5391543,66.1874457],[83.2381214,66.382911],[83.076214,66.4628931],[83.0905197,66.5946741],[83.2752516,66.6424505],[83.2677502,66.69833],[83.1449438,66.8302785],[82.7305639,67.0033012],[82.1332076,67.2189004],[82.2832796,67.3070527],[82.2609539,67.430337],[82.3973817,67.5217621],[82.2602048,67.5446365],[82.0300743,67.6436068],[82.0941388,67.7210407],[81.8553503,67.7976452],[81.7286586,67.9001929],[81.7727565,67.9471016],[81.9738629,67.9595322],[82.335616,67.9333456],[82.3961292,67.9674091],[82.3477832,68.1239655],[82.5522085,68.1670674],[82.7140255,68.405172],[82.6209697,68.5477601],[82.6487849,68.6088259],[82.8727314,68.6743217],[82.8006769,68.7591947],[82.5945187,68.8070229],[82.4937015,68.9716155],[82.3155826,69.0538486],[82.4609539,69.0773166],[82.3959197,69.1738553],[82.1384638,69.1623461],[81.8517323,69.1935428],[81.8052566,69.253679],[81.961172,69.3525488],[81.8219983,69.4270719],[81.6409916,69.413596],[81.6764598,69.3166102],[81.434517,69.2484414],[81.3417017,69.2828185],[81.0102231,69.2095428],[80.7621962,69.3063796],[80.432638,69.3311269],[80.2366674,69.3659878],[79.917844,69.352295],[79.6472585,69.4741845],[79.510766,69.6291408],[79.4168219,69.6612035],[79.1329216,69.6854172],[79.1175302,69.7886672],[78.9950001,69.8066119],[78.9625184,69.8787827],[79.1096724,69.9327466],[79.1651255,70.021813],[79.3242096,70.0902888],[79.5073951,70.1118085],[79.7550673,70.2757096],[79.8785726,70.2618656],[80.023538,70.331577],[80.4142052,70.4605496],[80.6176803,70.4539171],[80.7235351,70.5067969],[80.8170736,70.621703],[80.6498308,70.6873945],[80.7131057,70.8103761],[80.6387327,70.8330514],[80.5839824,71.0431888],[79.9969629,71.1164619],[79.433874,71.2961421],[79.2202338,71.3074168],[79.1337187,71.3932626],[79.3136368,71.4543358],[79.3770739,71.6090016],[79.8243712,71.585781],[80.1419411,71.6715123],[80.1269638,71.7964085],[80.3561768,71.882002],[80.0398941,71.9842056],[79.6508354,72.0553623],[79.4060386,72.0406767],[79.0697786,72.0765924],[78.7595634,72.1634145],[78.6156618,72.1713401],[78.6119114,72.2857398],[78.45882019684869,72.31519177963901],[78.1217401,72.34577],[77.8796101,72.3027],[77.7277401,72.202],[77.5217301,72.17441],[77.3965401,72.0969099],[77.54147,72.0537301],[77.9057499,72.1034599],[78.08202,72.0776501],[78.2410851,71.9630914],[78.1287501,71.87781],[77.77863,71.8109],[77.4592799,71.8493199],[77.3202899,71.91761],[76.89165,72.0527699],[76.35554,71.9978201],[76.07875,71.87593],[76.16821,71.70625],[76.2862399,71.64179],[76.30443,71.5633401],[76.63372,71.4720501],[77.1348599,71.3986999],[77.2604999,71.32982],[77.4674999,71.29005],[77.7439701,71.3098699],[78.3116499,71.22854],[78.2510501,71.12894],[78.2837699,71.06676],[78.47105,71.0559599],[78.47055,70.9159501],[78.6059694,70.9570825],[78.6725499,70.92959],[78.9818397,70.9632272],[78.9539592,70.9167723],[78.5103399,70.9134101],[78.39544,70.8897101],[78.3478999,70.9241999],[78.17541,70.94928],[78.05844,70.94592],[77.93584,70.9690099],[77.84688,71.1038799],[77.4378901,71.16473],[77.26873,71.15861],[76.6287601,71.19674],[76.27148,71.1962499],[75.83224,71.2242799],[75.2992101,71.3306401],[75.2180016,71.4245697],[75.4078608,71.4399792],[75.49861,71.5377],[75.414,71.58732],[75.4806047,71.646656],[75.22369,71.7676999],[75.25502,71.9469199],[75.3731401,71.94487],[75.5603401,72.2196299],[75.7058901,72.2761099],[75.5549865,72.3745303],[75.4911199,72.4959901],[75.6446,72.53254],[75.3492627,72.6821596],[75.4659734,72.7376985],[75.00077,72.86993],[74.7662499,72.8038699],[75.0034174,72.602574],[75.07523,72.4277599],[75.07337,72.2602099],[74.9663699,72.1464601],[74.5983501,72.0129301],[73.6288999,71.83448],[73.46042,71.7664799],[73.52042,71.682777],[73.4031348,71.582668],[73.0238253,71.4222503],[73.0357544,71.3773855],[73.3583623,71.3022888],[73.5376666,71.2266587],[73.75223,71.02219],[73.9034025,70.9622001],[73.9186305,70.8404082],[74.2178501,70.6989468],[74.3029789,70.5191013],[74.245579,70.4428856],[73.6792799,70.1171601],[73.7790628,70.0809168],[73.66831,69.83306],[73.5346399,69.74175],[73.6600931,69.5981673],[73.7841762,69.5461141],[73.89566,69.4217],[73.9035347,69.3521567],[73.780533,69.1641265],[73.873544,69.0772135],[73.98841,69.0693201],[74.215594,69.1234602],[74.622142,69.1141572],[74.80218,69.0736601],[75.10251,69.10799],[75.1721499,69.15709],[75.4960099,69.2479801],[75.82513,69.2326599],[76.02211,69.2444301],[76.37934,69.1548399],[76.66631,69.13696],[76.9368716,69.0039952],[77.24743,68.9701501],[77.3807308,68.9106417],[77.6883999,68.8692299],[77.7444499,68.70986],[77.70544,68.6067299],[77.77319,68.52795],[77.90748,68.51641],[77.95463,68.37398],[78.15808,68.2639699],[78.11661,68.23435],[77.692892,68.1979664],[77.4898626,68.0777088],[77.4861699,67.8021499],[77.5465967,67.7218368],[77.936008,67.7140723],[78.0691075,67.6408958],[78.5333176,67.6678931],[78.83821,67.6348101],[78.8736301,67.5994699],[78.6814626,67.5100603],[78.5368701,67.5493001],[78.3678099,67.5289899],[78.2430401,67.56107],[78.06053,67.53701],[77.62674,67.60419],[77.5329644,67.6555717],[77.3501964,67.6864505],[77.07311,67.77251],[77.2942501,67.88547],[77.19193,67.9502001],[77.19739,68.0955],[77.3369899,68.2263999],[77.1616937,68.2462719],[77.1586301,68.3112101],[77.2923476,68.3643352],[77.2055501,68.55909],[76.6465699,68.74917],[76.69997,68.84735],[76.59849,68.9636099],[76.20645,68.9758399],[75.6276898,68.8965679],[75.4596526,68.8952296],[74.91626,68.80813],[74.5650518,68.7380694],[74.44446,68.65828],[74.47055,68.50305],[74.3149244,68.3619751],[74.62556,68.20933],[74.7937458,68.0281943],[74.8197568,67.95808],[74.7862388,67.7486283],[74.6363684,67.6284268],[74.108,67.4260101],[73.9252577,67.2977353],[73.9510825,67.1795914],[73.8773,66.99974],[73.6292399,66.93234],[73.4896082,66.8218382],[73.0073395,66.720648],[72.87762,66.6326799],[72.4844385,66.5937106],[72.36222,66.46743],[72.4178401,66.35679],[72.1380425,66.242653],[71.8019626,66.2369715],[71.6382801,66.31476],[71.2779182,66.348851],[70.9973816,66.3524915],[70.3886232,66.3261531],[69.90376,66.39971],[69.74369,66.4664],[69.44851,66.48555],[69.12686,66.6132101],[69.18042,66.72489],[69.1448101,66.76967],[68.7864717,66.754568],[68.9290071,66.863798],[69.12739,66.90734],[69.32784,66.85031],[69.4882301,66.84696],[69.66316,66.8057999],[69.98972,66.79859],[70.10109,66.7375101],[70.7043778,66.7579629],[70.8568299,66.81815],[71.06186,66.80959],[71.3276501,66.8958201],[71.4357001,66.96071],[71.58077,66.93693],[71.7963999,66.95681],[72.03013,67.0561699],[71.98175,67.1213099],[72.2078399,67.1402199],[72.18845,67.2475801],[72.3891799,67.3114199],[72.4465599,67.38994],[72.40514,67.4422699],[72.55319,67.5297],[72.52642,67.58583],[72.8604201,67.63276],[72.8851582,67.6855181],[73.077426,67.7286406],[73.0516851,67.7932213],[73.1536882,67.8292132],[73.1907699,67.9324201],[73.0566126,68.0360493],[73.0395301,68.1042099],[73.1194801,68.23836],[73.4197799,68.3688299],[73.47496,68.4567699],[73.58605,68.50782],[73.4087699,68.6032601],[73.11012,68.71505],[72.7378399,68.8232801],[72.5520599,68.9519201],[72.47675,69.1385883],[72.6087461,69.2672525],[72.541294,69.3823344],[72.63573,69.5012699],[72.49427,69.63904],[72.66915,69.7578201],[72.63217,69.88017],[72.48427,70.0236601],[72.5779499,70.10267],[72.5645218,70.167745],[72.4046381,70.2420965],[72.5757043,70.3619591],[72.73886,70.3965699],[72.74987,70.4833701],[72.67896,70.58004],[72.7468101,70.66364],[72.7928401,70.8684999],[72.5703455,71.0034271],[72.5663601,71.13035],[72.3023499,71.1870199],[72.0410701,71.2858301],[71.827771,71.4550749],[71.8444838,71.5224311],[72.1444287,71.598231],[72.1732874,71.6699615],[72.3160734,71.7012033],[72.30497,71.8215099],[72.51188,71.93531],[72.5665099,72.0507599],[72.70218,72.11298],[72.6926999,72.18431],[72.83379,72.2535301],[72.7781701,72.45784],[72.68826,72.5919301],[72.73933,72.71528],[71.61255,72.88849],[70.9324322,72.8721264],[70.2766901,72.8814501],[69.5753099,72.85641],[69.60491,72.8984799],[69.39927,72.94369],[69.2569701,72.79702],[69.0175743,72.6879899],[68.84123,72.4143901],[68.7314837,72.1634301],[68.5565999,71.88658],[68.3045,71.65254],[67.95049,71.51804],[67.5992949,71.4299367],[67.4189499,71.3606888],[66.9322007,71.2683897],[66.74969,71.10058],[66.9216001,71.06754],[66.82575,70.9516501],[66.62915,70.8510401],[66.71276,70.7674599],[66.9091699,70.77696],[67.099,70.82886],[67.2713601,70.82366],[67.42087,70.70333],[67.2320001,70.52189],[67.3464299,70.44333],[67.2121399,70.36038],[67.1279799,70.2168701],[67.2913801,70.17606],[67.3851199,70.08975],[67.34216,69.9888899],[67.02671,69.94591],[66.8412599,69.88021],[66.80882,69.7033699],[66.87243,69.60903],[67.1542001,69.65748],[67.3837999,69.6047799],[67.68347,69.5828699],[67.8324899,69.4953599],[68.00821,69.5033501],[68.14217,69.46393],[68.03543,69.344],[68.11529,69.2235201],[68.54551,68.94556],[68.77129,68.90308],[69.15686,68.9474999],[68.96432,68.6494101],[68.5919101,68.3570101],[68.5461399,68.25669],[68.3506404,68.1961376],[68.16583,68.23055],[68.26366,68.31537],[68.15496,68.39474],[67.77628,68.4580999],[67.6766001,68.5447801],[67.3277499,68.67194],[67.17572,68.7016899],[67.05976,68.8139501],[66.92335,68.85145],[66.3466186,68.935249],[66.06685,69.02892],[65.71477,69.0714],[65.6632101,69.1325899],[65.2087114,69.2075694],[65.08344554719883,69.2592535283962],[65.0313867,69.2013731],[64.8595143,69.1726369],[64.7115378,69.0795757],[64.5389476,69.0287952],[64.6246374,68.9327364],[64.5572607,68.8676156],[64.8095134,68.8776575],[65.398303,68.7780018],[65.436069,68.6467777],[65.6518812,68.5833596],[65.6092211,68.4896092],[65.4740169,68.4179545],[65.3644889,68.2821585],[65.2746764,68.2345663],[65.3490834,68.0999866],[65.319394,68.0161185],[65.4321827,67.9096598],[65.5432001,67.932502],[65.7633678,67.920126],[65.9206606,67.9608301],[66.1335094,67.9146824],[66.0217308,67.8098877],[66.2267466,67.7538852],[66.2206954,67.6848843],[65.8457152,67.667578],[65.8226873,67.5386009],[66.0481753,67.5805059],[66.0933106,67.4950576],[66.0101788,67.4091079],[65.698554,67.3807957],[65.4262374,67.2093874],[65.1809096,67.1425448],[65.2446836,67.0936804],[65.0818818,67.039277],[65.1391588,66.9077266],[64.877128,66.8348488],[64.5533293,66.7966481],[64.5447229,66.7288463],[64.3939223,66.7217314],[64.2615448,66.6454246],[63.9754501,66.632586],[63.8021011,66.5318551],[63.626707,66.510935],[63.3312561,66.4131662],[63.234032,66.3010705],[63.1380846,66.2568546],[62.8691891,66.0642911],[62.9040519,65.9651074],[62.7761648,65.904132],[62.7996751,65.8576976],[62.4689067,65.8231018],[62.0004438,65.7177356],[62.1628449,65.6413824],[62.2652814,65.6323445],[62.3129699,65.5351568],[62.4254054,65.5037016],[62.366543,65.4321105],[62.4592133,65.3378467],[62.8721144,65.2905891],[62.8172932,65.1946898],[62.8237413,65.0546067],[62.6952216,64.872818],[62.8070123,64.8407152],[62.8115343,64.7364485],[62.589629,64.640373],[62.5576427,64.558547],[62.7148074,64.4966284],[62.9134358,64.4676948],[63.0523536,64.5156676],[63.2473284,64.5204178],[63.4775176,64.4561453],[63.5169727,64.3631559],[63.410065,64.333669],[63.6112597,64.2705141],[63.9134226,64.2877072],[64.0433107,64.3593531],[64.4823317,64.3710829],[64.6038169,64.4426773],[64.7242494,64.4304308],[64.9831066,64.4700574],[65.1772705,64.4680932],[65.3762514,64.5557546],[65.9330927,64.5552382],[66.1990996,64.5906861],[66.4555608,64.5269508],[66.7114157,64.5540749],[66.970937,64.5086795],[66.989844,64.4523667],[66.8469353,64.3401654],[66.8368325,64.2121109],[67.1726731,64.1562818],[67.1869158,64.1178972],[67.4681224,64.0775748],[67.6824254,64.0765785],[67.8326026,64.0463641],[68.4488389,64.2876835],[68.5520168,64.2871591],[68.7438128,64.2335802],[69.0355183,64.3233329],[68.858472,64.4385393],[69.2797179,64.4755792],[69.3936659,64.3886861],[69.7249479,64.3959079],[69.8885283,64.3216942],[70.0864847,64.3187801],[70.2923037,64.3425143],[70.4492418,64.2492473],[70.662501,64.2390106],[70.7709339,64.1911133],[70.7664959,64.112367],[70.5589034,64.0152818],[70.6888709,63.9409799],[70.706206,63.8868081],[70.8256533,63.8219111],[70.9226917,63.7027922],[71.4558562,63.6833083],[71.5632307,63.570765],[71.5361581,63.4692785],[71.6454841,63.1927517],[72.128306,63.296786],[72.4063836,63.2993872],[72.6630799,63.2815207],[73.0542972,63.4267915],[73.1061534,63.3781957],[73.2632687,63.334776],[73.3637957,63.2322421],[73.4981828,63.187955],[74.0039239,63.1681296],[74.2531941,63.1730274],[74.5243218,63.0363641],[74.9415486,63.0253223],[75.0802636,63.0684543],[75.3125513,63.0970703],[75.6049618,63.0880844],[75.7784078,63.1171481],[75.8933793,63.1064817],[76.2667142,63.0131984],[76.3400498,62.9513441],[76.6669423,63.0348098],[76.8516312,62.9887093],[77.025564,62.9719835],[77.1368192,62.8114223],[77.3781024,62.7078973],[77.8704228,62.5759485],[78.0929057,62.4640984],[78.4059627,62.5603552],[78.7394619,62.6022127],[79.8434403,62.6085568],[79.9083207,62.7850327],[80.093017,62.8179333],[80.5887873,63.0102079],[80.5883812,63.0781386],[80.6809187,63.115941],[80.9219485,63.1566356],[81.0369171,63.1470755],[81.0434897,63.0645241],[81.1503001,62.9687447],[81.3198589,62.9099137],[81.2912495,62.8585473],[81.3913061,62.8169408],[81.638742,62.779396],[81.6654607,62.7305533],[81.8412871,62.6958569],[82.1593247,62.8130082],[82.2893604,62.7662983],[82.4601682,62.7751594],[82.7618637,62.7494462],[82.7589962,62.6599549],[83.0493169,62.5893469],[83.0234823,62.5263341],[83.3242477,62.4580295],[83.5532672,62.5273739],[83.6226879,62.5031689],[83.8140284,62.5698759],[83.9603886,62.4901594],[84.0002638,62.4138684],[84.1020607,62.3773056],[84.23908,62.3814682],[84.2983481,62.2693454],[84.4408595,62.1956567]]],[[[67.21819,69.5691701],[67.06343,69.50028],[67.22153,69.43229],[67.3666,69.49929],[67.21819,69.5691701]]],[[[69.98998424404972,73.1251],[70.1939435,73.0226036],[70.4660628,73.0178884],[70.8447396,73.0978879],[71.1918588,73.1042838],[71.3566272,73.1524503],[71.6813725,73.1571525],[71.4910397,73.2990132],[71.1973302,73.2516673],[71.0864095,73.3343677],[71.0898074,73.4492363],[70.876284,73.475789],[70.541928,73.4539769],[70.041618,73.3269958],[69.98998424404972,73.1251]]],[[[76.039005,73.5224301],[75.6490061,73.5123979],[75.6349228,73.4242659],[76.039005,73.5224301]]],[[[77.8672899,72.33209],[78.1123001,72.3893701],[78.3247501,72.50716],[78.1179701,72.56669],[77.6234699,72.60079],[77.37883,72.53318],[77.21584,72.42471],[76.93803,72.35623],[76.94355,72.27084],[77.2750499,72.2890199],[77.8159001,72.28941],[77.8672899,72.33209]]],[[[74.33594,73.1059399],[74.1108645,72.9952793],[74.2388159,72.9417403],[74.6431317,72.836396],[74.62422,72.9407399],[74.7558999,73.07561],[74.33594,73.1059399]]],[[[70.3126,66.58408132530121],[70.6095899,66.5111599],[70.9395499,66.5462899],[70.95958,66.5846699],[70.74161,66.6576999],[70.45587,66.66661],[70.2883601,66.6269099],[70.3126,66.58408132530121]]],[[[69.60928,66.62026],[69.9729899,66.5392899],[69.96322,66.60238],[69.81783,66.62059],[69.6880001,66.6740101],[69.60928,66.62026]]],[[[71.015525,66.70616914376211],[70.8636299,66.7367399],[70.75671,66.6978101],[71.11145,66.6164599],[71.25832,66.6455],[71.015525,66.70616914376211]]],[[[69.609475,66.70692675058822],[69.83581,66.61947],[69.9350501,66.63963],[69.76126,66.7488501],[69.609475,66.70692675058822]]],[[[71.015525,66.75877175198144],[71.1038,66.7007199],[71.35251,66.62595],[71.5606701,66.6393301],[71.44367,66.71423],[71.2126999,66.72634],[71.015525,66.75877175198144]]],[[[71.015525,66.79599248316454],[71.23342,66.72669],[71.53548,66.76778],[71.41456,66.86587],[71.2431601,66.8621201],[71.015525,66.79599248316454]]]]},"properties":{"shapeName":"Yamalo-Nenets Autonomous Okrug","shapeISO":"RU-YAN","shapeID":"28173009B47279883421777","shapeGroup":"RUS","shapeType":"ADM1"}},
{"type":"Feature","geometry":{"type":"Polygon","coordinates":[[[84.0804183,50.639877],[84.2487069,50.5155657],[84.2039747,50.4689746],[84.2682897,50.3565842],[84.251587,50.2901411],[84.3258485,50.2285811],[84.4098473,50.2092264],[84.6281869,50.2106789],[84.8563631,50.0921128],[85.0241391,50.0602182],[84.983576,49.983967],[84.9952089,49.9055937],[85.0596988,49.8850363],[85.1983069,49.7379392],[85.2101246,49.6270855],[85.3212611,49.5908468],[85.38844,49.6348027],[85.4902051,49.5981292],[85.5837034,49.6136727],[85.6776892,49.5503959],[85.75689,49.5771504],[85.8837372,49.5669068],[85.9689905,49.4871162],[86.1129225,49.5243832],[86.2020375,49.4661128],[86.2716,49.5827],[86.3713508,49.5936219],[86.4884508,49.6579097],[86.6092491,49.7637696],[86.6976928,49.8084159],[86.771384,49.7638238],[86.602492,49.6055533],[86.8271741,49.5454254],[86.8309528,49.4697529],[86.9301213,49.4200618],[86.9264692,49.3488781],[87.0252909,49.2572823],[87.269325,49.23257],[87.28579,49.115872],[87.397845,49.086649],[87.492854,49.138516],[87.695023,49.175738],[87.988438,49.18302],[88.017979,49.226295],[88.169084,49.292482],[88.11962,49.391658],[88.221784,49.47966],[88.4112,49.4936],[88.4949,49.4719],[88.5909,49.5012],[88.7328,49.4515],[88.8801,49.4781],[88.9845,49.4637],[89.2009,49.5228],[89.1888272,49.6324784],[89.241,49.6452],[89.36,49.5844],[89.4588852,49.6650447],[89.6608,49.6999],[89.7190741,49.7719084],[89.6289426,49.8083606],[89.5935703,49.9122873],[89.6147145,49.9391823],[89.5858927,50.0820433],[89.5172112,50.1932128],[89.3672552,50.1819508],[89.3437683,50.2642445],[89.4095587,50.3364439],[89.4968353,50.3639125],[89.707322,50.3841209],[89.8649086,50.469675],[89.8487567,50.5265194],[89.6440483,50.5813071],[89.5326172,50.7200002],[89.4857928,50.7376516],[89.3986631,50.8505251],[89.2976053,50.8851981],[89.1937316,50.9818091],[89.0555549,51.0463952],[89.049849,51.159806],[88.9603487,51.2435256],[89.0088756,51.3942587],[88.7915312,51.5537609],[88.658053,51.5280499],[88.7028765,51.3933623],[88.5728362,51.3199595],[88.4454889,51.2851257],[88.2879986,51.3476267],[88.1563948,51.3484953],[88.1411061,51.4285435],[87.9839633,51.466309],[87.934449,51.5263125],[88.0006418,51.5886398],[88.0191445,51.664388],[88.1067936,51.70856],[87.8914497,51.8125618],[87.9453074,51.885704],[88.0875959,52.0000212],[88.1264256,52.0682337],[88.2524699,52.0458003],[88.2862613,52.1117325],[88.3769637,52.1783127],[88.3806957,52.2738579],[88.4419056,52.3356311],[88.3691919,52.4417227],[88.2520801,52.3998967],[87.9314274,52.5360694],[87.7553048,52.4848677],[87.6533271,52.4224157],[87.5423272,52.4829013],[87.3713237,52.4997916],[87.2979667,52.5922094],[87.1269496,52.6153393],[87.0527532,52.660268],[86.9367259,52.6545237],[86.7815037,52.6041512],[86.7949166,52.5148083],[86.6686938,52.5152717],[86.6424048,52.4025751],[86.6935792,52.2947994],[86.781098,52.294582],[86.7263583,52.1389907],[86.6488309,52.1056691],[86.4564206,52.1283901],[86.4030439,52.0362193],[86.1685121,52.0397952],[86.0849345,52.0773649],[85.9188426,52.1056625],[85.8899027,52.0269223],[85.8175299,51.9711542],[85.8535609,51.8910534],[85.7499095,51.8672419],[85.7713193,51.8155472],[85.7028371,51.7324695],[85.5029489,51.7012428],[85.4442581,51.5633895],[85.3259333,51.5613003],[85.244031,51.4991616],[85.1110375,51.5240955],[84.9959456,51.5143556],[84.8513563,51.4427131],[84.7161565,51.4267991],[84.63972,51.3532642],[84.4570116,51.3160848],[84.386597,51.2657995],[84.2564708,51.2826126],[84.199215,51.2382801],[84.1206559,51.0712374],[84.0420415,51.1537399],[83.9481025,51.144497],[83.9785261,51.0694985],[84.2221677,50.9873773],[84.4906964,50.9480592],[84.4707505,50.8596556],[84.5804336,50.8299968],[84.473729,50.6870783],[84.3935618,50.7060588],[84.0804183,50.639877]]]},"properties":{"shapeName":"Altai Republic","shapeISO":"RU-AL","shapeID":"28173009B30008444211385","shapeGroup":"RUS","shapeType":"ADM1"}},
{"type":"Feature","geometry":{"type":"Polygon","coordinates":[[[40.430464,57.2858292],[40.2625083,57.2862511],[40.193111,57.2038735],[40.031508,57.2087308],[39.8459118,57.1709044],[39.7383823,57.0835058],[39.5627688,57.0350097],[39.5534212,56.9599244],[39.4373805,56.9015941],[39.3740366,56.8199614],[39.4020479,56.7710162],[39.4916692,56.7472131],[39.6666027,56.8033545],[39.8470448,56.7631075],[39.896586,56.7066578],[39.862355,56.5945352],[39.9517692,56.5222706],[39.9493044,56.4668879],[40.102725,56.4802229],[40.2255101,56.4398189],[40.2674137,56.4880618],[40.4584371,56.5349351],[40.4906011,56.5836981],[40.7672337,56.594363],[40.8889443,56.5142804],[41.032232,56.4903775],[41.677381,56.4965796],[41.9485421,56.4815856],[41.9794375,56.3735747],[42.1173319,56.3685408],[42.2184686,56.4404814],[42.3915122,56.4483482],[42.6141822,56.4067341],[42.6510562,56.4684702],[42.8972871,56.4703421],[42.8531716,56.5529225],[42.9249104,56.5693638],[42.8983779,56.6457734],[42.7974469,56.6917274],[42.8708136,56.8094286],[43.1167604,56.8342618],[43.2507953,56.8950316],[43.2147345,56.9786152],[43.0991893,57.096033],[43.1018078,57.1987354],[43.3033108,57.4287366],[42.8955397,57.3711096],[42.8275397,57.4176096],[42.877489,57.6621224],[42.4659585,57.6220925],[42.3768081,57.5766496],[42.2160094,57.5617101],[42.0232118,57.588587],[41.8957246,57.6934025],[41.6041474,57.7391252],[41.5762462,57.6308195],[41.6300219,57.5380732],[41.5673867,57.4525305],[41.3126409,57.4148082],[41.1394338,57.4093061],[41.0183095,57.3181797],[40.8617365,57.3422669],[40.6354064,57.2915923],[40.430464,57.2858292]]]},"properties":{"shapeName":"Ivanovo Oblast","shapeISO":"RU-IVA","shapeID":"28173009B41275184158050","shapeGroup":"RUS","shapeType":"ADM1"}},
{"type":"Feature","geometry":{"type":"Polygon","coordinates":[[[130.6299698,48.8814543],[130.6758174,48.8450786],[130.6067545,48.7750448],[130.5240313,48.6078295],[130.6063696,48.5736838],[130.6083675,48.5019152],[130.7581971,48.4972857],[130.7306475,48.4437879],[130.7663198,48.3584883],[130.8356469,48.301678],[130.7522477,48.1901109],[130.6675718,48.1317319],[130.6928153,48.0406968],[130.8639711,47.9362246],[130.9515779,47.8149862],[130.9574947,47.7203175],[131.0895258,47.6831675],[131.2546492,47.7347808],[131.4248489,47.7433794],[131.5475156,47.7266399],[131.6219764,47.6568854],[131.7305453,47.7047483],[131.8122129,47.6671685],[131.9891958,47.7007623],[132.2528236,47.7080661],[132.3091865,47.756778],[132.4848265,47.7157941],[132.6036772,47.7420925],[132.598655,47.8103357],[132.6804877,47.8720795],[132.6521269,47.9355958],[132.78052,47.9250508],[132.8630603,47.9917265],[133.0078184,48.0404716],[133.0494733,48.1048743],[133.2660197,48.0927618],[133.3915256,48.1235587],[133.5673516,48.1366021],[133.6136491,48.1998585],[133.7100813,48.1876438],[133.7464041,48.2567535],[133.9495547,48.3043268],[134.0337676,48.3439681],[134.1399789,48.3382441],[134.1883145,48.3837178],[134.408687,48.3881698],[134.4706965,48.4218775],[134.6880989,48.4080729],[134.7662016,48.3640449],[134.8417089,48.3908134],[134.9201622,48.4924846],[134.9957846,48.5326809],[134.9769738,48.6026189],[134.8597627,48.6146189],[134.7357335,48.5704192],[134.6507837,48.6093448],[134.5640358,48.5984763],[134.4079078,48.7462038],[134.2522424,48.7089653],[134.21808,48.6588432],[134.0465141,48.6354305],[133.8535767,48.665552],[133.7590733,48.7414519],[133.5892766,48.7295026],[133.463447,48.8290972],[133.2813506,48.8484584],[133.2245257,48.9619766],[133.2786123,49.0303543],[133.0801086,49.1713493],[133.0552267,49.2146386],[132.8108626,49.2363992],[132.7832932,49.3301112],[132.633181,49.2864903],[132.4832422,49.2661476],[132.3695688,49.3127718],[132.4075943,49.3690868],[132.2740861,49.4629658],[132.109977,49.4937869],[132.0632483,49.4109365],[131.9943638,49.3780238],[131.9740524,49.3077843],[131.8847524,49.273162],[131.8194992,49.3332562],[131.6519785,49.3060627],[131.5571653,49.248063],[131.4200281,49.2554531],[131.3497721,49.2628234],[131.183786,49.2273812],[131.0691019,49.169405],[131.0170175,49.0371038],[131.0230503,48.9680109],[130.8644333,48.9940591],[130.7415098,48.9608522],[130.6299698,48.8814543]]]},"properties":{"shapeName":"Jewish Autonomous Oblast","shapeISO":"RU-YEV","shapeID":"28173009B51962491984110","shapeGroup":"RUS","shapeType":"ADM1"}},
{"type":"Feature","geometry":{"type":"Polygon","coordinates":[[[43.711218,47.4742256],[43.7867434,47.3542112],[43.7934975,47.2678201],[43.9395129,47.2587501],[43.925687,47.3287336],[43.9641328,47.4002299],[44.1326114,47.413516],[44.135132,47.544901],[44.2341022,47.5490539],[44.2328944,47.4785437],[44.3122383,47.4778715],[44.3241519,47.1423944],[44.2484603,46.8896726],[44.1568789,46.8232316],[44.0868358,46.8355016],[44.0335941,46.7645451],[43.9122454,46.7144377],[43.8820262,46.623488],[43.812758,46.5718638],[43.9305689,46.5350447],[43.92394,46.3872705],[43.7509572,46.3611538],[43.6303367,46.1753838],[43.5383234,46.1571501],[43.3392286,46.1671364],[42.9317296,46.4469146],[42.7810819,46.4027843],[42.7691065,46.3686819],[42.5984556,46.383882],[42.3970838,46.5111225],[42.2003656,46.5584041],[42.0445987,46.5342075],[42.100658,46.3744597],[42.17037,46.2978137],[41.9623241,46.2980078],[41.9111392,46.2550881],[41.8625682,46.1442296],[41.7384791,46.1857963],[41.6378256,46.1761032],[41.71441,45.9824283],[42.0829478,45.9663519],[42.1515694,45.9430799],[42.1706684,46.1099034],[42.3296764,46.1352187],[42.3180347,45.9697239],[42.5573593,46.0083295],[42.6720445,46.0898914],[42.7364862,46.0905844],[42.9317874,46.2360616],[43.0017463,46.1693216],[43.3103639,46.0898798],[43.3597375,46.0331104],[43.4697402,45.988886],[43.7486041,45.9789186],[43.9193729,45.9439519],[44.0885848,45.7864196],[44.1812216,45.6354095],[44.3190474,45.5513016],[44.4517259,45.5070773],[44.7933118,45.429244],[45.1363463,45.3060591],[45.5900272,45.1257838],[45.7051159,44.9773628],[45.9692774,44.9807571],[46.5116418,44.9296499],[46.6350599,44.8610659],[46.7668412,44.8276111],[46.8307814,44.7627437],[46.8950267575438,44.8121003608434],[46.9672312,44.9163435],[47.0691981,44.8391011],[47.0999255,44.9101436],[47.1996607,45.0216394],[47.202064,45.0723359],[47.2820582,45.1723838],[47.3150313,45.298211],[47.4152674,45.3668882],[47.3812785,45.4100476],[47.52714510625149,45.517248648746154],[47.53783337035607,45.61788850862476],[47.52039288998482,45.66060965159376],[47.4891268,45.6453245],[47.2959912,45.6767832],[47.1528252,45.6099306],[46.969002,45.6188674],[46.8140589,45.5653878],[46.6938838,45.6484696],[46.4777182,45.7004604],[46.5498151,45.798013],[46.4119318,45.8159581],[46.2954323,45.9144253],[46.3106359,45.9630106],[46.4549294,45.9654482],[46.449329,46.1776323],[46.5012444,46.2809492],[46.4008324,46.3206181],[46.504665,46.3757765],[46.560863,46.3542657],[46.6629674,46.4409194],[46.864724,46.4571795],[46.9646729,46.4454705],[46.9503268,46.5244522],[46.8662085,46.6196303],[46.9572396,46.7153699],[46.9788341,46.8741934],[46.9621776,46.9742199],[46.8170647,46.992215],[46.739231,47.0738583],[46.5362576,47.4034067],[46.6693137,47.4819759],[46.8731427,47.548898],[46.761097,47.6075749],[46.685458,47.6016555],[46.3988874,47.4133023],[46.2672072,47.4207447],[46.0079695,47.5647578],[45.7397257,47.831249],[45.7138656,47.9312193],[45.7566315,48.0013326],[45.6985438,48.0322744],[45.550385,47.9937796],[45.3794059,48.0997549],[45.2660532,48.1054724],[45.1676307,48.2220169],[44.9609783,48.2708558],[44.9097483,48.2193895],[44.9256618,48.1202484],[44.8097674,48.0506324],[44.5410605,48.0504868],[44.5441569,48.1880732],[44.3264088,48.2387968],[44.3251324,48.0413284],[44.4238565,48.0423628],[44.4232352,47.9556725],[44.3590569,47.8516498],[44.0825899,47.8994351],[43.9458313,47.7530959],[43.8714499,47.760843],[43.7147687,47.717624],[43.6675966,47.5488881],[43.711218,47.4742256]],[[46.4440474,45.4526555],[46.4572763,45.4828672],[46.6463734,45.5045983],[46.6600547,45.5473848],[46.884463,45.5237084],[46.7906367,45.474425],[46.6386649,45.480541],[46.625217,45.43882],[46.4440474,45.4526555]]]},"properties":{"shapeName":"Kalmykia","shapeISO":"RU-KL","shapeID":"28173009B57398385788417","shapeGroup":"RUS","shapeType":"ADM1"}},
{"type":"Feature","geometry":{"type":"MultiPolygon","coordinates":[[[[162.4659339,61.6648445],[162.5765418,61.6434269],[162.8355512,61.7153586],[162.9300915,61.6687034],[162.8661197,61.6242107],[163.0385502,61.5164864],[163.1180991,61.6174479],[163.3245231,61.6584881],[163.2864158,61.7245521],[162.9883624,61.7869153],[163.1391336,62.0018327],[163.1361555,62.1312995],[163.0834472,62.2207676],[163.2354802,62.313973],[163.1957782,62.4419585],[163.2456962,62.5111189],[163.78775,62.6066004],[163.9289963,62.5853666],[164.0045747,62.6431959],[164.2994142,62.6652242],[164.3783592,62.6942476],[164.6105964,62.681783],[164.711321,62.5835382],[165.0330611,62.5083552],[165.1152255,62.4484629],[164.9352728,62.4089714],[164.7352025,62.4558054],[164.5268703,62.4366322],[164.4394731,62.3627066],[164.1564193,62.274039],[164.0762016,62.0962284],[164.0942729,61.8926909],[164.0605771,61.8458032],[164.0510119,61.6871999],[163.8705352,61.6510321],[163.7509011,61.4688279],[163.9704741,61.4202557],[164.0301366,61.3509919],[163.935831,61.2219367],[163.7677321,61.1777785],[163.6227322,61.1060077],[163.6219519,61.0571215],[163.4912066,61.0086354],[163.7725703,60.9166763],[163.3893639,60.8022043],[163.1974201,60.8062911],[163.0860023,60.7507432],[162.8944009,60.7326396],[162.7757027,60.6378913],[162.6466565,60.5948132],[162.5500435,60.6113329],[162.4011462,60.5392666],[162.1948896,60.520369],[162.0043043,60.4258637],[161.9039375,60.3268057],[161.9498554,60.2561323],[161.8343928,60.154811],[161.4618283,60.008194],[161.2521398,59.8381059],[161.0510922,59.745009],[160.8942207,59.6258978],[160.7828598,59.5947238],[160.4908499,59.5529562],[160.404994,59.3950303],[160.1618368,59.2878087],[159.8579635,59.1276437],[159.719246,58.9778605],[159.7381776,58.8762147],[159.4797373,58.6942629],[159.2150025,58.5534609],[159.0333911,58.4074247],[158.6649953,58.2610552],[158.3345305,58.0753333],[158.1007412,57.9938074],[157.8775469,57.9776974],[157.6897782,58.0125122],[157.5828802,57.9282873],[157.5254301,57.8211249],[157.2704733,57.7658643],[157.1180617,57.7832431],[157.0106419,57.8540404],[156.7995521,57.7473554],[156.9083009,57.6680228],[156.9684329,57.5839868],[157.0033459,57.4513852],[156.9020648,57.2912228],[156.6674491,57.0594063],[156.5384954,57.0929483],[156.5271902,57.0079317],[156.4260328,56.9273777],[156.1606842,56.8292786],[156.0686496,56.7724345],[155.9593143,56.632953],[155.7191429,56.086761],[155.651243,55.9660354],[155.6318371,55.7145059],[155.555777,55.3642202],[155.5532261,55.2495854],[155.5881645,55.028799],[155.7372011,54.427435],[155.9020576,53.9790921],[155.9781962,53.700289],[156.0642726,53.3237174],[156.1295889,52.9127163],[156.2027588,52.7244635],[156.4148056,52.3150134],[156.4604578,52.1586711],[156.5004538,51.8278383],[156.4841972,51.5219085],[156.5407854,51.2994004],[156.7104475,51.203007],[156.7030742,51.1043151],[156.7607191,51.0723518],[156.7683756,50.9946055],[156.9298887,51.0428921],[157.0903899,51.1523628],[157.2291948,51.2066826],[157.367926,51.3446096],[157.4395979,51.3481276],[157.5170182,51.4654175],[157.6225278,51.528297],[157.7473822,51.5478945],[157.9580279,51.6882703],[158.0187787,51.7749536],[158.2718947,51.9608933],[158.2707448,52.0123497],[158.3846344,52.1379561],[158.3837335,52.1989765],[158.5510361,52.2940255],[158.5200182,52.5534605],[158.4310954,52.5874002],[158.5705517,52.6517861],[158.5813854,52.7084483],[158.4902578,52.7789655],[158.6395085,52.8464012],[158.6322763,52.9142881],[158.44419,52.895777],[158.3988068,53.0049789],[158.568106,53.0633953],[158.6419944,53.0248385],[158.7253452,52.8935664],[158.9089122,53.0264612],[159.0914705,53.1079089],[159.3422069,53.1699857],[159.47973,53.2294604],[159.6167449,53.2567553],[159.9064475,53.1375654],[160.0362905,53.0979476],[160.0390949,53.2142397],[159.9031777,53.2558267],[159.974941,53.3211039],[159.8449798,53.4025393],[159.8495033,53.4673329],[159.9449546,53.4742916],[159.9555832,53.5746323],[159.8466857,53.7037985],[159.8561429,53.8505188],[159.9818424,54.0714231],[159.966971,54.118909],[160.1317174,54.2278792],[160.3131105,54.3016134],[160.4273773,54.3884419],[160.7067851,54.5231739],[160.9192453,54.5750526],[161.1928193,54.5844771],[161.2025824,54.5244184],[161.2921773,54.4855782],[161.4831377,54.5137549],[161.714829,54.5052782],[161.8331413,54.59756],[162.1299018,54.759633],[162.1543423,54.8527826],[161.9435922,55.0412829],[161.8760139,55.0695465],[161.7776065,55.2342702],[161.7398989,55.4613493],[161.7732329,55.6084246],[162.0208212,55.937686],[162.0523654,56.0480981],[162.1060307,56.1016322],[162.2499543,56.1601594],[162.539247,56.2219942],[162.6301233,56.2251274],[162.8243911,56.0584965],[163.046815,56.0097122],[163.1763685,56.1320712],[163.3618822,56.1836011],[163.3567714,56.3132999],[163.2685232,56.4788804],[163.2373276,56.602648],[163.2725663,56.6799694],[163.2344268,56.7393594],[163.0765122,56.741715],[162.948519,56.6925951],[162.7787928,56.7727489],[162.853,57.0370703],[162.7695607,57.2428387],[162.7831175,57.3500037],[162.8710728,57.4182338],[163.1029268,57.490355],[163.2063416,57.5790104],[163.2281764,57.6642018],[163.3122075,57.7270842],[163.2018229,57.8193414],[163.0523596,57.8192555],[162.7177206,57.938997],[162.5580779,57.9329524],[162.4942329,57.8507817],[162.5148562,57.7665069],[162.2416736,57.807145],[162.0739863,57.890961],[161.9899081,58.0272765],[162,58.1334385],[162.1331827,58.3698518],[162.2838457,58.5386529],[162.5333701,58.7417532],[162.7513666,58.8176304],[162.856651,58.9272134],[163.0104028,58.9435681],[162.9938706,59.020047],[162.9068624,59.1077675],[163.0788411,59.1744303],[163.0924797,59.2634578],[163.3379962,59.2857757],[163.3338535,59.4011727],[163.1902258,59.5290476],[163.2134633,59.570837],[163.3698688,59.5951169],[163.4231996,59.6441788],[163.371497,59.7198267],[163.4122291,59.8173576],[163.5053398,59.8831846],[163.6763411,59.8857813],[163.7572662,59.9505398],[163.6728596,60.0240841],[163.9691155,60.0193743],[164.1534947,59.9781209],[164.3212331,59.9842526],[164.3176762,60.0746679],[164.4892294,60.1000671],[164.713752,59.9973831],[164.7730973,59.9377856],[164.8209718,59.8095785],[165.052782,59.8465973],[165.1905713,59.983001],[165.1211463,60.0812161],[165.2273267,60.087289],[165.4045294,60.1714753],[165.7607256,60.2632011],[165.9625638,60.3539247],[166.0106463,60.4221531],[166.2678239,60.4733137],[166.3863099,60.425172],[166.276667,60.3684284],[166.313364,60.1950611],[166.208071,60.1274726],[166.1794776,59.9734021],[166.0993014,59.876802],[166.0898805,59.804437],[166.2948082,59.8125299],[166.4281426,59.9317854],[166.7376162,60.0976039],[166.7983833,60.1664953],[166.9609909,60.2715572],[167.2282008,60.3386144],[167.5246969,60.4302053],[167.6699597,60.4479958],[167.776743,60.5058559],[167.8763793,60.5033662],[168.1306844,60.5659383],[168.3200173,60.590149],[168.5580643,60.5943515],[168.6408283,60.5525186],[168.7569205,60.5643734],[169.2206628,60.5476611],[169.390642,60.5203281],[169.7510566,60.3755931],[169.7810155,60.2698677],[169.8725442,60.2351144],[169.8836669,60.1681907],[169.9751127,60.0649952],[170.0716232,60.0462981],[170.286066,59.9258123],[170.4214315,59.9686551],[170.4812728,60.1933032],[170.5241839,60.2559718],[170.6911243,60.3177618],[170.6428309,60.4096417],[170.7870723,60.4180488],[170.8425672,60.4728558],[171.1098129,60.552637],[171.2129625,60.5582679],[171.4034959,60.6418009],[171.710103,60.8333798],[171.8838804,60.8191173],[172.0920993,60.8864407],[172.2699085,61.0077154],[172.4232575,61.0120122],[172.4111198,61.086614],[172.5080628,61.1735629],[172.6503066,61.1661715],[172.7111678,61.2278945],[172.9662627,61.2883374],[172.939624,61.3415869],[172.7411667,61.3984634],[172.9108005,61.4636235],[173.0716147,61.3825669],[173.3051443,61.4504204],[173.3035686,61.5089043],[173.5071018,61.5555735],[173.4911924,61.7068232],[173.6459749,61.7392559],[173.8708861,61.6624555],[174.0354918,61.7446742],[174.2149146,61.7977826],[174.4754051235718,61.80817361608636],[174.5188722,61.8701615],[174.4376473,61.9236861],[174.4518976,62.0239034],[174.3538161,62.0786176],[174.1588768,62.0849071],[174.1371336,62.2039462],[174.0546463,62.2878996],[174.1510942,62.3378602],[174.1601909,62.4025116],[174.0820538,62.4670866],[173.955109,62.4371633],[173.8428651,62.5079948],[173.67219,62.5468191],[173.5009882,62.523735],[173.4300975,62.4840779],[173.1762836,62.4474462],[173.0700087,62.3830735],[172.9367435,62.4018606],[172.8545321,62.3476436],[172.7561713,62.4125844],[172.4522122,62.4389648],[172.3357503,62.3996571],[172.2181121,62.4530106],[172.0779099,62.465021],[171.978614,62.4162433],[171.4108068,62.298656],[171.2442325,62.3403057],[171.0571572,62.2772644],[170.8817033,62.2807542],[170.7822098,62.2525994],[170.5442385,62.3038047],[170.370708,62.3093605],[170.2986679,62.2758485],[170.0821704,62.4358999],[170.1187597,62.4908399],[170.0423532,62.5733139],[170.0068749,62.676483],[169.8327451,62.6594698],[169.6794086,62.7045982],[169.5850758,62.7882176],[169.1091856,62.9800794],[168.9222446,62.9435813],[168.4663679,63.0834855],[168.6271508,63.1609548],[168.7449755,63.1800263],[168.8274491,63.3049415],[169.0941533,63.4139996],[169.1768399,63.4777989],[169.4795171,63.5654186],[169.6086482,63.6626148],[169.5716946,63.807671],[169.3865808,63.8623773],[169.387495,63.9400755],[169.1020141,63.9408309],[168.8088861,64.1100329],[168.8001789,64.1836166],[168.6520264,64.1936828],[168.5625053,64.2889612],[168.3610416,64.2981655],[168.1721011,64.2747271],[167.9358705,64.2823005],[167.7868894,64.3330002],[167.6872694,64.3232372],[167.5874743,64.4286916],[167.3577304,64.4904982],[167.231553,64.6231826],[167.1365681,64.6221436],[166.9990673,64.5384172],[166.7299938,64.549762],[166.6351991,64.5214646],[166.4079407,64.590268],[166.1346758,64.606856],[166.0407282,64.5490838],[165.8458673,64.5487059],[165.8220321,64.6246862],[165.7212477,64.6712507],[165.6850517,64.7503139],[165.402956,64.7438009],[165.2866152,64.8275978],[165.0240306,64.8383317],[165.0125853,64.6759384],[164.860644,64.6834144],[164.7970483,64.7678491],[164.5164251,64.8250194],[164.270007,64.9269921],[163.9077422,64.8480283],[163.8104645,64.8900645],[163.4915736,64.8700627],[163.2978124,64.7996354],[163.1327167,64.7866065],[163.2648238,64.6933387],[163.1773606,64.6190654],[163.1975377,64.5344304],[163.4144516,64.445768],[163.3407262,64.2992393],[163.2727627,64.3012844],[163.1797474,64.1573111],[162.9906779,64.185611],[162.8673959,64.1626818],[162.8018886,64.1033812],[162.8234832,64.0086622],[162.9542109,63.9229048],[162.8434959,63.8492995],[162.723658,63.819938],[162.7436902,63.7423625],[162.8567783,63.7229173],[162.9020077,63.6438534],[162.9960491,63.6244085],[162.9710385,63.4803691],[162.7492163,63.3850406],[162.7559445,63.1660049],[162.3043714,63.0645296],[162.2795585,62.9033284],[162.5645587,62.8302128],[162.6585915,62.6977284],[162.8274295,62.6611701],[162.6811902,62.5712773],[162.7813842,62.4509641],[162.7862347,62.3117851],[162.6904017,62.2528612],[162.4042505,62.239548],[162.1680108,62.1491845],[162.5244722,62.0832153],[162.4914303,61.9549959],[162.2983407,61.9442275],[162.4671637,61.803877],[162.4659339,61.6648445]]],[[[167.5201788625,54.84173907213914],[167.4478316,54.8239981],[167.5594361,54.7506771],[167.6821625,54.7040023],[167.7229135,54.7640737],[167.5372645,54.8020263],[167.5201788625,54.84173907213914]]],[[[165.98475964502916,55.19484290547815],[166.0826527,55.1212408],[166.092926,55.0473851],[166.1790115,54.9559112],[166.3681525,54.8373853],[166.6718371,54.6793747],[166.6433565,54.865991],[166.5932912,54.9140462],[166.4447417,54.9625213],[166.3513666,55.0916629],[166.2413202,55.20092],[166.2769514,55.3166853],[166.1509431,55.3200053],[165.9680778,55.3630922],[165.7843756,55.2841858],[165.9139696,55.2529506],[165.98475964502916,55.19484290547815]]],[[[164.11549434566936,59.0624],[163.9280306,59.0244872],[163.7731192,58.8853971],[163.7671899,58.8088021],[163.5673191,58.5763406],[163.6691357,58.5923797],[163.8603948,58.6972828],[164.184211,58.8140305],[164.2618594,58.805539],[164.4705696,58.8673548],[164.6400312,58.8711369],[164.6962708,58.9108267],[164.7330198,59.0376725],[164.6404772,59.1293753],[164.6377849,59.1801905],[164.5379235,59.2264556],[164.3951048,59.1761086],[164.3101938,59.1121024],[164.11549434566936,59.0624]]]]},"properties":{"shapeName":"Kamchatka Krai","shapeISO":"RU-KAM","shapeID":"28173009B70023447378008","shapeGroup":"RUS","shapeType":"ADM1"}},
{"type":"Feature","geometry":{"type":"Polygon","coordinates":[[[42.6782891,43.809695],[42.6602013,43.9374359],[42.5845675,44.0263773],[42.4813346,43.9803947],[42.3762448,43.9724671],[42.3034082,44.0291368],[42.3351649,44.1325125],[42.4411547,44.1700926],[42.6085684,44.3118498],[42.5534177,44.3683184],[42.4790363,44.3250327],[42.3413922,44.3108866],[42.2145351,44.3512738],[42.0296533,44.3527496],[41.9208206,44.4098745],[41.9245723,44.4961103],[41.736078,44.4736649],[41.6336952,44.3778918],[41.7439797,44.2683772],[41.6989117,44.1711852],[41.6376676,44.1174282],[41.5507843,44.0961583],[41.4797499,44.0009256],[41.3932809,43.9856875],[41.2736208,44.0182329],[41.2911159,44.0854616],[41.0847882,44.0947128],[40.9548535,44.14107],[40.8857488,43.9446234],[40.8010235,43.9133102],[40.6756918,43.7162105],[40.7423973,43.6054304],[40.713345,43.532475],[40.89621,43.455494],[41.219206,43.381026],[41.413149,43.324283],[41.6184124,43.2220026],[41.745493,43.237071],[41.803944,43.2020382],[41.866791,43.244063],[42.037983,43.1881682],[42.1993559,43.2279373],[42.3363982,43.2192634],[42.4137762,43.2569824],[42.4028305,43.3928315],[42.4744252,43.5299161],[42.4560743,43.621092],[42.6026204,43.6562084],[42.6813728,43.7160462],[42.6782891,43.809695]]]},"properties":{"shapeName":"Karachay-Cherkessia","shapeISO":"RU-KC","shapeID":"28173009B95588705134862","shapeGroup":"RUS","shapeType":"ADM1"}},
{"type":"Feature","geometry":{"type":"Polygon","coordinates":[[[87.1269496,52.6153393],[87.2979667,52.5922094],[87.3713237,52.4997916],[87.5423272,52.4829013],[87.6533271,52.4224157],[87.7553048,52.4848677],[87.9314274,52.5360694],[88.2520801,52.3998967],[88.3691919,52.4417227],[88.4419056,52.3356311],[88.3806957,52.2738579],[88.3769637,52.1783127],[88.4752876,52.1708831],[88.7009933,52.2706178],[88.6994793,52.3637881],[88.9867593,52.4956255],[89.0133737,52.5526055],[89.1103957,52.5878497],[89.0530538,52.7058156],[89.137409,52.7068221],[89.2194002,52.8577509],[89.0754334,52.9581891],[88.9411864,52.9645025],[88.9357758,53.0455813],[89.0762805,53.1554782],[89.0364546,53.2800566],[88.9458759,53.3174291],[88.9105209,53.3921386],[88.7868751,53.3828743],[88.888445,53.5584005],[88.9945532,53.6568776],[89.03796,53.786147],[89.2391094,53.8188981],[89.1650885,53.8853762],[89.1968385,53.9518328],[89.0741119,53.9564957],[89.0074652,54.0005012],[89.0123199,54.0807409],[89.1272711,54.1177107],[89.2167196,54.2497701],[89.1597604,54.3411274],[88.9729363,54.3175059],[88.9061289,54.403487],[88.6636949,54.3284114],[88.5811999,54.3232188],[88.3638129,54.3820623],[88.5038464,54.4164813],[88.592253,54.5405583],[88.5954009,54.6830502],[88.6458253,54.7651929],[88.7541633,54.7905468],[88.7320006,54.8929449],[88.6062909,54.9634565],[88.5393082,55.0358883],[88.5585262,55.1203758],[88.4414098,55.3048421],[88.5312977,55.3429181],[88.6012577,55.4273774],[88.6530792,55.4992686],[88.9025692,55.6452754],[89.3426611,55.7708924],[89.4006505,55.8563156],[89.3030703,55.8965329],[89.2416383,55.9927817],[89.2680411,56.070859],[89.1266894,56.1845317],[89.0366523,56.201266],[89.0398982,56.3004836],[88.8609217,56.3729083],[88.695147,56.3664302],[88.5934159,56.4306641],[88.5008785,56.6218904],[88.6631493,56.6197674],[88.6740133,56.6800677],[88.5975569,56.8021984],[88.5239526,56.768973],[88.4244158,56.8344202],[88.1420328,56.7094068],[87.7023395,56.5518361],[87.5966646,56.663656],[87.3645797,56.5929574],[87.1180124,56.535604],[86.848797,56.5559008],[86.6781902,56.6432646],[86.5324589,56.5772486],[86.3826754,56.5480358],[86.3388874,56.6360745],[86.2046226,56.623997],[86.195642,56.5787586],[86.000625,56.4823184],[85.9865786,56.4367364],[85.8042964,56.4120629],[85.8024677,56.3398763],[85.6289656,56.3174003],[85.5624924,56.280707],[85.6845185,56.211708],[85.2018799,56.2168674],[84.9868625,56.107777],[84.897481,56.1628166],[84.4478947,56.0415709],[84.5711958,56.004842],[84.4690135,55.8730312],[84.6077714,55.7996464],[84.5400453,55.7180522],[84.741812,55.6422076],[84.7839083,55.5241673],[84.7556479,55.467454],[84.620791,55.4042164],[84.6938533,55.3728054],[84.859235,55.3752637],[84.9127293,55.2751613],[84.8182678,55.2270907],[84.9271886,55.1636081],[84.9055964,55.0586782],[84.8370133,54.99691],[84.971513,54.9448037],[85.088096,54.81637],[85.0026573,54.8000059],[84.901792,54.727083],[85.0040514,54.6798591],[84.9311654,54.6087717],[85.1159569,54.43783],[85.1599718,54.4531098],[85.4177842,54.1855444],[85.5384776,54.2245634],[85.7490447,54.1642941],[85.8712534,54.0375565],[86.1242538,53.9808962],[86.1841392,53.8116257],[86.3003849,53.8299518],[86.356063,53.6607233],[86.5388654,53.527643],[86.863386,53.4391718],[86.8742682,53.3602632],[86.7532102,53.2637076],[86.6301319,53.2486275],[86.64421,53.1804644],[86.857245,53.0938231],[87.0545776,53.0412227],[87.0079139,52.8991838],[86.9124241,52.8469714],[87.0532426,52.7048927],[87.1686505,52.6960895],[87.1269496,52.6153393]]]},"properties":{"shapeName":"Kemerovo Oblast","shapeISO":"RU-KEM","shapeID":"28173009B4400867918714","shapeGroup":"RUS","shapeType":"ADM1"}},
{"type":"Feature","geometry":{"type":"MultiPolygon","coordinates":[[[[131.4200281,49.2554531],[131.5571653,49.248063],[131.6519785,49.3060627],[131.8194992,49.3332562],[131.8847524,49.273162],[131.9740524,49.3077843],[131.9943638,49.3780238],[132.0632483,49.4109365],[132.109977,49.4937869],[132.2740861,49.4629658],[132.4075943,49.3690868],[132.3695688,49.3127718],[132.4832422,49.2661476],[132.633181,49.2864903],[132.7832932,49.3301112],[132.8108626,49.2363992],[133.0552267,49.2146386],[133.0801086,49.1713493],[133.2786123,49.0303543],[133.2245257,48.9619766],[133.2813506,48.8484584],[133.463447,48.8290972],[133.5892766,48.7295026],[133.7590733,48.7414519],[133.8535767,48.665552],[134.0465141,48.6354305],[134.21808,48.6588432],[134.2522424,48.7089653],[134.4079078,48.7462038],[134.5640358,48.5984763],[134.6507837,48.6093448],[134.7357335,48.5704192],[134.8597627,48.6146189],[134.9769738,48.6026189],[134.9957846,48.5326809],[134.9201622,48.4924846],[134.8417089,48.3908134],[134.7662016,48.3640449],[134.6760736,48.2573316],[134.667496,48.1521969],[134.5445014,48.0243817],[134.6633455,47.8248592],[134.7751959,47.7399714],[134.6804208,47.5981297],[134.4861697,47.4430053],[134.3111775,47.433286],[134.1693339,47.3183854],[134.150077,47.2529601],[134.2197881,47.1869171],[134.2177713,47.1077119],[134.139837,47.092521],[134.0162408,46.8108245],[134.0454233,46.7805044],[134.0056443,46.6549283],[134.2085516,46.6523228],[134.3877296,46.6753918],[134.4730999,46.7718525],[134.4074271,46.8609995],[134.4528455,46.9202426],[134.5764786,46.9929092],[134.66213,47.1242906],[134.8403045,47.1684669],[134.9217336,47.1305247],[135.0197229,47.1441089],[135.0853181,47.2133998],[135.292227,47.1281101],[135.4215648,47.0561648],[135.3443932,46.929801],[135.4277521,46.9265849],[135.5837798,46.9771455],[135.6827333,46.9654889],[135.807087,46.8842191],[135.8366676,46.8285927],[135.9868257,46.7964376],[136.0541057,46.8674376],[136.1470128,46.8070001],[136.3600786,46.7633695],[136.4012768,46.8209449],[136.6249284,46.7982703],[136.8947155,46.9566907],[136.9781124,47.0249226],[136.9261876,47.0686949],[136.9480039,47.1663231],[137.0813252,47.3040031],[137.2310221,47.2830457],[137.3355872,47.2123088],[137.4651865,47.2094468],[137.5932144,47.3137972],[137.7367611,47.3301031],[137.9177869,47.4069883],[138.0778571,47.5119821],[138.0674163,47.591873],[137.9730781,47.6148327],[138.0493943,47.6796315],[137.8785276,47.7516564],[137.7766069,47.7205449],[137.5950121,47.8050148],[137.4530388,47.7844176],[137.4824361,47.8569413],[137.6109635,47.8989955],[137.5157681,47.9761693],[137.336029,48.0563297],[137.3370902,48.1092047],[137.4513236,48.2029607],[137.6781973,48.2482801],[137.8345691,48.2093181],[137.928393,48.2280687],[138.099146,48.3278537],[138.2360407,48.4433425],[138.3965876,48.4439374],[138.500415,48.3802612],[138.4626458,48.3187729],[138.6019868,48.1800907],[138.703497,48.2101053],[138.6998508,48.1167459],[138.5748839,48.0476385],[138.7728641,47.8827834],[138.8069864,47.8191741],[138.7377442,47.7698777],[138.5066953,47.6770505],[138.6304004,47.6042303],[138.5962751,47.520015],[138.5368395,47.4819826],[138.7253471,47.4405688],[138.8627036,47.4695892],[139.0329652,47.3960422],[139.1173905,47.577032],[139.2017587,47.6660449],[139.2636633,47.8020002],[139.4093334,47.9273846],[139.5347858,47.9699761],[139.7189949,48.1611452],[140.1723516,48.4448966],[140.1629888,48.5596587],[140.1912759,48.5985347],[140.1904878,48.7479725],[140.2454214,48.8515013],[140.3610214,48.920251],[140.3741986,48.9702149],[140.2959425,49.0409851],[140.3592976,49.1547525],[140.3101758,49.2151308],[140.4270674,49.3064962],[140.4172786,49.4009777],[140.5468205,49.5645829],[140.499399,49.6791866],[140.5283601,49.7860827],[140.4522783,49.8055091],[140.3985168,49.8746836],[140.4712199,49.9827946],[140.6570462,50.0606192],[140.501575,50.1681539],[140.4834219,50.4590652],[140.4130829,50.5439691],[140.4902414,50.6284699],[140.4308485,50.7124958],[140.5185749,50.8333988],[140.5015727,50.8718615],[140.6408164,50.9520091],[140.679467,51.0357145],[140.6433936,51.1184189],[140.6501137,51.2261469],[140.7011311,51.2495173],[140.677285,51.3305641],[140.8539616,51.3749463],[140.7809319,51.4661169],[140.8985726,51.5248775],[140.8732261,51.5921144],[140.9783316,51.6709782],[141.1070482,51.6830425],[141.1682702,51.828469],[141.4155782,51.9492681],[141.3495774,51.9899635],[141.3494574,52.0995967],[141.5177521,52.1601806],[141.538119,52.205713],[141.3909197,52.2209489],[141.2509898,52.2983364],[141.1191632,52.4006564],[141.1115801,52.4828478],[141.2108293,52.5081316],[141.2593154,52.6010036],[141.2469079,52.7365579],[141.1635356,52.7909763],[141.2369497,52.8682825],[141.1984884,53.0122678],[141.2437315,53.0808295],[141.3637128,53.0844313],[141.4430167,53.1652115],[141.4171648,53.2938039],[141.1920917,53.3157754],[141.1119783,53.3949209],[141.0091903,53.4083917],[140.9457563,53.4991707],[140.7323103,53.5630115],[140.5222233,53.6646099],[140.5195326,53.7122078],[140.3466593,53.7801992],[140.2562801,53.870787],[140.3276834,53.9562194],[140.207608,53.9993166],[140.1961139,54.0556256],[140.0154232,54.1036655],[139.77725,54.221],[139.7312413,54.2953536],[139.58425,54.23125],[139.33,54.1775],[139.1064639,54.1989752],[138.7248155,54.3044899],[138.7323957,54.1556438],[138.76875,53.97825],[138.69175,53.90375],[138.70775,53.8455],[138.6595,53.707],[138.4902151,53.5359012],[138.3926848,53.5075649],[138.27125,53.52025],[138.419,53.69225],[138.586,53.806],[138.58325,53.99375],[138.37075,53.902],[138.3258214,53.7588283],[138.1815,53.67325],[138.01275,53.626],[137.95025,53.581],[137.67975,53.5475],[137.3144853,53.532828],[137.2181188,53.5847071],[137.363905,53.6659913],[137.498,53.669],[137.5963032,53.8149078],[137.66575,53.8705],[137.80525,53.90475],[137.7662593,53.9510707],[137.58025,53.957],[137.4313029,54.0385649],[137.2975268,54.0632281],[137.3340562,54.1259433],[137.4895123,54.1322963],[137.7148139,54.2919747],[137.4508142,54.3130863],[137.258,54.2105],[137.1137086,54.164961],[137.08575,54.124],[137.1954545,54.033884],[137.2983748,54.0433611],[137.1938539,53.8477721],[136.8702164,53.8272321],[136.8075664,53.7789933],[136.7109387,53.794385],[136.6752026,53.9518636],[136.7154214,54.0311385],[136.8160514,54.1341152],[136.7605,54.20325],[136.8106484,54.3023292],[136.7477917,54.3575829],[136.7583413,54.4272886],[136.8776007,54.5719691],[136.7481562,54.6145536],[136.4786408,54.5854462],[136.1025844,54.6027664],[135.84825,54.562],[135.7084219,54.577734],[135.69475,54.64225],[135.3845,54.70175],[135.2545328,54.7413242],[135.1752325,54.816791],[135.1820514,54.8643677],[135.2985,54.9605],[135.544,55.09175],[135.6981687,55.1140349],[136.1333969,55.2890818],[136.2156186,55.3527448],[136.3517143,55.5232476],[136.4202657,55.5681781],[136.5387773,55.5834537],[136.7996229,55.695228],[136.90317,55.7690834],[137.0641724,55.8277693],[137.2915373,55.9618373],[137.3902572,55.9450763],[137.4361855,56.0433875],[137.5866048,56.1169532],[137.7165668,56.1335128],[137.8372754,56.229638],[137.916041,56.3639746],[138.0389144,56.3804647],[138.134153,56.4929443],[138.1360836,56.6013704],[138.2551417,56.639572],[138.3792548,56.7217228],[138.4532559,56.8071575],[138.5617299,56.8463618],[138.6106324,56.9552559],[138.92566,57.0607569],[138.9261317,57.1428524],[139.032199,57.162301],[139.1829619,57.2719004],[139.4154084,57.3006072],[139.5250742,57.3616453],[139.6018826,57.4601367],[139.8212618,57.5132788],[139.8757701,57.5999168],[139.99351,57.698496],[140.1172419,57.7430188],[140.32271,57.7684042],[140.4885803,57.8430468],[140.5368014,57.9764162],[140.6701177,58.1921674],[140.7772091,58.3039018],[141.0383582,58.4423253],[141.3145806,58.5067725],[141.5420285,58.6015748],[141.6805577,58.6810519],[141.8962998,58.8858525],[142.0824298,59.0330608],[142.2832143,59.1319366],[142.5458577,59.222511],[142.853368,59.2744831],[143.2295844,59.3845306],[143.3816598,59.3258867],[143.482087,59.3194044],[143.7637159,59.38686],[143.9987156,59.4025035],[144.4090597,59.3690318],[144.777395,59.3832221],[144.9802727,59.3673328],[145.2185533,59.4111385],[145.3577985,59.3881331],[145.5720793,59.4206258],[145.9487108,59.3503788],[145.8297567,59.2434371],[146.0848365,59.167797],[146.2043286,59.209519],[146.3528567,59.2066256],[146.3018333,59.2785111],[146.3033741,59.3896373],[146.5110083,59.4654135],[146.678007,59.4332492],[146.6918142,59.3944514],[146.9416411,59.3683841],[147.1097053,59.4089208],[147.1025509,59.4703457],[147.1739933,59.6460622],[147.1292266,59.6970111],[147.2167891,59.7353255],[147.1182617,59.8861985],[147.0392704,59.947898],[146.9422268,59.9518586],[146.8007701,59.9050548],[146.7021387,59.9715536],[146.6891123,60.0872943],[146.5004422,60.1233499],[146.4846312,60.1927645],[146.3723866,60.2505872],[146.2173136,60.208566],[145.9789025,60.2024915],[145.8574111,60.1702718],[145.6369639,60.2648458],[145.574393,60.3355584],[145.5288512,60.4948295],[145.6550898,60.5288346],[145.7136085,60.5949776],[145.9309393,60.6191036],[146.063997,60.7088281],[146.3212914,60.662591],[146.4440248,60.671125],[146.4503511,60.7567712],[146.52209,60.8679428],[146.5032747,60.9409814],[146.705414,60.9493641],[146.7533607,61.0945101],[146.7574825,61.2098571],[146.6998899,61.302982],[146.7397525,61.4686054],[146.5809093,61.5317226],[146.572679,61.6502758],[146.3891282,61.743088],[146.3476967,61.8414452],[145.9654182,62.0044941],[145.6678614,62.0461898],[145.6527308,61.9938421],[145.5385883,61.9498582],[145.29382,62.0027353],[145.2108034,61.9641447],[145.0524805,61.9968427],[144.9878214,62.0519193],[144.7364197,62.0454828],[144.5829793,61.9732057],[144.515905,61.8451661],[144.4119543,61.8332999],[144.2524242,61.7405084],[143.944683,61.7549859],[143.9985367,61.8915831],[143.9187757,61.9595892],[143.6423552,61.8578705],[143.6091263,62.0360109],[143.4003582,62.0278108],[143.1359087,62.1040045],[143.1046726,62.0147279],[143.0064718,61.9148424],[142.6861798,61.9654854],[142.4673135,61.8919661],[142.4170904,61.9437943],[142.2635741,61.9722939],[142.2669647,62.017924],[142.1453196,62.0755105],[142.0662822,62.0409678],[141.833325,62.017922],[141.5535597,62.1637873],[141.4928694,62.2867346],[141.2797873,62.4009035],[141.1395247,62.3994342],[141.0613248,62.4898341],[140.7399868,62.5092082],[140.6282718,62.403972],[140.4120524,62.4134365],[140.3413796,62.3737933],[140.2917074,62.2681966],[140.3271799,62.1518431],[140.2759878,62.0378078],[140.1163345,61.9687937],[139.9525456,61.9365287],[139.9375587,61.8040244],[139.6922933,61.6622423],[139.6485899,61.5622508],[139.5537578,61.4736093],[139.3893109,61.4865075],[139.2803306,61.4276518],[139.091365,61.4351346],[139.0395484,61.3456473],[138.9265586,61.3175609],[138.7349266,61.3368837],[138.6491378,61.2973067],[138.651092,61.2269866],[138.3246547,61.0617177],[138.3439805,60.9778023],[138.2690917,60.9549151],[138.2069218,60.8570347],[138.3975259,60.7230031],[138.3968392,60.6206545],[138.3165382,60.4913072],[138.3067885,60.3130819],[138.2132163,60.2778135],[138.2624216,60.0688055],[138.1757035,59.8267875],[138.2720962,59.7057733],[138.2175955,59.6539794],[138.0212035,59.6707794],[138.0804769,59.7467897],[137.9743405,59.7723452],[137.6319783,59.7513027],[137.4911844,59.6808377],[137.449793,59.6131379],[137.2983429,59.4956134],[136.6729036,59.3458575],[136.3173511,59.4238105],[136.0898828,59.4195513],[135.9475674,59.4588135],[135.8264478,59.5261066],[135.613066,59.4878388],[135.4378295,59.3969575],[135.2609297,59.2339603],[135.3023845,59.2027439],[135.1932512,59.1143835],[134.9886064,59.1649124],[134.8425094,59.1366018],[134.7164152,59.2047005],[134.5625092,59.2030861],[134.4774076,59.1444805],[134.365691,59.2022581],[134.1837026,59.2185301],[134.077362,59.2560169],[133.8565758,59.2572096],[133.7475407,59.228344],[133.5724884,59.2510181],[133.4858989,59.3103915],[133.2719168,59.2266888],[133.1709727,59.2414102],[132.9889546,59.158992],[132.7650017,59.0073658],[132.8449082,58.9931743],[132.7772449,58.8870267],[132.6681231,58.9101226],[132.534671,58.8208782],[132.5465112,58.6596893],[132.386507,58.5612508],[132.1754766,58.4895554],[132.2263051,58.3862284],[132.1984008,58.2546284],[132.1114361,58.2784304],[131.9984737,58.1503933],[132.1047847,58.1220594],[132.0662743,58.049308],[131.8287236,58.1667404],[131.5567261,58.2115319],[131.4952038,58.1704938],[131.5806773,58.0385575],[131.7992127,57.9324525],[131.8793323,57.8154827],[132.0509713,57.7312513],[132.068427,57.6817197],[131.9421621,57.6167091],[131.8491163,57.622865],[131.7807729,57.5386161],[131.6062839,57.4282004],[131.6087507,57.3093624],[131.5088213,57.2681517],[131.2553285,57.2987904],[131.2023333,57.2032898],[131.3334821,57.1869127],[131.4302587,57.1383352],[131.605968,56.9557524],[131.7079919,56.8959863],[131.8316812,56.7427458],[131.7007814,56.6905274],[131.6925102,56.5262862],[131.4920974,56.5658779],[131.4082785,56.5092434],[131.2221156,56.5208445],[131.0973772,56.3840436],[131.139749,56.2983115],[131.1113715,56.2417666],[130.9912868,56.1675847],[130.9715212,56.0802176],[130.8966929,56.0186421],[130.9355354,55.9635961],[130.8602198,55.9150994],[130.964553,55.8000077],[130.952768,55.7121765],[131.0593308,55.6565533],[131.2157164,55.6941361],[131.3352452,55.6510162],[131.4844345,55.6972543],[131.5643492,55.6556792],[131.6361823,55.7089168],[131.773743,55.694409],[131.9471451,55.7071348],[132.1481934,55.6813032],[132.2580662,55.7405795],[132.4410574,55.7427815],[132.5581523,55.709942],[132.6615065,55.6264057],[132.6393721,55.5566418],[132.7632575,55.4562953],[132.9653406,55.4203396],[132.7736198,55.3478347],[132.6114887,55.235266],[132.3722031,55.2477069],[132.3371762,55.2223234],[132.4351352,55.0913688],[132.294485,55.062012],[132.1273982,55.0666606],[132.0172202,55.0264466],[132.0112728,54.9333453],[131.8101065,54.8614553],[131.6715376,54.7754465],[131.6184095,54.7937909],[131.3948903,54.73728],[131.2866467,54.6588115],[131.1694721,54.635017],[131.2316345,54.5586834],[131.1341566,54.3674654],[131.0370367,54.291559],[130.9391629,54.339254],[130.7593968,54.3019952],[130.511178,54.1224156],[130.5026197,54.003311],[130.3910223,53.9199677],[130.5877794,53.8784617],[130.8518485,53.8491673],[130.8964401,53.7833583],[131.0316878,53.8245994],[131.3452684,53.7830159],[131.4441388,53.739173],[131.4182646,53.6833799],[131.4914096,53.6023537],[131.4512727,53.5101096],[131.5110466,53.4326827],[131.5334407,53.3336604],[131.4415488,53.2213154],[131.8546878,53.2315784],[131.8265093,53.1740197],[131.8947503,53.1377614],[132.0380716,53.1578697],[132.0625114,53.2202958],[132.300443,53.23916],[132.4544399,53.2182533],[132.7705466,53.2497242],[132.8612009,53.2352757],[133.0279879,53.3065489],[133.139159,53.3076753],[133.1654585,53.4102344],[133.5990117,53.5512869],[133.7162657,53.4671976],[133.7943848,53.4912216],[133.9237724,53.4477362],[134.1952848,53.4822346],[134.2593076,53.5421712],[134.5312373,53.6214822],[134.7230905,53.5289524],[134.7297923,53.4913558],[134.8902709,53.4354717],[134.8003024,53.4010057],[134.8686898,53.317917],[134.8923108,53.2139074],[134.8139615,53.1578053],[134.8627905,53.099726],[134.7717703,53.0702486],[134.5945986,52.9008741],[134.5938816,52.8572054],[134.752147,52.6796783],[134.6218398,52.5738211],[134.6235992,52.4389359],[134.2924114,52.4611718],[134.1671888,52.5135733],[134.0975204,52.4816003],[133.9985101,52.5403582],[133.8697049,52.514491],[133.8191426,52.566742],[133.7084842,52.5586459],[133.5886369,52.6144262],[133.3171876,52.6810725],[133.2292838,52.616671],[133.3007537,52.5291831],[133.2371728,52.4501445],[133.3138842,52.4000074],[133.3376641,52.32188],[133.4204497,52.233701],[133.3259105,52.1935287],[133.0926961,52.1531264],[132.8182074,52.1628216],[132.7593271,52.1220527],[132.6458825,52.1142553],[132.5401042,52.0502494],[132.5332956,51.9763438],[132.4244836,51.9808711],[132.4190278,51.9054679],[132.264218,51.8000982],[132.2188754,51.8397837],[132.1179264,51.7785494],[132.0657055,51.8005089],[131.9562903,51.7453142],[131.8584914,51.7582656],[131.7798768,51.7004241],[131.6043229,51.6659604],[131.4317296,51.6883392],[131.3901401,51.5946682],[131.4676452,51.4862215],[131.490443,51.3467111],[131.3605953,51.389378],[131.2531086,51.3632978],[131.1616621,51.2504921],[131.042859,51.2391232],[130.9715473,51.1426683],[130.9270461,51.0277656],[130.7954988,51.0240915],[130.7569835,50.9562738],[130.8453836,50.8791209],[130.6727339,50.7422225],[130.7639695,50.6563908],[130.907408,50.6695387],[131.0264525,50.5774564],[130.9332011,50.4950976],[130.930691,50.3900135],[131.0470692,50.4334618],[131.3100478,50.3228087],[131.4421878,50.2028335],[131.3754456,50.1001533],[131.4300659,50.0516596],[131.3874029,49.9759013],[131.5205391,49.9034651],[131.4786506,49.7799478],[131.3699351,49.7195076],[131.4457226,49.6702726],[131.5240865,49.5723103],[131.5018377,49.4054623],[131.4200281,49.2554531]]],[[[137.26784747228956,54.84365],[137.24875,54.76475],[137.48825,54.867],[137.617669,54.7338007],[137.7017684,54.6150965],[137.89325,54.75975],[138.0105,54.80825],[137.9952384,54.9158447],[138.0779874,54.9811637],[138.1755,54.99425],[137.8901839,55.1285925],[137.5569878,55.1828779],[137.49075,55.0455],[137.3025,54.90575],[137.26784747228956,54.84365]]],[[[136.7780041,54.8944281],[136.7761665,54.9349874],[137.05921,54.9693445],[137.1667927,55.1165154],[137.0139881,55.1057292],[136.6817778,54.9507431],[136.7780041,54.8944281]]]]},"properties":{"shapeName":"Khabarovsk Krai","shapeISO":"RU-KHA","shapeID":"28173009B57295377776076","shapeGroup":"RUS","shapeType":"ADM1"}},
{"type":"Feature","geometry":{"type":"MultiPolygon","coordinates":[[[[158.5434444,66.3352353],[158.7231004,66.3159943],[158.9015938,66.2650986],[159.2155221,66.2162326],[159.260315,66.1641002],[159.0281808,65.9877878],[158.8982301,65.8138525],[158.9518409,65.7272298],[159.7101225,65.5816257],[159.8055618,65.5364301],[160.0926818,65.5022327],[160.2409447,65.4329527],[160.2088264,65.3621889],[160.3281517,65.3214529],[160.5122882,65.2034104],[160.6747253,65.1492939],[160.8682875,65.1433442],[161.0187899,65.1784266],[161.3177042,65.1484907],[161.5183937,65.0500716],[161.7180851,65.0030012],[161.7543629,64.9108683],[161.8481135,64.8246414],[162.3189794,64.7436611],[162.4223036,64.7620938],[162.6501067,64.7409798],[162.7524805,64.6621859],[162.9619,64.6568306],[163.2648238,64.6933387],[163.1327167,64.7866065],[163.2978124,64.7996354],[163.4915736,64.8700627],[163.8104645,64.8900645],[163.9077422,64.8480283],[164.270007,64.9269921],[164.5164251,64.8250194],[164.7970483,64.7678491],[164.860644,64.6834144],[165.0125853,64.6759384],[165.0240306,64.8383317],[165.2866152,64.8275978],[165.402956,64.7438009],[165.6850517,64.7503139],[165.7212477,64.6712507],[165.8220321,64.6246862],[165.8458673,64.5487059],[166.0407282,64.5490838],[166.1346758,64.606856],[166.4079407,64.590268],[166.6351991,64.5214646],[166.7299938,64.549762],[166.9990673,64.5384172],[167.1365681,64.6221436],[167.231553,64.6231826],[167.3577304,64.4904982],[167.5874743,64.4286916],[167.6872694,64.3232372],[167.7868894,64.3330002],[167.9358705,64.2823005],[168.1721011,64.2747271],[168.3610416,64.2981655],[168.5625053,64.2889612],[168.6520264,64.1936828],[168.8001789,64.1836166],[168.8088861,64.1100329],[169.1020141,63.9408309],[169.387495,63.9400755],[169.3865808,63.8623773],[169.5716946,63.807671],[169.6086482,63.6626148],[169.4795171,63.5654186],[169.1768399,63.4777989],[169.0941533,63.4139996],[168.8274491,63.3049415],[168.7449755,63.1800263],[168.6271508,63.1609548],[168.4663679,63.0834855],[168.9222446,62.9435813],[169.1091856,62.9800794],[169.5850758,62.7882176],[169.6794086,62.7045982],[169.8327451,62.6594698],[170.0068749,62.676483],[170.0423532,62.5733139],[170.1187597,62.4908399],[170.0821704,62.4358999],[170.2986679,62.2758485],[170.370708,62.3093605],[170.5442385,62.3038047],[170.7822098,62.2525994],[170.8817033,62.2807542],[171.0571572,62.2772644],[171.2442325,62.3403057],[171.4108068,62.298656],[171.978614,62.4162433],[172.0779099,62.465021],[172.2181121,62.4530106],[172.3357503,62.3996571],[172.4522122,62.4389648],[172.7561713,62.4125844],[172.8545321,62.3476436],[172.9367435,62.4018606],[173.0700087,62.3830735],[173.1762836,62.4474462],[173.4300975,62.4840779],[173.5009882,62.523735],[173.67219,62.5468191],[173.8428651,62.5079948],[173.955109,62.4371633],[174.0820538,62.4670866],[174.1601909,62.4025116],[174.1510942,62.3378602],[174.0546463,62.2878996],[174.1371336,62.2039462],[174.1588768,62.0849071],[174.3538161,62.0786176],[174.4518976,62.0239034],[174.4376473,61.9236861],[174.5188722,61.8701615],[174.4754051235718,61.80817361608636],[174.7248703,61.8558752],[174.82318,61.9180913],[175.230481,62.0142715],[175.567531,62.1535191],[175.9807101,62.2497019],[176.2786922,62.2922592],[176.5448429,62.4160817],[176.9504909,62.5166045],[177.1250648,62.5405273],[177.5979233,62.5596624],[178.0924104,62.5307922],[178.3383139,62.4568383],[179.0376582,62.3351747],[179.1836908,62.3188063],[179.1192502,62.4173713],[179.2083742,62.4908208],[179.3636809,62.476885],[179.4445516,62.5778623],[179.589597,62.6191579],[179.6325617,62.6875917],[179.5812516,62.8211499],[179.5151836,62.8672119],[179.3695194,62.8762259],[179.2838532,62.9588039],[179.3060602,63.0320063],[179.4665994,63.0591005],[179.3481841,63.1835884],[179.0468637,63.2993386],[178.8840738,63.44382],[178.8270114,63.5337831],[178.7849845,63.7343049],[178.6865762,63.9735902],[178.3554509,64.3224503],[178.1210871,64.2296477],[177.9747294,64.203132],[177.857368,64.2326253],[177.486345,64.4087437],[177.4147561,64.5238233],[177.5378501,64.7344591],[177.3560488,64.7514611],[177.1856461,64.697552],[177.0924462,64.7060787],[176.8623225,64.59213],[176.7252017,64.5932288],[176.5533375,64.6659965],[176.4734981,64.6639203],[176.3071057,64.7688075],[176.2221269,64.87938],[176.4427221,64.8466118],[176.5483353,64.7982624],[176.6836005,64.8548629],[176.9657875,64.8206974],[176.9693238,64.7808332],[177.172434,64.7648232],[177.3377317,64.8120204],[177.2800015,64.90786],[177.5122541,64.9026488],[177.4986715,64.8203506],[177.6705529,64.6978396],[178.180389,64.6659759],[178.3623327,64.6358966],[178.7543994,64.6764023],[178.8967294,64.6682103],[179.1398197,64.7604986],[179.5121623,64.7962875],[179.8558523,65.0009481],[180,65.03847],[180,65.3113629],[180,65.3243631],[180,65.3301813],[180,65.360292],[180,65.3825244],[180,65.3859153],[180,65.44526],[180,65.45421],[180,65.47925],[180,65.80333],[180,65.8637],[180,65.86605],[180,66.6405909],[180,66.893975],[180,66.9138303],[180,66.9296325],[180,67.1681375],[180,67.5522267],[180,67.9266575],[180,68.3562908],[180,68.5128817],[180,68.5504098],[180,68.9099376],[180,68.9254943],[180,68.9299964],[180,68.9588655],[180,68.9698101],[179.6999599,69.0014451],[179.653427,69.0984046],[179.383677,69.2279901],[178.7611905,69.4052339],[178.4457669,69.455565],[178.0969756,69.4565932],[177.8181507,69.5061624],[177.5193862,69.5847796],[177.1952989,69.6021704],[176.8932383,69.6438158],[176.4528749,69.7314256],[176.1352291,69.8708024],[175.780565,69.8784036],[175.1139916,69.8371761],[174.4342371,69.8481904],[174.1004254,69.8757723],[173.6859737,69.837023],[173.4973356,69.9305106],[173.309735,69.8776888],[173.51781,69.7997505],[173.4104643,69.7647085],[173.1913192,69.7722672],[173.2190831,69.8320001],[173.0292429,69.8467147],[172.8462562,69.8965861],[172.7525708,69.9648136],[172.5261845,69.9370935],[172,69.9783129],[171.426128,70.0516996],[170.9685496,70.088245],[170.7732687,70.0815563],[170.5835318,70.0365893],[170.5236155,69.9093225],[170.6183061,69.7546811],[170.300488,69.7059683],[170.1993188,69.6674354],[170.2122299,69.5805377],[170.5633087,69.5965105],[170.6708677,69.5493718],[170.9313118,69.2725083],[170.8890389,69.1642198],[171.0322571,69.1009836],[170.9454216,69.0033437],[170.4231358,68.8289232],[169.7434834,68.7658345],[169.583906,68.7734106],[169.4110376,68.8649693],[169.4452066,68.9380892],[169.4008448,69.0466187],[169.121685,69.0841736],[168.7127837,69.1987322],[168.3439975,69.2061387],[168.2301497,69.3016905],[168.2233448,69.4023491],[168.2844417,69.5412629],[167.9682371,69.6362092],[168.0541402,69.7449969],[167.7283339,69.7626197],[167.2154871,69.5427303],[166.9072256,69.4632681],[166.5756163,69.4991781],[166.2365798,69.5057891],[165.8067083,69.5703708],[165.4577259,69.5706091],[165.2355286,69.5899622],[164.8681217,69.5588902],[164.5553818,69.5835503],[164.2694318,69.6605465],[164.1277261,69.7475694],[163.9889337,69.749384],[163.7842615,69.6771569],[163.4903056,69.6741106],[163.3157962,69.7047375],[162.7642186,69.6338929],[162.4704441,69.6556354],[162.3223333,69.5285336],[162.4320791,69.4542064],[162.3494998,69.4063869],[162.5436289,69.3729607],[162.5137185,69.3277756],[162.7724733,69.1813515],[162.5319074,69.1056384],[162.5795496,68.9612108],[162.7265287,68.9285394],[162.7993705,68.8228542],[162.5916083,68.7776316],[162.6031912,68.6875305],[162.7516852,68.5839546],[162.5638244,68.483344],[162.6165632,68.4373204],[162.5479502,68.3330411],[162.3937479,68.2745913],[161.9567386,68.3596916],[161.7106462,68.3454681],[161.6483867,68.3749334],[161.3272916,68.3685815],[161.0287567,68.2844242],[160.7317102,68.2479893],[160.5214561,68.2448837],[160.0638246,68.2671387],[159.3966832,68.1901839],[159.2632307,68.1908855],[158.9017978,68.1030033],[158.6469845,68.1274068],[158.3723906,68.0761619],[158.213386,67.9404952],[158.1035656,67.9140215],[158.1060308,67.8217213],[158.2494881,67.8244918],[158.3642175,67.7247625],[158.1177003,67.7019398],[157.937497,67.7180396],[157.8100906,67.6745681],[157.7305655,67.5180018],[157.9077079,67.420455],[157.8113721,67.3083253],[158.0931552,67.2276823],[158.3983979,67.1001761],[158.7117643,67.0383888],[158.8154147,66.9404196],[158.787335,66.8938705],[158.9348677,66.768745],[158.7112201,66.6890767],[158.6362401,66.5664245],[158.5350208,66.5484311],[158.5043914,66.4629005],[158.3688735,66.4303095],[158.5434444,66.3352353]]],[[[-172.59092,64.68746],[-172.3503098,64.702159],[-172.087798,64.7730296],[-172.2768999,64.82657],[-172.50439,64.810079],[-172.59092,64.68746]]],[[[-180,65.03847],[-179.6568471,65.1626328],[-179.54059,65.2380553],[-179.4877536,65.410605],[-179.2728336,65.5263517],[-179.3382365,65.5672108],[-179.2736738,65.6297262],[-179.5991801,65.72652],[-179.6961618,65.7830642],[-179.79506,65.93989],[-179.7505519,66.0966682],[-179.6037401,66.1737201],[-179.5362588,66.1093752],[-179.30109,66.12644],[-179.2126221,66.1818844],[-179.3808735,66.2818599],[-179.3637179,66.3238217],[-179.0465547,66.2245191],[-178.9559902,66.1589599],[-178.7250141,66.1929808],[-178.6088846,66.3174739],[-178.4536066,66.3785728],[-178.44412,66.2216501],[-178.4764979,66.1362393],[-178.64326,66.0921201],[-178.6608295,66.0159547],[-178.8266301,65.98679],[-178.8127119,65.8806203],[-178.5766677,65.7357577],[-178.404745,65.702915],[-178.4839361,65.5433565],[-178.43101,65.4666401],[-178.1448099,65.46746],[-177.77116,65.44858],[-177.3207201,65.4872001],[-177.1556961,65.5816638],[-176.99648,65.63301],[-176.8734999,65.5947201],[-175.9191499,65.4118201],[-175.89143,65.2584101],[-175.73298,65.1338099],[-175.79589,65.08106],[-175.78669,64.94551],[-175.4799099,64.8766599],[-175.43167,64.8016199],[-175.3333,64.77673],[-175.0477401,64.76227],[-174.924986,64.787448],[-174.3422682,64.6295869],[-174.03277,64.5231199],[-173.99219,64.4159299],[-173.6325956,64.3253065],[-173.3895735,64.3872303],[-173.3726262,64.2978184],[-173.1072437,64.2428244],[-172.83863,64.2993199],[-172.8001099,64.42208],[-172.9624299,64.4907401],[-172.7549839,64.4997151],[-172.71454,64.39765],[-172.59303,64.3720299],[-172.32995,64.45267],[-172.41245,64.5363101],[-172.57912,64.5515],[-172.82991,64.65592],[-172.74089,64.76175],[-172.7560501,64.8337101],[-172.6692809,64.8711151],[-172.38877,64.9228901],[-172.2593903,64.9669322],[-172.0881101,65.0961099],[-172.1916101,65.1789499],[-172.1764999,65.2911001],[-172.27928,65.4195299],[-172.3919699,65.43657],[-172.37835,65.5750599],[-172.6604923,65.6294012],[-172.6249999,65.68618],[-172.4300999,65.68494],[-172.31417,65.6255001],[-171.9661401,65.5206999],[-171.7437407,65.4992343],[-171.28445,65.52684],[-171.0457399,65.4662299],[-170.9787123,65.5859298],[-171.2381202,65.6537994],[-171.2983303,65.7323707],[-170.8837599,65.6536301],[-170.84244,65.6206],[-170.6212,65.6012899],[-170.50215,65.6513199],[-170.5343101,65.86136],[-170.1806699,66.0024399],[-169.95726,66.04417],[-169.7195199,66.0053099],[-169.6518901,66.0782879],[-169.7396286,66.1526811],[-170.1150019,66.2078732],[-170.2613501,66.296],[-170.5767999,66.3513901],[-170.6676101,66.4186],[-171.35497,66.6726901],[-171.33403,66.74637],[-171.6076299,66.82328],[-171.6960542,66.8835407],[-171.6764499,66.9416301],[-171.9005501,66.97094],[-172.0586699,66.94338],[-172.54444,66.99271],[-172.65786,67.0170199],[-173.07466,67.04755],[-173.6486801,67.11337],[-173.7506699,67.0740301],[-174.12116,67.0820499],[-174.20128,66.9977899],[-174.0358199,66.9667599],[-173.9379433,66.7793387],[-173.9422901,66.6599001],[-174.1928097,66.5956779],[-174.0698312,66.5315509],[-173.8332,66.5101599],[-173.7100889,66.4520101],[-173.7069106,66.368339],[-173.9760099,66.2344499],[-174.0175701,66.3193701],[-173.94091,66.34145],[-173.9712101,66.4574401],[-174.1453201,66.42204],[-174.45522,66.30541],[-174.47571,66.39147],[-174.43966,66.5287201],[-174.8636,66.62253],[-174.9432201,66.6812401],[-174.7007212,66.7707518],[-174.7359901,66.8744899],[-174.8700801,66.99751],[-174.9122101,67.0883999],[-174.8878323,67.2259],[-174.78719,67.3641099],[-175.2366201,67.55315],[-175.3207266,67.6705828],[-176.5318832,67.9997065],[-177.1058726,68.1655246],[-177.30869,68.23491],[-177.5028501,68.2006901],[-177.66131,68.22677],[-177.6413999,68.31896],[-177.9830001,68.4424001],[-178.41302,68.5690201],[-178.8812199,68.7658001],[-179.2517,68.84327],[-179.4867822,68.9204432],[-179.7320401,68.90616],[-180,68.97719],[-180,68.97568],[-180,68.9698101],[-180,68.9588655],[-180,68.9299964],[-180,68.9254943],[-180,68.5504098],[-180,68.5128817],[-180,68.3562908],[-180,67.9266575],[-180,67.5522267],[-180,67.1681375],[-180,66.9296325],[-180,66.9138303],[-180,66.893975],[-180,66.6405909],[-180,65.86605],[-180,65.8637],[-180,65.80333],[-180,65.47925],[-180,65.45421],[-180,65.44526],[-180,65.4319235],[-180,65.408068],[-180,65.3859153],[-180,65.3825244],[-180,65.360292],[-180,65.3301813],[-180,65.3243631],[-180,65.3113629],[-180,65.03847]]],[[[180,71.5342],[179.8957623,71.4812445],[179.5057775,71.4177961],[179.2169464,71.2794766],[178.9100418,71.2206833],[178.8433776,71.157696],[178.6319412,71.0740266],[178.6354437,71.0072796],[178.7878422,70.8310212],[178.8615648,70.795633],[179.2502965,70.8727758],[179.6049754,70.8703956],[179.8001377,70.9519485],[180,70.97585],[180,71.02525],[180,71.5342]]],[[[-180,70.97585],[-179.6813888,70.9494335],[-179.46173,70.8960799],[-179.1276801,70.8978301],[-178.70826,70.9607799],[-177.9160391,71.0225488],[-177.5836701,71.1026],[-177.4751899,71.1560901],[-177.44497,71.2361599],[-177.7491299,71.3055201],[-178.09692,71.472],[-178.3148899,71.5231199],[-178.7193599,71.5744],[-179.03913,71.58617],[-179.3582899,71.55171],[-179.7311025,71.5665531],[-180,71.5342],[-180,71.02525],[-180,70.97585]]],[[[168.7501,69.57368341116135],[169.1832704,69.5536443],[169.3030847,69.6494191],[169.3097738,69.7265252],[169.4519991,69.7950903],[169.4302184,69.8571161],[168.8663,69.926265],[168.4674616,70.0335566],[168.2016984,70.0047105],[167.9525559,69.9227255],[167.7919968,69.8166204],[168.0989588,69.7479719],[168.1598188,69.6829997],[168.7501,69.57368341116135]]]]},"properties":{"shapeName":"Chukotka Autonomous Okrug","shapeISO":"RU-CHU","shapeID":"28173009B11091203162490","shapeGroup":"RUS","shapeType":"ADM1"}},
{"type":"Feature","geometry":{"type":"Polygon","coordinates":[[[45.7735261,42.4882012],[45.734701,42.378317],[45.752271,42.308012],[45.650574,42.290635],[45.608972,42.233808],[45.647516,42.186408],[45.85526,42.113741],[46.038718,42.020105],[46.161577,41.990417],[46.2565038,42.0061291],[46.282439,41.945439],[46.399361,41.940573],[46.5515978,41.8671492],[46.5853267,41.8027586],[46.7599041,41.8616888],[46.7659415,41.8010102],[46.9995115,41.6413435],[47.1027615,41.5917252],[47.2421247,41.4463479],[47.2900199,41.3245874],[47.3745102,41.2727728],[47.4707206,41.257112],[47.5650785,41.1990111],[47.6191511,41.236722],[47.7820917,41.1858711],[47.8856094,41.2194184],[47.9501433,41.3511242],[48.0041762,41.3813838],[48.0647888,41.4922877],[48.2029665,41.5122831],[48.3773438,41.5910141],[48.5555695,41.7824065],[48.5920872,41.8424876],[48.4910693,41.9077997],[48.3609499,41.9568384],[48.2850663,42.1064187],[48.2413019,42.1356877],[48.1113543,42.3183491],[48.0117907,42.3914178],[47.8655049,42.5958572],[47.7925603,42.6076548],[47.7199632,42.7015788],[47.7113645,42.8321408],[47.5636685,42.9603492],[47.4695723,43.0044275],[47.4630451,43.0559497],[47.504703,43.2014504],[47.5484718,43.2571852],[47.4818997,43.3214615],[47.4863352,43.4013343],[47.5817789,43.7012928],[47.6894005,43.8659372],[47.5659861,43.8704538],[47.5457768,43.7963375],[47.4533762,43.8296016],[47.3702921,44.0086482],[47.2899546,44.0868732],[47.2394862,44.2024174],[47.1401715,44.2062615],[47.0805277,44.2452269],[47.004607,44.3656447],[46.7746271,44.3704013],[46.6798701,44.4679965],[46.7049326,44.656471],[46.7674174,44.7135897],[46.8657793,44.7440787],[46.8950267575438,44.8121003608434],[46.8307814,44.7627437],[46.7668412,44.8276111],[46.6350599,44.8610659],[46.5116418,44.9296499],[45.9692774,44.9807571],[45.7051159,44.9773628],[45.6134741,44.8739849],[45.6555365,44.8036917],[45.4123297,44.5941606],[45.2607203,44.5893439],[45.2267404,44.4675183],[45.3584139,44.4646549],[45.4290863,44.4288026],[45.3715098,44.2901445],[45.1366723,44.2537973],[45.1147647,44.1927015],[45.5029861,44.1756877],[45.4906809,44.0076503],[45.7107493,43.961883],[46.0711977,43.9305458],[46.0948785,43.8610809],[46.2158834,43.8592094],[46.2520022,43.9449294],[46.3588932,43.9438604],[46.4277894,43.9857344],[46.4513316,43.8751179],[46.5869177,43.8725943],[46.6551325,43.7935386],[46.5591809,43.7611629],[46.4551281,43.6631409],[46.411179,43.5099287],[46.3275714,43.4497803],[46.369918,43.3417467],[46.4238158,43.2788708],[46.3861927,43.1483129],[46.4772025,43.0040161],[46.4904473,42.9116951],[46.3709622,42.8642969],[46.1844643,42.8750918],[46.1147686,42.8015228],[46.1718736,42.7316125],[46.015303,42.6750381],[46.0209743,42.6167718],[45.7735261,42.4882012]]]},"properties":{"shapeName":"Dagestan","shapeISO":"RU-DA","shapeID":"28173009B24428243574749","shapeGroup":"RUS","shapeType":"ADM1"}},
{"type":"Feature","geometry":{"type":"Polygon","coordinates":[[[20.9537024,55.2808334],[20.68016,55.05776],[20.49989,54.96931],[20.36994,54.93758],[20.2708051,54.9631718],[20.1223128,54.9439384],[19.9786132,54.9610888],[19.9321023,54.9050841],[19.9637128,54.7950912],[20.0434307,54.7237571],[20.1807916,54.6915901],[20.2872423,54.6319655],[20.05915,54.54856],[19.9662109,54.5525377],[19.92409,54.49044],[19.8038606,54.4424045],[20.8184429,54.3600101],[21.2743252,54.3283928],[21.495703,54.3240149],[22.1527864,54.3365712],[22.784999,54.3637823],[22.7024083,54.4529277],[22.6860011,54.5908134],[22.7431308,54.6268434],[22.7417461,54.7283464],[22.8736471,54.7889331],[22.8552363,54.8878829],[22.6034903,55.0133192],[22.2952759,55.0645085],[22.1012082,55.0242318],[21.7577873,55.1240833],[21.6491949,55.1808113],[21.5072743,55.1854818],[21.3843708,55.2936996],[21.17915,55.19712],[21.24843,54.96189],[21.2048832,54.9184574],[20.99762,54.89107],[20.743396,54.934646],[20.5440967,54.9440481],[20.7067,55.05808],[20.9504789,55.2520014],[20.9537024,55.2808334]]]},"properties":{"shapeName":"Kaliningrad","shapeISO":"RU-KGD","shapeID":"28173009B40138449315491","shapeGroup":"RUS","shapeType":"ADM1"}},
{"type":"Feature","geometry":{"type":"Polygon","coordinates":[[[50.7681628,51.7730366],[50.871413,51.7534621],[50.8936136,51.6813752],[51.2023495,51.6671161],[51.380206,51.6412431],[51.3803263,51.56343],[51.286546,51.4877849],[51.4315407,51.4748531],[51.6400036,51.5384631],[51.6558683,51.4486144],[51.8135514,51.4970155],[51.7710736,51.5820159],[51.8940949,51.6834084],[52.0900606,51.6583765],[52.3353647,51.7433187],[52.4504278,51.6232537],[52.5654375,51.4635576],[52.7903139,51.5136882],[52.904297,51.4774586],[53.3935775,51.4902611],[53.5752168,51.4245816],[53.595623,51.3061877],[53.6612586,51.2311666],[54.0279203,51.162229],[54.1370138,51.1082417],[54.1995816,50.9639403],[54.2818312,50.9108548],[54.5342429,50.8489222],[54.4735976,50.7784113],[54.4139409,50.6209511],[54.5436939,50.5274156],[54.6145442,50.5386862],[54.7301961,50.6175045],[54.6799286,50.7181722],[54.6983996,50.8925763],[54.5661596,50.9154967],[54.5683482,51.0186725],[54.7330286,51.0304109],[54.8937687,50.9210352],[55.1296619,50.8794654],[55.1466719,50.7971336],[55.384687,50.6546415],[55.5012703,50.6700957],[55.5348622,50.6140567],[55.660772,50.5601887],[56.0535877,50.6938707],[56.1364537,50.7533688],[56.1329906,50.8300875],[56.1813404,50.9378649],[56.3624428,50.9008085],[56.4602166,50.9649922],[56.4490912,51.0573679],[56.5104306,51.0789517],[56.6339416,50.9852328],[56.7518039,50.9815181],[56.6996787,51.0749557],[56.7847483,51.0938071],[56.8881298,51.0603432],[57.1453999,51.0875639],[57.1848637,51.114933],[57.3244273,50.9429064],[57.5070278,50.8759514],[57.5590535,50.9358247],[57.7360244,50.9277476],[57.7710682,51.1383543],[57.951559,51.086255],[58.0737425,51.1229271],[58.3423799,51.1468121],[58.3836744,51.0748381],[58.5216839,51.0835324],[58.6370453,50.985422],[58.5786111,50.93983],[58.5920341,50.8687071],[58.7743243,50.8155081],[58.8746353,50.6997444],[59.4186221,50.636758],[59.4578563,50.5429286],[59.5169415,50.5280741],[59.814103,50.5361125],[59.9090986,50.6358626],[59.9975098,50.6748481],[59.9727453,50.7686995],[60.0153456,50.8219131],[60.1880213,50.8392814],[60.1828422,50.778362],[60.3255457,50.6699979],[60.8086474,50.6562994],[61.449163,50.8063336],[61.567968,51.237725],[61.689558,51.255677],[61.549005,51.323379],[61.505234,51.406996],[61.2029797,51.4610683],[60.9998665,51.4686643],[60.9091982,51.5677311],[60.9356265,51.6152641],[60.538034,51.618012],[60.422119,51.6474006],[60.428865,51.79832],[60.16176,51.892194],[60.032716,51.913518],[60.001687,51.993295],[59.9077372,52.0399459],[59.9653598,52.1518157],[60.0606172,52.1807441],[60.173892,52.2602818],[60.1629979,52.4001195],[59.9182594,52.4220205],[59.8241659,52.4800584],[59.6775646,52.4086941],[59.2961421,52.4798256],[59.2274208,52.4248797],[59.2162566,52.2974766],[59.1656737,52.2765025],[59.0019077,52.3618883],[59.0018851,52.4246503],[58.8549267,52.4258061],[58.8370058,52.3557839],[58.9454276,52.3396888],[58.8847084,52.2444774],[58.7425545,52.2586696],[58.6167245,52.1365927],[58.6527155,52.0787872],[58.6556414,51.8930007],[58.5747318,51.8270339],[58.5749052,51.7716974],[58.3291646,51.7702344],[58.1646575,51.7183659],[58.1095348,51.7918769],[57.9551845,51.7937863],[57.9124084,51.8358304],[57.7543651,51.8253711],[57.6109246,51.7851072],[57.5737346,51.7256473],[57.4072745,51.6913956],[57.3058371,51.6070905],[57.1605066,51.5757378],[57.0955686,51.6670198],[56.9932574,51.7181484],[56.8861294,51.6771382],[56.8923021,51.6064332],[56.7743749,51.5850917],[56.7734364,51.6729489],[56.6349095,51.8984993],[56.7380484,51.9119272],[56.6590637,51.9857451],[56.7045979,52.0600578],[56.6223897,52.1241541],[56.4709086,52.1688438],[56.2681941,52.1219303],[56.2013518,52.1402014],[56.2379483,52.2186666],[56.3592062,52.280525],[56.4550195,52.298115],[56.4407411,52.4068946],[56.3510953,52.4969409],[56.1484437,52.6317004],[55.8482364,52.4703085],[55.8820598,52.3961547],[55.7704823,52.3471874],[55.6182746,52.3718953],[55.4961958,52.416898],[55.4639373,52.6246124],[55.3390693,52.7685658],[55.3483895,52.8527467],[55.1898949,52.8381667],[55.0639799,52.9478749],[54.9564625,53.119128],[54.9272619,53.2121668],[54.8152606,53.2660196],[54.7472654,53.2279965],[54.5516816,53.2631586],[54.5475721,53.3551775],[54.4019552,53.3693117],[54.3154796,53.4039069],[54.2537106,53.3618512],[54.0748136,53.4416628],[53.8507622,53.6840264],[53.644772,53.7531184],[53.5894663,53.8970097],[53.5006057,54.0561286],[53.3467834,54.0012957],[53.2872436,54.0873666],[53.1330621,54.0769046],[52.954906,54.2350493],[52.9341885,54.3084257],[52.6964251,54.3607571],[52.568276,54.3401279],[52.4293831,54.3108969],[52.3625532,54.191199],[52.2942377,54.1495123],[52.381433,54.0784023],[52.4788906,54.070534],[52.3719136,53.971878],[52.4077267,53.9500946],[52.3435302,53.7928424],[52.2778863,53.7414357],[52.1888369,53.5558802],[52.0926698,53.5418496],[52.0952334,53.4644772],[52.2118624,53.3808471],[52.1269179,53.2332007],[52.1622667,53.0877586],[52.0500116,53.0905673],[52.0418152,52.964568],[51.887143,52.9497739],[51.7665115,52.8003329],[51.7243193,52.6532467],[51.6167669,52.6458481],[51.4516725,52.5687622],[51.5481829,52.4620505],[51.3844924,52.3577474],[51.4078182,52.2253836],[51.4617113,52.2251795],[51.3914202,52.0692577],[51.2622591,52.0190035],[51.1268821,51.9261197],[51.0334738,51.9234953],[50.7681628,51.7730366]]]},"properties":{"shapeName":"Orenburg Oblast","shapeISO":"RU-ORE","shapeID":"28173009B76603557910928","shapeGroup":"RUS","shapeType":"ADM1"}},
{"type":"Feature","geometry":{"type":"MultiPolygon","coordinates":[[[[134.0056443,46.6549283],[133.9130956,46.5961777],[133.8456689,46.4811033],[133.9274219,46.4195403],[133.8706582,46.3612872],[133.9107072,46.2634815],[133.6817822,46.1376931],[133.735593,46.0540838],[133.6100345,45.941544],[133.5766486,45.8667041],[133.504872,45.8887458],[133.4401415,45.6487015],[133.3861574,45.5779486],[133.21288,45.5134533],[133.1410196,45.4339918],[133.1044137,45.2643557],[133.1303906,45.128027],[133.0374783,45.0564054],[132.9385865,45.0286642],[132.8470664,45.0579392],[132.6300877,44.8185784],[132.6405591,44.7186433],[132.6047708,44.6772772],[132.3995938,44.590251],[132.320085,44.5389965],[132.2415891,44.572884],[132.2397297,44.6664133],[132.079913,44.7041261],[132.0381683,44.7966474],[132.0974225,44.8519328],[132.1292802,44.9402061],[132.1008699,45.0183414],[131.9930181,45.0555826],[132.0569071,45.1105367],[131.9999188,45.1625114],[131.9815967,45.2702643],[131.87457,45.341122],[131.7788,45.243471],[131.673582,45.218937],[131.624375,45.07242],[131.427153,44.965099],[131.350092,44.987703],[131.270853,44.921278],[131.152235,44.944633],[131.094384,44.894324],[130.978932,44.865007],[131.1044767,44.7075263],[131.3032214,44.0439331],[131.2557281,44.0305325],[131.261229,43.9366797],[131.2096793,43.8332157],[131.224229,43.739045],[131.194796,43.533473],[131.296936,43.468961],[131.248746,43.267378],[131.199895,43.235233],[131.210188,43.148408],[131.095619,43.021124],[131.139761,42.943088],[131.010309,42.910465],[130.882053,42.850645],[130.658965,42.845129],[130.4593221,42.7699968],[130.405746,42.728885],[130.587829,42.66513],[130.6271758,42.5975765],[130.5532736,42.5184452],[130.6700985,42.3671121],[130.7470499,42.35924],[130.77732,42.4632501],[130.84228,42.47377],[130.83801,42.56469],[130.65382,42.6434701],[130.7214377,42.7014806],[130.8417401,42.6562601],[130.9460766,42.6554115],[131.1294999,42.6211101],[131.2015101,42.6332301],[131.2586601,42.77173],[131.35121,42.78718],[131.4347,42.8627343],[131.3782855,42.9172968],[131.4748866,42.9461691],[131.5485776,43.0031925],[131.69486,43.1652],[131.7775337,43.1794411],[131.75714,43.32972],[131.8291834,43.2975379],[131.89535,43.3206131],[132.0565584,43.2863734],[131.9209081,43.2033171],[131.8617073,43.1019068],[131.9626346,43.0751411],[132.1308515,43.1962063],[132.2589453,43.2693727],[132.3900376,43.1894977],[132.3406332,43.1452563],[132.3057976,43.0235397],[132.2922483,42.8786334],[132.4376826,42.934284],[132.5692634,42.8616115],[132.6911511,42.8534085],[132.7388985,42.9102161],[132.8085597,42.7589264],[132.8936573,42.7659484],[132.9054466,42.8332728],[132.9872845,42.8326319],[133.0503167,42.7620976],[133.0188875,42.7131029],[133.1500508,42.6852638],[133.2321773,42.7513652],[133.3594274,42.7616131],[133.5990816,42.8326461],[133.7459937,42.8444547],[133.815248,42.8864836],[133.9559795,42.9055758],[134.049657,42.9734134],[134.1256813,42.9950266],[134.1870936,43.0718829],[134.3445666,43.1125342],[134.5572966,43.2365718],[134.7012277,43.2999385],[135.0356052,43.4811724],[135.1412472,43.5052188],[135.1750249,43.609783],[135.2781622,43.6864664],[135.3718973,43.7251556],[135.5025592,43.8497994],[135.4717227,43.9022912],[135.5302322,44.0085258],[135.6323413,44.0353227],[135.6481633,44.1758391],[135.7960806,44.2661538],[135.8811011,44.4125327],[136.0356557,44.4469099],[136.1466014,44.4956243],[136.227784,44.5842855],[136.2474299,44.6826822],[136.337882,44.7308494],[136.353221,44.799028],[136.4373486,44.8185622],[136.6350476,45.0272815],[136.7663348,45.094402],[136.8016365,45.1986603],[136.9299651,45.2584075],[137.0603763,45.3540759],[137.138798,45.3752553],[137.1964049,45.4522481],[137.2969522,45.5213622],[137.3591489,45.6132753],[137.4887477,45.6733925],[137.6875762,45.8100448],[137.7725058,45.9471008],[137.9288997,46.0738288],[138.1048718,46.240996],[138.0963654,46.2898023],[138.1887336,46.4594335],[138.3419107,46.5386902],[138.3475965,46.6917404],[138.4211024,46.8100793],[138.4830338,46.8554555],[138.5020906,46.937795],[138.6035915,47.0747181],[138.7037088,47.137501],[138.8374943,47.2747994],[138.9843928,47.3469416],[139.0329652,47.3960422],[138.8627036,47.4695892],[138.7253471,47.4405688],[138.5368395,47.4819826],[138.5962751,47.520015],[138.6304004,47.6042303],[138.5066953,47.6770505],[138.7377442,47.7698777],[138.8069864,47.8191741],[138.7728641,47.8827834],[138.5748839,48.0476385],[138.6998508,48.1167459],[138.703497,48.2101053],[138.6019868,48.1800907],[138.4626458,48.3187729],[138.500415,48.3802612],[138.3965876,48.4439374],[138.2360407,48.4433425],[138.099146,48.3278537],[137.928393,48.2280687],[137.8345691,48.2093181],[137.6781973,48.2482801],[137.4513236,48.2029607],[137.3370902,48.1092047],[137.336029,48.0563297],[137.5157681,47.9761693],[137.6109635,47.8989955],[137.4824361,47.8569413],[137.4530388,47.7844176],[137.5950121,47.8050148],[137.7766069,47.7205449],[137.8785276,47.7516564],[138.0493943,47.6796315],[137.9730781,47.6148327],[138.0674163,47.591873],[138.0778571,47.5119821],[137.9177869,47.4069883],[137.7367611,47.3301031],[137.5932144,47.3137972],[137.4651865,47.2094468],[137.3355872,47.2123088],[137.2310221,47.2830457],[137.0813252,47.3040031],[136.9480039,47.1663231],[136.9261876,47.0686949],[136.9781124,47.0249226],[136.8947155,46.9566907],[136.6249284,46.7982703],[136.4012768,46.8209449],[136.3600786,46.7633695],[136.1470128,46.8070001],[136.0541057,46.8674376],[135.9868257,46.7964376],[135.8366676,46.8285927],[135.807087,46.8842191],[135.6827333,46.9654889],[135.5837798,46.9771455],[135.4277521,46.9265849],[135.3443932,46.929801],[135.4215648,47.0561648],[135.292227,47.1281101],[135.0853181,47.2133998],[135.0197229,47.1441089],[134.9217336,47.1305247],[134.8403045,47.1684669],[134.66213,47.1242906],[134.5764786,46.9929092],[134.4528455,46.9202426],[134.4074271,46.8609995],[134.4730999,46.7718525],[134.3877296,46.6753918],[134.2085516,46.6523228],[134.0056443,46.6549283]]],[[[131.8360331,42.9545514],[131.932,42.99242],[131.8116646,43.0477472],[131.7716225,43.0003338],[131.8360331,42.9545514]]]]},"properties":{"shapeName":"Primorsky Krai","shapeISO":"RU-PRI","shapeID":"28173009B46831765844996","shapeGroup":"RUS","shapeType":"ADM1"}},
{"type":"Feature","geometry":{"type":"Polygon","coordinates":[[[57.4062372,56.3426599],[57.2850383,56.3047391],[57.2054746,56.2377766],[57.2098049,56.1778778],[57.0818551,56.1615693],[56.9213333,56.1038833],[56.7830045,56.1643459],[56.4072305,56.4037904],[56.2801289,56.308069],[56.0793659,56.2950955],[55.9525358,56.3737547],[55.9198666,56.4495474],[55.7743094,56.445925],[55.6919546,56.4084864],[55.5220327,56.3807459],[55.4595571,56.3316083],[55.323118,56.3156761],[54.9375177,56.3706545],[54.6707693,56.4982761],[54.5398,56.5114],[54.4864,56.4107],[54.377579,56.3787016],[54.3978011,56.2644097],[54.1995402,56.2008647],[54.0879202,56.1083299],[54.0357823,56.0220814],[53.8453601,56.044852],[53.8181919,55.972239],[53.6974777,55.9255983],[53.8888098,55.8596566],[53.9917501,55.8474494],[54.1715136,55.7168372],[54.2654458,55.7031721],[54.1074516,55.5837323],[53.9656894,55.5295296],[53.9786236,55.4658699],[53.8619558,55.3659091],[53.7227509,55.3263473],[53.6022691,55.2626421],[53.616626,55.2143228],[53.4097306,55.2249706],[53.3186728,55.1622197],[53.1582942,55.1657165],[53.1702968,55.1051996],[53.2695046,55.048659],[53.4834269,54.9690025],[53.5930664,54.8096818],[53.6177229,54.6969798],[53.4324791,54.5713934],[53.4296146,54.4311516],[53.3969055,54.3699434],[53.423514,54.2307946],[53.5006057,54.0561286],[53.5894663,53.8970097],[53.644772,53.7531184],[53.8507622,53.6840264],[54.0748136,53.4416628],[54.2537106,53.3618512],[54.3154796,53.4039069],[54.4019552,53.3693117],[54.5475721,53.3551775],[54.5516816,53.2631586],[54.7472654,53.2279965],[54.8152606,53.2660196],[54.9272619,53.2121668],[54.9564625,53.119128],[55.0639799,52.9478749],[55.1898949,52.8381667],[55.3483895,52.8527467],[55.3390693,52.7685658],[55.4639373,52.6246124],[55.4961958,52.416898],[55.6182746,52.3718953],[55.7704823,52.3471874],[55.8820598,52.3961547],[55.8482364,52.4703085],[56.1484437,52.6317004],[56.3510953,52.4969409],[56.4407411,52.4068946],[56.4550195,52.298115],[56.3592062,52.280525],[56.2379483,52.2186666],[56.2013518,52.1402014],[56.2681941,52.1219303],[56.4709086,52.1688438],[56.6223897,52.1241541],[56.7045979,52.0600578],[56.6590637,51.9857451],[56.7380484,51.9119272],[56.6349095,51.8984993],[56.7734364,51.6729489],[56.7743749,51.5850917],[56.8923021,51.6064332],[56.8861294,51.6771382],[56.9932574,51.7181484],[57.0955686,51.6670198],[57.1605066,51.5757378],[57.3058371,51.6070905],[57.4072745,51.6913956],[57.5737346,51.7256473],[57.6109246,51.7851072],[57.7543651,51.8253711],[57.9124084,51.8358304],[57.9551845,51.7937863],[58.1095348,51.7918769],[58.1646575,51.7183659],[58.3291646,51.7702344],[58.5749052,51.7716974],[58.5747318,51.8270339],[58.6556414,51.8930007],[58.6527155,52.0787872],[58.6167245,52.1365927],[58.7425545,52.2586696],[58.8847084,52.2444774],[58.9454276,52.3396888],[58.8370058,52.3557839],[58.8549267,52.4258061],[58.781245,52.5203942],[58.8240275,52.5932987],[58.7510163,52.6110183],[58.8046568,52.6950863],[58.7608004,52.8496324],[58.8391271,53.0240174],[58.9134139,53.0560534],[58.9002097,53.2765211],[58.9063739,53.5477025],[58.813353,53.5916035],[58.9068655,53.642514],[58.9255235,53.7848268],[58.907744,53.8626625],[59.0002316,53.951602],[59.1087896,53.9562862],[59.1881846,54.0035948],[59.3256543,54.1877931],[59.5253477,54.1861246],[59.7079825,54.1416393],[59.7892914,54.2443443],[59.7550187,54.3142678],[59.6717898,54.3396502],[59.7399009,54.4556587],[59.6822137,54.5224423],[59.8537755,54.6090243],[59.9469169,54.7698728],[59.8754793,54.8384325],[59.6179759,54.9061115],[59.5368198,54.8414086],[59.5227732,54.779786],[59.2888449,54.6582413],[59.2633032,54.6168933],[59.0653429,54.6496712],[58.9536968,54.5843707],[58.7392463,54.5369058],[58.7149824,54.4778905],[58.5872672,54.4640001],[58.4361344,54.5439265],[58.3499261,54.5511627],[58.1692103,54.5025757],[58.0121238,54.3967833],[57.901312,54.4206983],[57.7533609,54.5016684],[57.7460433,54.5818603],[57.6270537,54.6176723],[57.5923555,54.6793475],[57.2449659,54.7724688],[57.1566258,54.8703292],[57.2594339,54.9502587],[57.1932785,54.986291],[57.1312877,55.0850495],[57.2415464,55.1496001],[57.2632555,55.2191517],[57.3939475,55.3172277],[57.5301008,55.3370193],[57.6412906,55.3014792],[57.8828859,55.3023335],[58.0231612,55.2765261],[58.126613,55.2177253],[57.9960939,55.0889431],[58.0327489,55.027908],[57.9329207,54.9486171],[58.0050815,54.9061528],[58.1129998,54.9449475],[58.1940301,55.0717253],[58.1297055,55.1271217],[58.2632403,55.1717355],[58.344839,55.1498983],[58.4297302,55.0662803],[58.422069,55.0179082],[58.5976801,54.9562879],[58.7270877,54.9678638],[58.8064926,55.0287153],[58.6930342,55.1507349],[58.7253838,55.2896785],[59.1600409,55.3424192],[59.183238,55.4684315],[59.2813664,55.4639626],[59.5789421,55.5165952],[59.6549303,55.5918947],[59.4684945,55.5948279],[59.3358088,55.63157],[59.3205217,55.7613791],[59.2251193,55.8497628],[59.3190137,56.1290851],[59.0418325,56.1718059],[58.9606303,56.0652244],[58.7118111,56.0936576],[58.5828061,56.1651704],[58.511075,56.1706656],[58.3845276,56.0817762],[58.1645412,56.1407151],[57.9139237,56.1072334],[57.8938241,56.1416229],[57.6862416,56.1366225],[57.6457978,56.0930412],[57.5160961,56.0972385],[57.5057578,56.1995851],[57.4067532,56.2720783],[57.4062372,56.3426599]]]},"properties":{"shapeName":"Bashkortostan","shapeISO":"RU-BA","shapeID":"28173009B30250450380208","shapeGroup":"RUS","shapeType":"ADM1"}}
]}